solid OpenSCAD_Model
  facet normal 1 -0 0
    outer loop
      vertex 115 0 45
      vertex 115 90 0
      vertex 115 90 45
    endloop
  endfacet
  facet normal 1 0 0
    outer loop
      vertex 115 90 0
      vertex 115 0 45
      vertex 115 0 0
    endloop
  endfacet
  facet normal 0 0 -1
    outer loop
      vertex 0 0 0
      vertex 115 90 0
      vertex 115 0 0
    endloop
  endfacet
  facet normal -0 0 -1
    outer loop
      vertex 115 90 0
      vertex 0 0 0
      vertex 0 90 0
    endloop
  endfacet
  facet normal -1 0 0
    outer loop
      vertex 0 69.6 22.6
      vertex 0 90 0
      vertex 0 69.6 10.75
    endloop
  endfacet
  facet normal -1 0 0
    outer loop
      vertex 0 90 0
      vertex 0 56.75 10.75
      vertex 0 69.6 10.75
    endloop
  endfacet
  facet normal -1 0 0
    outer loop
      vertex 0 41.6534 14.4946
      vertex 0 56.75 10.75
      vertex 0 41.675 14
    endloop
  endfacet
  facet normal -1 0 0
    outer loop
      vertex 0 37.4688 8.51837
      vertex 0 56.75 10.75
      vertex 0 90 0
    endloop
  endfacet
  facet normal -1 0 0
    outer loop
      vertex 0 56.75 10.75
      vertex 0 41.6534 13.5054
      vertex 0 41.675 14
    endloop
  endfacet
  facet normal -1 0 0
    outer loop
      vertex 0 56.75 10.75
      vertex 0 41.5888 13.0145
      vertex 0 41.6534 13.5054
    endloop
  endfacet
  facet normal -1 0 0
    outer loop
      vertex 0 56.75 10.75
      vertex 0 41.4816 12.5312
      vertex 0 41.5888 13.0145
    endloop
  endfacet
  facet normal -1 0 0
    outer loop
      vertex 0 56.75 10.75
      vertex 0 41.3328 12.059
      vertex 0 41.4816 12.5312
    endloop
  endfacet
  facet normal -1 0 0
    outer loop
      vertex 0 56.75 10.75
      vertex 0 41.1433 11.6016
      vertex 0 41.3328 12.059
    endloop
  endfacet
  facet normal -1 0 0
    outer loop
      vertex 0 56.75 10.75
      vertex 0 40.9147 11.1625
      vertex 0 41.1433 11.6016
    endloop
  endfacet
  facet normal -1 -0 0
    outer loop
      vertex 0 56.75 10.75
      vertex 0 40.6487 10.745
      vertex 0 40.9147 11.1625
    endloop
  endfacet
  facet normal -1 0 0
    outer loop
      vertex 0 56.75 10.75
      vertex 0 40.3473 10.3522
      vertex 0 40.6487 10.745
    endloop
  endfacet
  facet normal -1 0 0
    outer loop
      vertex 0 56.75 10.75
      vertex 0 40.0128 9.98717
      vertex 0 40.3473 10.3522
    endloop
  endfacet
  facet normal -1 0 0
    outer loop
      vertex 0 56.75 10.75
      vertex 0 39.6478 9.6527
      vertex 0 40.0128 9.98717
    endloop
  endfacet
  facet normal -1 0 0
    outer loop
      vertex 0 56.75 10.75
      vertex 0 39.255 9.35131
      vertex 0 39.6478 9.6527
    endloop
  endfacet
  facet normal -1 0 0
    outer loop
      vertex 0 56.75 10.75
      vertex 0 38.8375 9.08531
      vertex 0 39.255 9.35131
    endloop
  endfacet
  facet normal -1 0 0
    outer loop
      vertex 0 56.75 10.75
      vertex 0 38.3984 8.8567
      vertex 0 38.8375 9.08531
    endloop
  endfacet
  facet normal -1 0 0
    outer loop
      vertex 0 56.75 10.75
      vertex 0 37.941 8.66724
      vertex 0 38.3984 8.8567
    endloop
  endfacet
  facet normal -1 0 0
    outer loop
      vertex 0 56.75 10.75
      vertex 0 37.4688 8.51837
      vertex 0 37.941 8.66724
    endloop
  endfacet
  facet normal -1 0 0
    outer loop
      vertex 0 90 0
      vertex 0 36.9855 8.41122
      vertex 0 37.4688 8.51837
    endloop
  endfacet
  facet normal -1 0 0
    outer loop
      vertex 0 90 0
      vertex 0 36.4946 8.34659
      vertex 0 36.9855 8.41122
    endloop
  endfacet
  facet normal -1 0 0
    outer loop
      vertex 0 0 0
      vertex 0 36.4946 8.34659
      vertex 0 90 0
    endloop
  endfacet
  facet normal -1 0 0
    outer loop
      vertex 0 36.4946 8.34659
      vertex 0 0 0
      vertex 0 36 8.325
    endloop
  endfacet
  facet normal -1 -0 0
    outer loop
      vertex 0 36 8.325
      vertex 0 0 0
      vertex 0 35.5054 8.34659
    endloop
  endfacet
  facet normal -1 0 0
    outer loop
      vertex 0 16.75 28
      vertex 0 30.325 14
      vertex 0 30.3466 13.5054
    endloop
  endfacet
  facet normal -1 0 0
    outer loop
      vertex 0 16.75 28
      vertex 0 30.3466 13.5054
      vertex 0 30.4112 13.0145
    endloop
  endfacet
  facet normal -1 0 0
    outer loop
      vertex 0 0 0
      vertex 0 30.4112 13.0145
      vertex 0 30.5184 12.5312
    endloop
  endfacet
  facet normal -1 0 0
    outer loop
      vertex 0 0 0
      vertex 0 30.5184 12.5312
      vertex 0 30.6672 12.059
    endloop
  endfacet
  facet normal -1 0 0
    outer loop
      vertex 0 0 0
      vertex 0 30.6672 12.059
      vertex 0 30.8567 11.6016
    endloop
  endfacet
  facet normal -1 0 0
    outer loop
      vertex 0 30.325 14
      vertex 0 16.75 28
      vertex 0 23.6 28
    endloop
  endfacet
  facet normal -1 0 0
    outer loop
      vertex 0 0 0
      vertex 0 30.8567 11.6016
      vertex 0 31.0853 11.1625
    endloop
  endfacet
  facet normal -1 0 0
    outer loop
      vertex 0 0 0
      vertex 0 31.0853 11.1625
      vertex 0 31.3513 10.745
    endloop
  endfacet
  facet normal -1 0 0
    outer loop
      vertex 0 0 0
      vertex 0 31.3513 10.745
      vertex 0 31.6527 10.3522
    endloop
  endfacet
  facet normal -1 0 0
    outer loop
      vertex 0 0 45
      vertex 0 16.75 28
      vertex 0 0 0
    endloop
  endfacet
  facet normal -1 -0 0
    outer loop
      vertex 0 30.4112 13.0145
      vertex 0 0 0
      vertex 0 16.75 28
    endloop
  endfacet
  facet normal -1 -0 0
    outer loop
      vertex 0 31.9872 9.98717
      vertex 0 0 0
      vertex 0 31.6527 10.3522
    endloop
  endfacet
  facet normal -1 -0 0
    outer loop
      vertex 0 32.3522 9.6527
      vertex 0 0 0
      vertex 0 31.9872 9.98717
    endloop
  endfacet
  facet normal -1 -0 0
    outer loop
      vertex 0 32.745 9.35131
      vertex 0 0 0
      vertex 0 32.3522 9.6527
    endloop
  endfacet
  facet normal -1 -0 0
    outer loop
      vertex 0 33.1625 9.08531
      vertex 0 0 0
      vertex 0 32.745 9.35131
    endloop
  endfacet
  facet normal -1 -0 0
    outer loop
      vertex 0 33.6016 8.8567
      vertex 0 0 0
      vertex 0 33.1625 9.08531
    endloop
  endfacet
  facet normal -1 -0 0
    outer loop
      vertex 0 34.059 8.66724
      vertex 0 0 0
      vertex 0 33.6016 8.8567
    endloop
  endfacet
  facet normal -1 -0 0
    outer loop
      vertex 0 34.5312 8.51837
      vertex 0 0 0
      vertex 0 34.059 8.66724
    endloop
  endfacet
  facet normal -1 -0 0
    outer loop
      vertex 0 35.0145 8.41122
      vertex 0 0 0
      vertex 0 34.5312 8.51837
    endloop
  endfacet
  facet normal -1 -0 0
    outer loop
      vertex 0 35.5054 8.34659
      vertex 0 0 0
      vertex 0 35.0145 8.41122
    endloop
  endfacet
  facet normal -1 0 0
    outer loop
      vertex 0 90 0
      vertex 0 69.6 22.6
      vertex 0 90 45
    endloop
  endfacet
  facet normal -1 0 0
    outer loop
      vertex 0 56.75 22.6
      vertex 0 90 45
      vertex 0 69.6 22.6
    endloop
  endfacet
  facet normal -1 0 0
    outer loop
      vertex 0 41.5888 14.9855
      vertex 0 56.75 10.75
      vertex 0 41.6534 14.4946
    endloop
  endfacet
  facet normal -1 0 0
    outer loop
      vertex 0 56.75 10.75
      vertex 0 41.5888 14.9855
      vertex 0 56.75 22.6
    endloop
  endfacet
  facet normal -1 0 0
    outer loop
      vertex 0 41.4816 15.4688
      vertex 0 56.75 22.6
      vertex 0 41.5888 14.9855
    endloop
  endfacet
  facet normal -1 0 0
    outer loop
      vertex 0 41.3328 15.941
      vertex 0 56.75 22.6
      vertex 0 41.4816 15.4688
    endloop
  endfacet
  facet normal -1 0 0
    outer loop
      vertex 0 41.1433 16.3984
      vertex 0 56.75 22.6
      vertex 0 41.3328 15.941
    endloop
  endfacet
  facet normal -1 0 0
    outer loop
      vertex 0 40.9147 16.8375
      vertex 0 56.75 22.6
      vertex 0 41.1433 16.3984
    endloop
  endfacet
  facet normal -1 0 0
    outer loop
      vertex 0 40.6487 17.255
      vertex 0 56.75 22.6
      vertex 0 40.9147 16.8375
    endloop
  endfacet
  facet normal -1 0 0
    outer loop
      vertex 0 40.3473 17.6478
      vertex 0 56.75 22.6
      vertex 0 40.6487 17.255
    endloop
  endfacet
  facet normal -1 0 0
    outer loop
      vertex 0 40.0128 18.0128
      vertex 0 56.75 22.6
      vertex 0 40.3473 17.6478
    endloop
  endfacet
  facet normal -1 0 0
    outer loop
      vertex 0 39.6478 18.3473
      vertex 0 56.75 22.6
      vertex 0 40.0128 18.0128
    endloop
  endfacet
  facet normal -1 0 0
    outer loop
      vertex 0 39.255 18.6487
      vertex 0 56.75 22.6
      vertex 0 39.6478 18.3473
    endloop
  endfacet
  facet normal -1 0 0
    outer loop
      vertex 0 38.8375 18.9147
      vertex 0 56.75 22.6
      vertex 0 39.255 18.6487
    endloop
  endfacet
  facet normal -1 0 0
    outer loop
      vertex 0 38.3984 19.1433
      vertex 0 56.75 22.6
      vertex 0 38.8375 18.9147
    endloop
  endfacet
  facet normal -1 0 0
    outer loop
      vertex 0 37.941 19.3328
      vertex 0 56.75 22.6
      vertex 0 38.3984 19.1433
    endloop
  endfacet
  facet normal -1 -0 0
    outer loop
      vertex 0 56.75 22.6
      vertex 0 37.941 19.3328
      vertex 0 23.6 36.35
    endloop
  endfacet
  facet normal -1 0 0
    outer loop
      vertex 0 23.6 36.35
      vertex 0 37.941 19.3328
      vertex 0 37.4688 19.4816
    endloop
  endfacet
  facet normal -1 0 0
    outer loop
      vertex 0 23.6 36.35
      vertex 0 37.4688 19.4816
      vertex 0 36.9855 19.5888
    endloop
  endfacet
  facet normal -1 0 0
    outer loop
      vertex 0 23.6 36.35
      vertex 0 36.9855 19.5888
      vertex 0 36.4946 19.6534
    endloop
  endfacet
  facet normal -1 0 0
    outer loop
      vertex 0 23.6 36.35
      vertex 0 36.4946 19.6534
      vertex 0 36 19.675
    endloop
  endfacet
  facet normal -1 0 0
    outer loop
      vertex 0 23.6 28
      vertex 0 36 19.675
      vertex 0 35.5054 19.6534
    endloop
  endfacet
  facet normal -1 0 0
    outer loop
      vertex 0 23.6 28
      vertex 0 35.5054 19.6534
      vertex 0 35.0145 19.5888
    endloop
  endfacet
  facet normal -1 0 0
    outer loop
      vertex 0 23.6 28
      vertex 0 35.0145 19.5888
      vertex 0 34.5312 19.4816
    endloop
  endfacet
  facet normal -1 0 0
    outer loop
      vertex 0 23.6 28
      vertex 0 34.5312 19.4816
      vertex 0 34.059 19.3328
    endloop
  endfacet
  facet normal -1 0 0
    outer loop
      vertex 0 23.6 28
      vertex 0 34.059 19.3328
      vertex 0 33.6016 19.1433
    endloop
  endfacet
  facet normal -1 0 0
    outer loop
      vertex 0 23.6 28
      vertex 0 30.3466 14.4946
      vertex 0 30.325 14
    endloop
  endfacet
  facet normal -1 0 0
    outer loop
      vertex 0 23.6 28
      vertex 0 30.4112 14.9855
      vertex 0 30.3466 14.4946
    endloop
  endfacet
  facet normal -1 0 0
    outer loop
      vertex 0 23.6 28
      vertex 0 30.5184 15.4688
      vertex 0 30.4112 14.9855
    endloop
  endfacet
  facet normal -1 0 0
    outer loop
      vertex 0 23.6 28
      vertex 0 30.6672 15.941
      vertex 0 30.5184 15.4688
    endloop
  endfacet
  facet normal -1 0 0
    outer loop
      vertex 0 23.6 28
      vertex 0 30.8567 16.3984
      vertex 0 30.6672 15.941
    endloop
  endfacet
  facet normal -1 0 0
    outer loop
      vertex 0 23.6 28
      vertex 0 31.0853 16.8375
      vertex 0 30.8567 16.3984
    endloop
  endfacet
  facet normal -1 0 0
    outer loop
      vertex 0 23.6 28
      vertex 0 31.3513 17.255
      vertex 0 31.0853 16.8375
    endloop
  endfacet
  facet normal -1 0 0
    outer loop
      vertex 0 23.6 28
      vertex 0 31.6527 17.6478
      vertex 0 31.3513 17.255
    endloop
  endfacet
  facet normal -1 0 0
    outer loop
      vertex 0 23.6 28
      vertex 0 31.9872 18.0128
      vertex 0 31.6527 17.6478
    endloop
  endfacet
  facet normal -1 0 0
    outer loop
      vertex 0 23.6 28
      vertex 0 32.3522 18.3473
      vertex 0 31.9872 18.0128
    endloop
  endfacet
  facet normal -1 0 0
    outer loop
      vertex 0 23.6 28
      vertex 0 32.745 18.6487
      vertex 0 32.3522 18.3473
    endloop
  endfacet
  facet normal -1 0 0
    outer loop
      vertex 0 23.6 28
      vertex 0 33.1625 18.9147
      vertex 0 32.745 18.6487
    endloop
  endfacet
  facet normal -1 0 0
    outer loop
      vertex 0 23.6 28
      vertex 0 33.6016 19.1433
      vertex 0 33.1625 18.9147
    endloop
  endfacet
  facet normal -1 0 0
    outer loop
      vertex 0 36 19.675
      vertex 0 23.6 28
      vertex 0 23.6 36.35
    endloop
  endfacet
  facet normal -1 0 0
    outer loop
      vertex 0 56.75 22.6
      vertex 0 23.6 36.35
      vertex 0 90 45
    endloop
  endfacet
  facet normal -1 0 0
    outer loop
      vertex 0 0 45
      vertex 0 23.6 36.35
      vertex 0 16.75 36.35
    endloop
  endfacet
  facet normal -1 0 0
    outer loop
      vertex 0 23.6 36.35
      vertex 0 0 45
      vertex 0 90 45
    endloop
  endfacet
  facet normal -1 0 0
    outer loop
      vertex 0 16.75 28
      vertex 0 0 45
      vertex 0 16.75 36.35
    endloop
  endfacet
  facet normal 0 1 -0
    outer loop
      vertex 115 90 0
      vertex 0 90 45
      vertex 115 90 45
    endloop
  endfacet
  facet normal 0 1 0
    outer loop
      vertex 0 90 45
      vertex 115 90 0
      vertex 0 90 0
    endloop
  endfacet
  facet normal 0 -1 0
    outer loop
      vertex 115 0 45
      vertex 106.671 0 28.7606
      vertex 107 0 28.775
    endloop
  endfacet
  facet normal 0 -1 0
    outer loop
      vertex 115 0 45
      vertex 106.344 0 28.7176
      vertex 106.671 0 28.7606
    endloop
  endfacet
  facet normal 0 -1 0
    outer loop
      vertex 93.6 0 37.6
      vertex 106.023 0 28.6464
      vertex 106.344 0 28.7176
    endloop
  endfacet
  facet normal 0 -1 0
    outer loop
      vertex 93.6 0 37.6
      vertex 105.709 0 28.5473
      vertex 106.023 0 28.6464
    endloop
  endfacet
  facet normal 0 -1 0
    outer loop
      vertex 93.6 0 37.6
      vertex 105.405 0 28.4213
      vertex 105.709 0 28.5473
    endloop
  endfacet
  facet normal 0 -1 0
    outer loop
      vertex 93.6 0 37.6
      vertex 105.113 0 28.2692
      vertex 105.405 0 28.4213
    endloop
  endfacet
  facet normal 0 -1 0
    outer loop
      vertex 93.6 0 37.6
      vertex 104.835 0 28.0923
      vertex 105.113 0 28.2692
    endloop
  endfacet
  facet normal 0 -1 0
    outer loop
      vertex 93.6 0 37.6
      vertex 104.573 0 27.8918
      vertex 104.835 0 28.0923
    endloop
  endfacet
  facet normal 0 -1 0
    outer loop
      vertex 93.6 0 37.6
      vertex 104.331 0 27.6693
      vertex 104.573 0 27.8918
    endloop
  endfacet
  facet normal 0 -1 0
    outer loop
      vertex 93.6 0 37.6
      vertex 104.108 0 27.4265
      vertex 104.331 0 27.6693
    endloop
  endfacet
  facet normal 0 -1 0
    outer loop
      vertex 93.6 0 37.6
      vertex 103.908 0 27.1653
      vertex 104.108 0 27.4265
    endloop
  endfacet
  facet normal 0 -1 0
    outer loop
      vertex 93.6 0 37.6
      vertex 103.731 0 26.8875
      vertex 103.908 0 27.1653
    endloop
  endfacet
  facet normal 0 -1 0
    outer loop
      vertex 93.6 0 37.6
      vertex 103.579 0 26.5954
      vertex 103.731 0 26.8875
    endloop
  endfacet
  facet normal 0 -1 0
    outer loop
      vertex 93.6 0 37.6
      vertex 103.453 0 26.2911
      vertex 103.579 0 26.5954
    endloop
  endfacet
  facet normal 0 -1 0
    outer loop
      vertex 93.6 0 37.6
      vertex 103.354 0 25.977
      vertex 103.453 0 26.2911
    endloop
  endfacet
  facet normal 0 -1 0
    outer loop
      vertex 93.6 0 37.6
      vertex 103.282 0 25.6555
      vertex 103.354 0 25.977
    endloop
  endfacet
  facet normal 0 -1 0
    outer loop
      vertex 93.6 0 37.6
      vertex 103.239 0 25.329
      vertex 103.282 0 25.6555
    endloop
  endfacet
  facet normal 0 -1 0
    outer loop
      vertex 93.6 0 37.6
      vertex 103.225 0 25
      vertex 103.239 0 25.329
    endloop
  endfacet
  facet normal 0 -1 0
    outer loop
      vertex 93.6 0 12.75
      vertex 103.225 0 25
      vertex 93.6 0 37.6
    endloop
  endfacet
  facet normal 0 -1 -0
    outer loop
      vertex 103.225 0 25
      vertex 93.6 0 12.75
      vertex 103.239 0 24.671
    endloop
  endfacet
  facet normal 0 -1 -0
    outer loop
      vertex 103.239 0 24.671
      vertex 93.6 0 12.75
      vertex 103.282 0 24.3445
    endloop
  endfacet
  facet normal 0 -1 -0
    outer loop
      vertex 103.282 0 24.3445
      vertex 93.6 0 12.75
      vertex 103.354 0 24.023
    endloop
  endfacet
  facet normal 0 -1 -0
    outer loop
      vertex 103.354 0 24.023
      vertex 93.6 0 12.75
      vertex 103.453 0 23.7089
    endloop
  endfacet
  facet normal 0 -1 -0
    outer loop
      vertex 103.453 0 23.7089
      vertex 93.6 0 12.75
      vertex 103.579 0 23.4046
    endloop
  endfacet
  facet normal 0 -1 -0
    outer loop
      vertex 103.579 0 23.4046
      vertex 93.6 0 12.75
      vertex 103.731 0 23.1125
    endloop
  endfacet
  facet normal 0 -1 0
    outer loop
      vertex 115 0 0
      vertex 106.671 0 21.2394
      vertex 93.6 0 12.75
    endloop
  endfacet
  facet normal 0 -1 -0
    outer loop
      vertex 106.344 0 21.2824
      vertex 93.6 0 12.75
      vertex 106.671 0 21.2394
    endloop
  endfacet
  facet normal 0 -1 -0
    outer loop
      vertex 106.023 0 21.3536
      vertex 93.6 0 12.75
      vertex 106.344 0 21.2824
    endloop
  endfacet
  facet normal 0 -1 -0
    outer loop
      vertex 105.709 0 21.4527
      vertex 93.6 0 12.75
      vertex 106.023 0 21.3536
    endloop
  endfacet
  facet normal 0 -1 -0
    outer loop
      vertex 105.405 0 21.5787
      vertex 93.6 0 12.75
      vertex 105.709 0 21.4527
    endloop
  endfacet
  facet normal 0 -1 -0
    outer loop
      vertex 105.113 0 21.7308
      vertex 93.6 0 12.75
      vertex 105.405 0 21.5787
    endloop
  endfacet
  facet normal 0 -1 -0
    outer loop
      vertex 104.835 0 21.9077
      vertex 93.6 0 12.75
      vertex 105.113 0 21.7308
    endloop
  endfacet
  facet normal 0 -1 -0
    outer loop
      vertex 104.573 0 22.1082
      vertex 93.6 0 12.75
      vertex 104.835 0 21.9077
    endloop
  endfacet
  facet normal 0 -1 -0
    outer loop
      vertex 104.331 0 22.3307
      vertex 93.6 0 12.75
      vertex 104.573 0 22.1082
    endloop
  endfacet
  facet normal 0 -1 -0
    outer loop
      vertex 104.108 0 22.5735
      vertex 93.6 0 12.75
      vertex 104.331 0 22.3307
    endloop
  endfacet
  facet normal 0 -1 -0
    outer loop
      vertex 103.908 0 22.8347
      vertex 93.6 0 12.75
      vertex 104.108 0 22.5735
    endloop
  endfacet
  facet normal 0 -1 -0
    outer loop
      vertex 103.731 0 23.1125
      vertex 93.6 0 12.75
      vertex 103.908 0 22.8347
    endloop
  endfacet
  facet normal 0 -1 0
    outer loop
      vertex 0 0 45
      vertex 21.75 0 37.6
      vertex 115 0 45
    endloop
  endfacet
  facet normal 0 -1 0
    outer loop
      vertex 0 0 45
      vertex 21.75 0 12.75
      vertex 21.75 0 37.6
    endloop
  endfacet
  facet normal 0 -1 -0
    outer loop
      vertex 21.75 0 12.75
      vertex 0 0 0
      vertex 93.6 0 12.75
    endloop
  endfacet
  facet normal 0 -1 0
    outer loop
      vertex 0 0 0
      vertex 21.75 0 12.75
      vertex 0 0 45
    endloop
  endfacet
  facet normal 0 -1 0
    outer loop
      vertex 93.6 0 37.6
      vertex 115 0 45
      vertex 21.75 0 37.6
    endloop
  endfacet
  facet normal 0 -1 0
    outer loop
      vertex 106.344 0 28.7176
      vertex 115 0 45
      vertex 93.6 0 37.6
    endloop
  endfacet
  facet normal 0 -1 0
    outer loop
      vertex 107.329 0 28.7606
      vertex 115 0 45
      vertex 107 0 28.775
    endloop
  endfacet
  facet normal 0 -1 0
    outer loop
      vertex 107.656 0 28.7176
      vertex 115 0 45
      vertex 107.329 0 28.7606
    endloop
  endfacet
  facet normal 0 -1 0
    outer loop
      vertex 107.977 0 28.6464
      vertex 115 0 45
      vertex 107.656 0 28.7176
    endloop
  endfacet
  facet normal 0 -1 0
    outer loop
      vertex 108.291 0 28.5473
      vertex 115 0 45
      vertex 107.977 0 28.6464
    endloop
  endfacet
  facet normal 0 -1 0
    outer loop
      vertex 108.595 0 28.4213
      vertex 115 0 45
      vertex 108.291 0 28.5473
    endloop
  endfacet
  facet normal 0 -1 0
    outer loop
      vertex 108.887 0 28.2692
      vertex 115 0 45
      vertex 108.595 0 28.4213
    endloop
  endfacet
  facet normal 0 -1 0
    outer loop
      vertex 109.165 0 28.0923
      vertex 115 0 45
      vertex 108.887 0 28.2692
    endloop
  endfacet
  facet normal 0 -1 0
    outer loop
      vertex 109.427 0 27.8918
      vertex 115 0 45
      vertex 109.165 0 28.0923
    endloop
  endfacet
  facet normal 0 -1 0
    outer loop
      vertex 109.669 0 27.6693
      vertex 115 0 45
      vertex 109.427 0 27.8918
    endloop
  endfacet
  facet normal 0 -1 0
    outer loop
      vertex 109.892 0 27.4265
      vertex 115 0 45
      vertex 109.669 0 27.6693
    endloop
  endfacet
  facet normal 0 -1 0
    outer loop
      vertex 110.092 0 27.1653
      vertex 115 0 45
      vertex 109.892 0 27.4265
    endloop
  endfacet
  facet normal 0 -1 0
    outer loop
      vertex 110.269 0 26.8875
      vertex 115 0 45
      vertex 110.092 0 27.1653
    endloop
  endfacet
  facet normal 0 -1 0
    outer loop
      vertex 110.421 0 26.5954
      vertex 115 0 45
      vertex 110.269 0 26.8875
    endloop
  endfacet
  facet normal 0 -1 0
    outer loop
      vertex 110.547 0 26.2911
      vertex 115 0 45
      vertex 110.421 0 26.5954
    endloop
  endfacet
  facet normal 0 -1 0
    outer loop
      vertex 110.646 0 25.977
      vertex 115 0 45
      vertex 110.547 0 26.2911
    endloop
  endfacet
  facet normal 0 -1 0
    outer loop
      vertex 110.718 0 25.6555
      vertex 115 0 45
      vertex 110.646 0 25.977
    endloop
  endfacet
  facet normal 0 -1 0
    outer loop
      vertex 110.761 0 25.329
      vertex 115 0 45
      vertex 110.718 0 25.6555
    endloop
  endfacet
  facet normal 0 -1 0
    outer loop
      vertex 110.775 0 25
      vertex 115 0 45
      vertex 110.761 0 25.329
    endloop
  endfacet
  facet normal 0 -1 0
    outer loop
      vertex 110.761 0 24.671
      vertex 115 0 45
      vertex 110.775 0 25
    endloop
  endfacet
  facet normal 0 -1 0
    outer loop
      vertex 115 0 0
      vertex 110.761 0 24.671
      vertex 110.718 0 24.3445
    endloop
  endfacet
  facet normal 0 -1 0
    outer loop
      vertex 106.671 0 21.2394
      vertex 115 0 0
      vertex 107 0 21.225
    endloop
  endfacet
  facet normal 0 -1 0
    outer loop
      vertex 107 0 21.225
      vertex 115 0 0
      vertex 107.329 0 21.2394
    endloop
  endfacet
  facet normal 0 -1 0
    outer loop
      vertex 107.329 0 21.2394
      vertex 115 0 0
      vertex 107.656 0 21.2824
    endloop
  endfacet
  facet normal 0 -1 0
    outer loop
      vertex 107.656 0 21.2824
      vertex 115 0 0
      vertex 107.977 0 21.3536
    endloop
  endfacet
  facet normal 0 -1 0
    outer loop
      vertex 107.977 0 21.3536
      vertex 115 0 0
      vertex 108.291 0 21.4527
    endloop
  endfacet
  facet normal 0 -1 0
    outer loop
      vertex 108.291 0 21.4527
      vertex 115 0 0
      vertex 108.595 0 21.5787
    endloop
  endfacet
  facet normal 0 -1 0
    outer loop
      vertex 110.761 0 24.671
      vertex 115 0 0
      vertex 115 0 45
    endloop
  endfacet
  facet normal 0 -1 0
    outer loop
      vertex 110.646 0 24.023
      vertex 115 0 0
      vertex 110.718 0 24.3445
    endloop
  endfacet
  facet normal 0 -1 0
    outer loop
      vertex 110.547 0 23.7089
      vertex 115 0 0
      vertex 110.646 0 24.023
    endloop
  endfacet
  facet normal 0 -1 0
    outer loop
      vertex 110.421 0 23.4046
      vertex 115 0 0
      vertex 110.547 0 23.7089
    endloop
  endfacet
  facet normal 0 -1 0
    outer loop
      vertex 110.269 0 23.1125
      vertex 115 0 0
      vertex 110.421 0 23.4046
    endloop
  endfacet
  facet normal 0 -1 0
    outer loop
      vertex 110.092 0 22.8347
      vertex 115 0 0
      vertex 110.269 0 23.1125
    endloop
  endfacet
  facet normal 0 -1 0
    outer loop
      vertex 109.892 0 22.5735
      vertex 115 0 0
      vertex 110.092 0 22.8347
    endloop
  endfacet
  facet normal 0 -1 0
    outer loop
      vertex 109.669 0 22.3307
      vertex 115 0 0
      vertex 109.892 0 22.5735
    endloop
  endfacet
  facet normal 0 -1 0
    outer loop
      vertex 109.427 0 22.1082
      vertex 115 0 0
      vertex 109.669 0 22.3307
    endloop
  endfacet
  facet normal 0 -1 0
    outer loop
      vertex 109.165 0 21.9077
      vertex 115 0 0
      vertex 109.427 0 22.1082
    endloop
  endfacet
  facet normal 0 -1 0
    outer loop
      vertex 108.887 0 21.7308
      vertex 115 0 0
      vertex 109.165 0 21.9077
    endloop
  endfacet
  facet normal 0 -1 0
    outer loop
      vertex 108.595 0 21.5787
      vertex 115 0 0
      vertex 108.887 0 21.7308
    endloop
  endfacet
  facet normal 0 -1 0
    outer loop
      vertex 115 0 0
      vertex 93.6 0 12.75
      vertex 0 0 0
    endloop
  endfacet
  facet normal -1 0 0
    outer loop
      vertex 112.5 2.5 2.5
      vertex 112.5 87.5 45
      vertex 112.5 87.5 2.5
    endloop
  endfacet
  facet normal -1 -0 0
    outer loop
      vertex 112.5 87.5 45
      vertex 112.5 2.5 2.5
      vertex 112.5 2.5 45
    endloop
  endfacet
  facet normal 0 0 1
    outer loop
      vertex 86.5717 74.5744 2.5
      vertex 39.8283 74.5744 2.5
      vertex 86.6885 74.35 2.5
    endloop
  endfacet
  facet normal 0 0 1
    outer loop
      vertex 86.9785 29.3641 2.5
      vertex 40.089 27.7528 2.5
      vertex 40.1 27.5 2.5
    endloop
  endfacet
  facet normal 0 0 1
    outer loop
      vertex 39.7115 74.35 2.5
      vertex 86.6885 74.35 2.5
      vertex 39.8283 74.5744 2.5
    endloop
  endfacet
  facet normal 0 0 1
    outer loop
      vertex 86.9785 29.3641 2.5
      vertex 40.0559 28.0036 2.5
      vertex 40.089 27.7528 2.5
    endloop
  endfacet
  facet normal 0 0 1
    outer loop
      vertex 86.6885 74.35 2.5
      vertex 39.7115 74.35 2.5
      vertex 86.8245 74.1366 2.5
    endloop
  endfacet
  facet normal 0 0 1
    outer loop
      vertex 86.9785 29.3641 2.5
      vertex 40.0012 28.2506 2.5
      vertex 40.0559 28.0036 2.5
    endloop
  endfacet
  facet normal 0 0 1
    outer loop
      vertex 39.5755 74.1366 2.5
      vertex 86.8245 74.1366 2.5
      vertex 39.7115 74.35 2.5
    endloop
  endfacet
  facet normal 0 0 1
    outer loop
      vertex 86.9785 29.3641 2.5
      vertex 39.9251 28.4919 2.5
      vertex 40.0012 28.2506 2.5
    endloop
  endfacet
  facet normal 0 0 1
    outer loop
      vertex 86.8245 74.1366 2.5
      vertex 39.5755 74.1366 2.5
      vertex 86.9785 73.9359 2.5
    endloop
  endfacet
  facet normal 0 0 1
    outer loop
      vertex 86.9785 29.3641 2.5
      vertex 39.8283 28.7256 2.5
      vertex 39.9251 28.4919 2.5
    endloop
  endfacet
  facet normal 0 0 1
    outer loop
      vertex 39.4215 73.9359 2.5
      vertex 86.9785 73.9359 2.5
      vertex 39.5755 74.1366 2.5
    endloop
  endfacet
  facet normal 0 0 1
    outer loop
      vertex 86.9785 29.3641 2.5
      vertex 39.7115 28.95 2.5
      vertex 39.8283 28.7256 2.5
    endloop
  endfacet
  facet normal 0 0 1
    outer loop
      vertex 86.9785 73.9359 2.5
      vertex 39.4215 73.9359 2.5
      vertex 86.9785 29.3641 2.5
    endloop
  endfacet
  facet normal 0 0 1
    outer loop
      vertex 86.9785 29.3641 2.5
      vertex 39.5755 29.1634 2.5
      vertex 39.7115 28.95 2.5
    endloop
  endfacet
  facet normal 0 0 1
    outer loop
      vertex 39.4215 29.3641 2.5
      vertex 86.9785 29.3641 2.5
      vertex 39.4215 73.9359 2.5
    endloop
  endfacet
  facet normal 0 0 1
    outer loop
      vertex 86.9785 29.3641 2.5
      vertex 39.4215 29.3641 2.5
      vertex 39.5755 29.1634 2.5
    endloop
  endfacet
  facet normal -0 0 1
    outer loop
      vertex 39.2506 73.7494 2.5
      vertex 39.4215 29.3641 2.5
      vertex 39.4215 73.9359 2.5
    endloop
  endfacet
  facet normal 0 0 1
    outer loop
      vertex 39.2506 73.7494 2.5
      vertex 39.2506 29.5506 2.5
      vertex 39.4215 29.3641 2.5
    endloop
  endfacet
  facet normal -0 0 1
    outer loop
      vertex 39.0641 73.5785 2.5
      vertex 39.2506 29.5506 2.5
      vertex 39.2506 73.7494 2.5
    endloop
  endfacet
  facet normal 0 0 1
    outer loop
      vertex 39.0641 73.5785 2.5
      vertex 39.0641 29.7215 2.5
      vertex 39.2506 29.5506 2.5
    endloop
  endfacet
  facet normal -0 0 1
    outer loop
      vertex 38.8634 73.4245 2.5
      vertex 39.0641 29.7215 2.5
      vertex 39.0641 73.5785 2.5
    endloop
  endfacet
  facet normal 0 0 1
    outer loop
      vertex 38.8634 73.4245 2.5
      vertex 38.8634 29.8755 2.5
      vertex 39.0641 29.7215 2.5
    endloop
  endfacet
  facet normal -0 0 1
    outer loop
      vertex 38.65 73.2885 2.5
      vertex 38.8634 29.8755 2.5
      vertex 38.8634 73.4245 2.5
    endloop
  endfacet
  facet normal 0 0 1
    outer loop
      vertex 38.65 73.2885 2.5
      vertex 38.65 30.0115 2.5
      vertex 38.8634 29.8755 2.5
    endloop
  endfacet
  facet normal -0 0 1
    outer loop
      vertex 38.4256 73.1717 2.5
      vertex 38.65 30.0115 2.5
      vertex 38.65 73.2885 2.5
    endloop
  endfacet
  facet normal 0 0 1
    outer loop
      vertex 38.4256 73.1717 2.5
      vertex 38.4256 30.1283 2.5
      vertex 38.65 30.0115 2.5
    endloop
  endfacet
  facet normal -0 0 1
    outer loop
      vertex 38.1919 73.0749 2.5
      vertex 38.4256 30.1283 2.5
      vertex 38.4256 73.1717 2.5
    endloop
  endfacet
  facet normal 0 0 1
    outer loop
      vertex 38.1919 73.0749 2.5
      vertex 38.1919 30.2251 2.5
      vertex 38.4256 30.1283 2.5
    endloop
  endfacet
  facet normal -0 0 1
    outer loop
      vertex 37.9506 72.9988 2.5
      vertex 38.1919 30.2251 2.5
      vertex 38.1919 73.0749 2.5
    endloop
  endfacet
  facet normal 0 0 1
    outer loop
      vertex 37.9506 72.9988 2.5
      vertex 37.9506 30.3012 2.5
      vertex 38.1919 30.2251 2.5
    endloop
  endfacet
  facet normal -0 0 1
    outer loop
      vertex 37.7036 72.9441 2.5
      vertex 37.9506 30.3012 2.5
      vertex 37.9506 72.9988 2.5
    endloop
  endfacet
  facet normal 0 0 1
    outer loop
      vertex 37.7036 72.9441 2.5
      vertex 37.7036 30.3559 2.5
      vertex 37.9506 30.3012 2.5
    endloop
  endfacet
  facet normal -0 0 1
    outer loop
      vertex 37.4528 72.911 2.5
      vertex 37.7036 30.3559 2.5
      vertex 37.7036 72.9441 2.5
    endloop
  endfacet
  facet normal 0 0 1
    outer loop
      vertex 37.4528 72.911 2.5
      vertex 37.4528 30.389 2.5
      vertex 37.7036 30.3559 2.5
    endloop
  endfacet
  facet normal -0 0 1
    outer loop
      vertex 37.2 72.9 2.5
      vertex 37.4528 30.389 2.5
      vertex 37.4528 72.911 2.5
    endloop
  endfacet
  facet normal 0 0 1
    outer loop
      vertex 37.2 72.9 2.5
      vertex 37.2 30.4 2.5
      vertex 37.4528 30.389 2.5
    endloop
  endfacet
  facet normal 0 0 1
    outer loop
      vertex 36.9473 72.911 2.5
      vertex 37.2 30.4 2.5
      vertex 37.2 72.9 2.5
    endloop
  endfacet
  facet normal 0 0 1
    outer loop
      vertex 36.9473 72.911 2.5
      vertex 36.9473 30.389 2.5
      vertex 37.2 30.4 2.5
    endloop
  endfacet
  facet normal 0 0 1
    outer loop
      vertex 36.6964 72.9441 2.5
      vertex 36.9473 30.389 2.5
      vertex 36.9473 72.911 2.5
    endloop
  endfacet
  facet normal 0 0 1
    outer loop
      vertex 36.6964 72.9441 2.5
      vertex 36.6964 30.3559 2.5
      vertex 36.9473 30.389 2.5
    endloop
  endfacet
  facet normal 0 0 1
    outer loop
      vertex 36.4494 72.9988 2.5
      vertex 36.6964 30.3559 2.5
      vertex 36.6964 72.9441 2.5
    endloop
  endfacet
  facet normal 0 0 1
    outer loop
      vertex 36.4494 72.9988 2.5
      vertex 36.4494 30.3012 2.5
      vertex 36.6964 30.3559 2.5
    endloop
  endfacet
  facet normal 0 0 1
    outer loop
      vertex 36.2081 73.0749 2.5
      vertex 36.4494 30.3012 2.5
      vertex 36.4494 72.9988 2.5
    endloop
  endfacet
  facet normal 0 0 1
    outer loop
      vertex 36.2081 73.0749 2.5
      vertex 36.2081 30.2251 2.5
      vertex 36.4494 30.3012 2.5
    endloop
  endfacet
  facet normal 0 0 1
    outer loop
      vertex 35.9744 73.1717 2.5
      vertex 36.2081 30.2251 2.5
      vertex 36.2081 73.0749 2.5
    endloop
  endfacet
  facet normal 0 0 1
    outer loop
      vertex 35.9744 73.1717 2.5
      vertex 35.9744 30.1283 2.5
      vertex 36.2081 30.2251 2.5
    endloop
  endfacet
  facet normal 0 0 1
    outer loop
      vertex 35.75 73.2885 2.5
      vertex 35.9744 30.1283 2.5
      vertex 35.9744 73.1717 2.5
    endloop
  endfacet
  facet normal 0 0 1
    outer loop
      vertex 35.75 73.2885 2.5
      vertex 35.75 30.0115 2.5
      vertex 35.9744 30.1283 2.5
    endloop
  endfacet
  facet normal 0 0 1
    outer loop
      vertex 35.5366 73.4245 2.5
      vertex 35.75 30.0115 2.5
      vertex 35.75 73.2885 2.5
    endloop
  endfacet
  facet normal 0 0 1
    outer loop
      vertex 35.5366 73.4245 2.5
      vertex 35.5366 29.8755 2.5
      vertex 35.75 30.0115 2.5
    endloop
  endfacet
  facet normal 0 0 1
    outer loop
      vertex 35.3359 73.5785 2.5
      vertex 35.5366 29.8755 2.5
      vertex 35.5366 73.4245 2.5
    endloop
  endfacet
  facet normal 0 0 1
    outer loop
      vertex 35.3359 73.5785 2.5
      vertex 35.3359 29.7215 2.5
      vertex 35.5366 29.8755 2.5
    endloop
  endfacet
  facet normal 0 0 1
    outer loop
      vertex 35.1494 73.7494 2.5
      vertex 35.3359 29.7215 2.5
      vertex 35.3359 73.5785 2.5
    endloop
  endfacet
  facet normal 0 0 1
    outer loop
      vertex 35.1494 73.7494 2.5
      vertex 35.1494 29.5506 2.5
      vertex 35.3359 29.7215 2.5
    endloop
  endfacet
  facet normal 0 0 1
    outer loop
      vertex 34.9785 73.9359 2.5
      vertex 35.1494 29.5506 2.5
      vertex 35.1494 73.7494 2.5
    endloop
  endfacet
  facet normal 0 0 1
    outer loop
      vertex 34.9785 73.9359 2.5
      vertex 34.9785 29.3641 2.5
      vertex 35.1494 29.5506 2.5
    endloop
  endfacet
  facet normal 0 0 1
    outer loop
      vertex 2.5 87.5 2.5
      vertex 34.9785 73.9359 2.5
      vertex 34.8245 74.1366 2.5
    endloop
  endfacet
  facet normal 0 0 1
    outer loop
      vertex 34.9785 73.9359 2.5
      vertex 2.5 87.5 2.5
      vertex 34.9785 29.3641 2.5
    endloop
  endfacet
  facet normal 0 0 1
    outer loop
      vertex 2.5 87.5 2.5
      vertex 34.8245 74.1366 2.5
      vertex 34.6885 74.35 2.5
    endloop
  endfacet
  facet normal 0 0 1
    outer loop
      vertex 34.9785 29.3641 2.5
      vertex 2.5 87.5 2.5
      vertex 34.8245 29.1634 2.5
    endloop
  endfacet
  facet normal 0 0 1
    outer loop
      vertex 2.5 87.5 2.5
      vertex 34.6885 74.35 2.5
      vertex 34.5717 74.5744 2.5
    endloop
  endfacet
  facet normal 0 0 1
    outer loop
      vertex 34.8245 29.1634 2.5
      vertex 2.5 87.5 2.5
      vertex 34.6885 28.95 2.5
    endloop
  endfacet
  facet normal 0 0 1
    outer loop
      vertex 2.5 87.5 2.5
      vertex 34.5717 74.5744 2.5
      vertex 34.4749 74.8081 2.5
    endloop
  endfacet
  facet normal 0 0 1
    outer loop
      vertex 34.6885 28.95 2.5
      vertex 2.5 87.5 2.5
      vertex 34.5717 28.7256 2.5
    endloop
  endfacet
  facet normal 0 0 1
    outer loop
      vertex 2.5 87.5 2.5
      vertex 34.4749 74.8081 2.5
      vertex 34.3988 75.0494 2.5
    endloop
  endfacet
  facet normal 0 0 1
    outer loop
      vertex 34.5717 28.7256 2.5
      vertex 2.5 87.5 2.5
      vertex 34.4749 28.4919 2.5
    endloop
  endfacet
  facet normal 0 0 1
    outer loop
      vertex 2.5 87.5 2.5
      vertex 34.3988 75.0494 2.5
      vertex 34.3441 75.2964 2.5
    endloop
  endfacet
  facet normal 0 0 1
    outer loop
      vertex 2.5 2.5 2.5
      vertex 34.4749 28.4919 2.5
      vertex 2.5 87.5 2.5
    endloop
  endfacet
  facet normal 0 0 1
    outer loop
      vertex 2.5 87.5 2.5
      vertex 34.3441 75.2964 2.5
      vertex 34.311 75.5472 2.5
    endloop
  endfacet
  facet normal 0 0 1
    outer loop
      vertex 34.4749 28.4919 2.5
      vertex 2.5 2.5 2.5
      vertex 34.3988 28.2506 2.5
    endloop
  endfacet
  facet normal 0 0 1
    outer loop
      vertex 2.5 87.5 2.5
      vertex 34.311 75.5472 2.5
      vertex 34.3 75.8 2.5
    endloop
  endfacet
  facet normal 0 0 1
    outer loop
      vertex 34.3988 28.2506 2.5
      vertex 2.5 2.5 2.5
      vertex 34.3441 28.0036 2.5
    endloop
  endfacet
  facet normal 0 0 1
    outer loop
      vertex 92.0559 75.2964 2.5
      vertex 112.5 87.5 2.5
      vertex 92.089 75.5472 2.5
    endloop
  endfacet
  facet normal 0 0 1
    outer loop
      vertex 112.5 87.5 2.5
      vertex 92.089 27.7528 2.5
      vertex 92.1 27.5 2.5
    endloop
  endfacet
  facet normal 0 0 1
    outer loop
      vertex 92.0012 75.0494 2.5
      vertex 112.5 87.5 2.5
      vertex 92.0559 75.2964 2.5
    endloop
  endfacet
  facet normal 0 0 1
    outer loop
      vertex 112.5 87.5 2.5
      vertex 92.0559 28.0036 2.5
      vertex 92.089 27.7528 2.5
    endloop
  endfacet
  facet normal 0 0 1
    outer loop
      vertex 91.9251 74.8081 2.5
      vertex 112.5 87.5 2.5
      vertex 92.0012 75.0494 2.5
    endloop
  endfacet
  facet normal 0 0 1
    outer loop
      vertex 112.5 87.5 2.5
      vertex 92.0012 28.2506 2.5
      vertex 92.0559 28.0036 2.5
    endloop
  endfacet
  facet normal 0 0 1
    outer loop
      vertex 91.8283 74.5744 2.5
      vertex 112.5 87.5 2.5
      vertex 91.9251 74.8081 2.5
    endloop
  endfacet
  facet normal 0 0 1
    outer loop
      vertex 112.5 87.5 2.5
      vertex 91.9251 28.4919 2.5
      vertex 92.0012 28.2506 2.5
    endloop
  endfacet
  facet normal 0 0 1
    outer loop
      vertex 91.7115 74.35 2.5
      vertex 112.5 87.5 2.5
      vertex 91.8283 74.5744 2.5
    endloop
  endfacet
  facet normal 0 0 1
    outer loop
      vertex 112.5 87.5 2.5
      vertex 91.8283 28.7256 2.5
      vertex 91.9251 28.4919 2.5
    endloop
  endfacet
  facet normal 0 0 1
    outer loop
      vertex 91.5755 74.1366 2.5
      vertex 112.5 87.5 2.5
      vertex 91.7115 74.35 2.5
    endloop
  endfacet
  facet normal 0 0 1
    outer loop
      vertex 112.5 87.5 2.5
      vertex 91.7115 28.95 2.5
      vertex 91.8283 28.7256 2.5
    endloop
  endfacet
  facet normal 0 0 1
    outer loop
      vertex 91.5755 29.1634 2.5
      vertex 112.5 87.5 2.5
      vertex 91.5755 74.1366 2.5
    endloop
  endfacet
  facet normal 0 0 1
    outer loop
      vertex 112.5 87.5 2.5
      vertex 91.5755 29.1634 2.5
      vertex 91.7115 28.95 2.5
    endloop
  endfacet
  facet normal -0 0 1
    outer loop
      vertex 91.4215 73.9359 2.5
      vertex 91.5755 29.1634 2.5
      vertex 91.5755 74.1366 2.5
    endloop
  endfacet
  facet normal 0 0 1
    outer loop
      vertex 91.4215 73.9359 2.5
      vertex 91.4215 29.3641 2.5
      vertex 91.5755 29.1634 2.5
    endloop
  endfacet
  facet normal -0 0 1
    outer loop
      vertex 91.2506 73.7494 2.5
      vertex 91.4215 29.3641 2.5
      vertex 91.4215 73.9359 2.5
    endloop
  endfacet
  facet normal 0 0 1
    outer loop
      vertex 91.2506 73.7494 2.5
      vertex 91.2506 29.5506 2.5
      vertex 91.4215 29.3641 2.5
    endloop
  endfacet
  facet normal -0 0 1
    outer loop
      vertex 91.0641 73.5785 2.5
      vertex 91.2506 29.5506 2.5
      vertex 91.2506 73.7494 2.5
    endloop
  endfacet
  facet normal 0 0 1
    outer loop
      vertex 91.0641 73.5785 2.5
      vertex 91.0641 29.7215 2.5
      vertex 91.2506 29.5506 2.5
    endloop
  endfacet
  facet normal -0 0 1
    outer loop
      vertex 90.8634 73.4245 2.5
      vertex 91.0641 29.7215 2.5
      vertex 91.0641 73.5785 2.5
    endloop
  endfacet
  facet normal 0 0 1
    outer loop
      vertex 90.8634 73.4245 2.5
      vertex 90.8634 29.8755 2.5
      vertex 91.0641 29.7215 2.5
    endloop
  endfacet
  facet normal -0 0 1
    outer loop
      vertex 90.65 73.2885 2.5
      vertex 90.8634 29.8755 2.5
      vertex 90.8634 73.4245 2.5
    endloop
  endfacet
  facet normal 0 0 1
    outer loop
      vertex 90.65 73.2885 2.5
      vertex 90.65 30.0115 2.5
      vertex 90.8634 29.8755 2.5
    endloop
  endfacet
  facet normal -0 0 1
    outer loop
      vertex 90.4256 73.1717 2.5
      vertex 90.65 30.0115 2.5
      vertex 90.65 73.2885 2.5
    endloop
  endfacet
  facet normal 0 0 1
    outer loop
      vertex 90.4256 73.1717 2.5
      vertex 90.4256 30.1283 2.5
      vertex 90.65 30.0115 2.5
    endloop
  endfacet
  facet normal -0 0 1
    outer loop
      vertex 90.1919 73.0749 2.5
      vertex 90.4256 30.1283 2.5
      vertex 90.4256 73.1717 2.5
    endloop
  endfacet
  facet normal 0 0 1
    outer loop
      vertex 90.1919 73.0749 2.5
      vertex 90.1919 30.2251 2.5
      vertex 90.4256 30.1283 2.5
    endloop
  endfacet
  facet normal -0 0 1
    outer loop
      vertex 89.9506 72.9988 2.5
      vertex 90.1919 30.2251 2.5
      vertex 90.1919 73.0749 2.5
    endloop
  endfacet
  facet normal 0 0 1
    outer loop
      vertex 89.9506 72.9988 2.5
      vertex 89.9506 30.3012 2.5
      vertex 90.1919 30.2251 2.5
    endloop
  endfacet
  facet normal -0 0 1
    outer loop
      vertex 89.7036 72.9441 2.5
      vertex 89.9506 30.3012 2.5
      vertex 89.9506 72.9988 2.5
    endloop
  endfacet
  facet normal 0 0 1
    outer loop
      vertex 89.7036 72.9441 2.5
      vertex 89.7036 30.3559 2.5
      vertex 89.9506 30.3012 2.5
    endloop
  endfacet
  facet normal -0 0 1
    outer loop
      vertex 89.4528 72.911 2.5
      vertex 89.7036 30.3559 2.5
      vertex 89.7036 72.9441 2.5
    endloop
  endfacet
  facet normal 0 0 1
    outer loop
      vertex 89.4528 72.911 2.5
      vertex 89.4528 30.389 2.5
      vertex 89.7036 30.3559 2.5
    endloop
  endfacet
  facet normal -0 0 1
    outer loop
      vertex 89.2 72.9 2.5
      vertex 89.4528 30.389 2.5
      vertex 89.4528 72.911 2.5
    endloop
  endfacet
  facet normal 0 0 1
    outer loop
      vertex 89.2 72.9 2.5
      vertex 89.2 30.4 2.5
      vertex 89.4528 30.389 2.5
    endloop
  endfacet
  facet normal 0 0 1
    outer loop
      vertex 88.9473 72.911 2.5
      vertex 89.2 30.4 2.5
      vertex 89.2 72.9 2.5
    endloop
  endfacet
  facet normal 0 0 1
    outer loop
      vertex 88.9473 72.911 2.5
      vertex 88.9473 30.389 2.5
      vertex 89.2 30.4 2.5
    endloop
  endfacet
  facet normal 0 0 1
    outer loop
      vertex 88.6964 72.9441 2.5
      vertex 88.9473 30.389 2.5
      vertex 88.9473 72.911 2.5
    endloop
  endfacet
  facet normal 0 0 1
    outer loop
      vertex 88.6964 72.9441 2.5
      vertex 88.6964 30.3559 2.5
      vertex 88.9473 30.389 2.5
    endloop
  endfacet
  facet normal 0 0 1
    outer loop
      vertex 88.4494 72.9988 2.5
      vertex 88.6964 30.3559 2.5
      vertex 88.6964 72.9441 2.5
    endloop
  endfacet
  facet normal 0 0 1
    outer loop
      vertex 88.4494 72.9988 2.5
      vertex 88.4494 30.3012 2.5
      vertex 88.6964 30.3559 2.5
    endloop
  endfacet
  facet normal 0 0 1
    outer loop
      vertex 88.2081 73.0749 2.5
      vertex 88.4494 30.3012 2.5
      vertex 88.4494 72.9988 2.5
    endloop
  endfacet
  facet normal 0 0 1
    outer loop
      vertex 88.2081 73.0749 2.5
      vertex 88.2081 30.2251 2.5
      vertex 88.4494 30.3012 2.5
    endloop
  endfacet
  facet normal 0 0 1
    outer loop
      vertex 87.9744 73.1717 2.5
      vertex 88.2081 30.2251 2.5
      vertex 88.2081 73.0749 2.5
    endloop
  endfacet
  facet normal 0 0 1
    outer loop
      vertex 87.9744 73.1717 2.5
      vertex 87.9744 30.1283 2.5
      vertex 88.2081 30.2251 2.5
    endloop
  endfacet
  facet normal 0 0 1
    outer loop
      vertex 87.75 73.2885 2.5
      vertex 87.9744 30.1283 2.5
      vertex 87.9744 73.1717 2.5
    endloop
  endfacet
  facet normal 0 0 1
    outer loop
      vertex 87.75 73.2885 2.5
      vertex 87.75 30.0115 2.5
      vertex 87.9744 30.1283 2.5
    endloop
  endfacet
  facet normal 0 0 1
    outer loop
      vertex 87.5366 73.4245 2.5
      vertex 87.75 30.0115 2.5
      vertex 87.75 73.2885 2.5
    endloop
  endfacet
  facet normal 0 0 1
    outer loop
      vertex 87.5366 73.4245 2.5
      vertex 87.5366 29.8755 2.5
      vertex 87.75 30.0115 2.5
    endloop
  endfacet
  facet normal 0 0 1
    outer loop
      vertex 87.3359 73.5785 2.5
      vertex 87.5366 29.8755 2.5
      vertex 87.5366 73.4245 2.5
    endloop
  endfacet
  facet normal 0 0 1
    outer loop
      vertex 87.3359 73.5785 2.5
      vertex 87.3359 29.7215 2.5
      vertex 87.5366 29.8755 2.5
    endloop
  endfacet
  facet normal 0 0 1
    outer loop
      vertex 87.1494 73.7494 2.5
      vertex 87.3359 29.7215 2.5
      vertex 87.3359 73.5785 2.5
    endloop
  endfacet
  facet normal 0 0 1
    outer loop
      vertex 87.1494 73.7494 2.5
      vertex 87.1494 29.5506 2.5
      vertex 87.3359 29.7215 2.5
    endloop
  endfacet
  facet normal 0 0 1
    outer loop
      vertex 86.9785 73.9359 2.5
      vertex 87.1494 29.5506 2.5
      vertex 87.1494 73.7494 2.5
    endloop
  endfacet
  facet normal 0 0 1
    outer loop
      vertex 86.9785 73.9359 2.5
      vertex 86.9785 29.3641 2.5
      vertex 87.1494 29.5506 2.5
    endloop
  endfacet
  facet normal 0 0 1
    outer loop
      vertex 39.9251 74.8081 2.5
      vertex 86.4749 74.8081 2.5
      vertex 40.0012 75.0494 2.5
    endloop
  endfacet
  facet normal 0 0 1
    outer loop
      vertex 86.4749 74.8081 2.5
      vertex 39.9251 74.8081 2.5
      vertex 86.5717 74.5744 2.5
    endloop
  endfacet
  facet normal 0 0 1
    outer loop
      vertex 86.3988 75.0494 2.5
      vertex 40.0012 75.0494 2.5
      vertex 86.4749 74.8081 2.5
    endloop
  endfacet
  facet normal 0 0 1
    outer loop
      vertex 39.8283 74.5744 2.5
      vertex 86.5717 74.5744 2.5
      vertex 39.9251 74.8081 2.5
    endloop
  endfacet
  facet normal 0 0 1
    outer loop
      vertex 40.0012 75.0494 2.5
      vertex 86.3988 75.0494 2.5
      vertex 40.0559 75.2964 2.5
    endloop
  endfacet
  facet normal 0 0 1
    outer loop
      vertex 86.9785 29.3641 2.5
      vertex 40.1 27.5 2.5
      vertex 86.8245 29.1634 2.5
    endloop
  endfacet
  facet normal 0 0 1
    outer loop
      vertex 86.3441 75.2964 2.5
      vertex 40.0559 75.2964 2.5
      vertex 86.3988 75.0494 2.5
    endloop
  endfacet
  facet normal 0 0 1
    outer loop
      vertex 86.8245 29.1634 2.5
      vertex 40.1 27.5 2.5
      vertex 86.6885 28.95 2.5
    endloop
  endfacet
  facet normal 0 0 1
    outer loop
      vertex 40.0559 75.2964 2.5
      vertex 86.3441 75.2964 2.5
      vertex 40.089 75.5472 2.5
    endloop
  endfacet
  facet normal 0 0 1
    outer loop
      vertex 86.6885 28.95 2.5
      vertex 40.1 27.5 2.5
      vertex 86.5717 28.7256 2.5
    endloop
  endfacet
  facet normal 0 0 1
    outer loop
      vertex 86.311 75.5472 2.5
      vertex 40.089 75.5472 2.5
      vertex 86.3441 75.2964 2.5
    endloop
  endfacet
  facet normal 0 0 1
    outer loop
      vertex 86.5717 28.7256 2.5
      vertex 40.1 27.5 2.5
      vertex 86.4749 28.4919 2.5
    endloop
  endfacet
  facet normal 0 0 1
    outer loop
      vertex 40.089 75.5472 2.5
      vertex 86.311 75.5472 2.5
      vertex 40.1 75.8 2.5
    endloop
  endfacet
  facet normal 0 0 1
    outer loop
      vertex 86.4749 28.4919 2.5
      vertex 40.1 27.5 2.5
      vertex 86.3988 28.2506 2.5
    endloop
  endfacet
  facet normal -0 0 1
    outer loop
      vertex 40.1 75.8 2.5
      vertex 86.311 75.5472 2.5
      vertex 86.3 75.8 2.5
    endloop
  endfacet
  facet normal 0 0 1
    outer loop
      vertex 86.3988 28.2506 2.5
      vertex 40.1 27.5 2.5
      vertex 86.3441 28.0036 2.5
    endloop
  endfacet
  facet normal 0 0 1
    outer loop
      vertex 92.089 75.5472 2.5
      vertex 112.5 87.5 2.5
      vertex 92.1 75.8 2.5
    endloop
  endfacet
  facet normal 0 0 1
    outer loop
      vertex 112.5 87.5 2.5
      vertex 92.089 76.0527 2.5
      vertex 92.1 75.8 2.5
    endloop
  endfacet
  facet normal 0 0 1
    outer loop
      vertex 112.5 87.5 2.5
      vertex 92.0559 76.3036 2.5
      vertex 92.089 76.0527 2.5
    endloop
  endfacet
  facet normal 0 0 1
    outer loop
      vertex 112.5 87.5 2.5
      vertex 92.0012 76.5506 2.5
      vertex 92.0559 76.3036 2.5
    endloop
  endfacet
  facet normal 0 0 1
    outer loop
      vertex 112.5 87.5 2.5
      vertex 91.9251 76.7919 2.5
      vertex 92.0012 76.5506 2.5
    endloop
  endfacet
  facet normal 0 0 1
    outer loop
      vertex 112.5 87.5 2.5
      vertex 91.8283 77.0256 2.5
      vertex 91.9251 76.7919 2.5
    endloop
  endfacet
  facet normal 0 0 1
    outer loop
      vertex 112.5 87.5 2.5
      vertex 91.7115 77.25 2.5
      vertex 91.8283 77.0256 2.5
    endloop
  endfacet
  facet normal 0 0 1
    outer loop
      vertex 112.5 87.5 2.5
      vertex 91.5755 77.4634 2.5
      vertex 91.7115 77.25 2.5
    endloop
  endfacet
  facet normal 0 0 1
    outer loop
      vertex 112.5 87.5 2.5
      vertex 91.4215 77.6641 2.5
      vertex 91.5755 77.4634 2.5
    endloop
  endfacet
  facet normal 0 0 1
    outer loop
      vertex 112.5 87.5 2.5
      vertex 91.2506 77.8506 2.5
      vertex 91.4215 77.6641 2.5
    endloop
  endfacet
  facet normal 0 0 1
    outer loop
      vertex 112.5 87.5 2.5
      vertex 91.0641 78.0215 2.5
      vertex 91.2506 77.8506 2.5
    endloop
  endfacet
  facet normal 0 0 1
    outer loop
      vertex 112.5 87.5 2.5
      vertex 90.8634 78.1755 2.5
      vertex 91.0641 78.0215 2.5
    endloop
  endfacet
  facet normal 0 0 1
    outer loop
      vertex 112.5 87.5 2.5
      vertex 90.65 78.3115 2.5
      vertex 90.8634 78.1755 2.5
    endloop
  endfacet
  facet normal 0 0 1
    outer loop
      vertex 112.5 87.5 2.5
      vertex 90.4256 78.4283 2.5
      vertex 90.65 78.3115 2.5
    endloop
  endfacet
  facet normal 0 0 1
    outer loop
      vertex 112.5 87.5 2.5
      vertex 90.1919 78.5251 2.5
      vertex 90.4256 78.4283 2.5
    endloop
  endfacet
  facet normal 0 0 1
    outer loop
      vertex 112.5 87.5 2.5
      vertex 89.9506 78.6012 2.5
      vertex 90.1919 78.5251 2.5
    endloop
  endfacet
  facet normal 0 0 1
    outer loop
      vertex 112.5 87.5 2.5
      vertex 89.7036 78.6559 2.5
      vertex 89.9506 78.6012 2.5
    endloop
  endfacet
  facet normal 0 0 1
    outer loop
      vertex 112.5 87.5 2.5
      vertex 89.4528 78.689 2.5
      vertex 89.7036 78.6559 2.5
    endloop
  endfacet
  facet normal 0 0 1
    outer loop
      vertex 112.5 87.5 2.5
      vertex 89.2 78.7 2.5
      vertex 89.4528 78.689 2.5
    endloop
  endfacet
  facet normal 0 0 1
    outer loop
      vertex 112.5 87.5 2.5
      vertex 88.9473 78.689 2.5
      vertex 89.2 78.7 2.5
    endloop
  endfacet
  facet normal 0 0 1
    outer loop
      vertex 112.5 87.5 2.5
      vertex 88.6964 78.6559 2.5
      vertex 88.9473 78.689 2.5
    endloop
  endfacet
  facet normal 0 0 1
    outer loop
      vertex 112.5 87.5 2.5
      vertex 88.4494 78.6012 2.5
      vertex 88.6964 78.6559 2.5
    endloop
  endfacet
  facet normal 0 0 1
    outer loop
      vertex 37.9506 78.6012 2.5
      vertex 88.4494 78.6012 2.5
      vertex 112.5 87.5 2.5
    endloop
  endfacet
  facet normal 0 0 1
    outer loop
      vertex 86.3441 28.0036 2.5
      vertex 40.1 27.5 2.5
      vertex 86.311 27.7528 2.5
    endloop
  endfacet
  facet normal 0 0 1
    outer loop
      vertex 86.311 76.0527 2.5
      vertex 40.1 75.8 2.5
      vertex 86.3 75.8 2.5
    endloop
  endfacet
  facet normal 0 0 1
    outer loop
      vertex 40.089 76.0527 2.5
      vertex 86.311 76.0527 2.5
      vertex 86.3441 76.3036 2.5
    endloop
  endfacet
  facet normal 0 0 1
    outer loop
      vertex 40.0559 76.3036 2.5
      vertex 86.3441 76.3036 2.5
      vertex 86.3988 76.5506 2.5
    endloop
  endfacet
  facet normal 0 0 1
    outer loop
      vertex 40.0012 76.5506 2.5
      vertex 86.3988 76.5506 2.5
      vertex 86.4749 76.7919 2.5
    endloop
  endfacet
  facet normal 0 0 1
    outer loop
      vertex 39.9251 76.7919 2.5
      vertex 86.4749 76.7919 2.5
      vertex 86.5717 77.0256 2.5
    endloop
  endfacet
  facet normal 0 0 1
    outer loop
      vertex 39.8283 77.0256 2.5
      vertex 86.5717 77.0256 2.5
      vertex 86.6885 77.25 2.5
    endloop
  endfacet
  facet normal 0 0 1
    outer loop
      vertex 39.7115 77.25 2.5
      vertex 86.6885 77.25 2.5
      vertex 86.8245 77.4634 2.5
    endloop
  endfacet
  facet normal 0 0 1
    outer loop
      vertex 39.5755 77.4634 2.5
      vertex 86.8245 77.4634 2.5
      vertex 86.9785 77.6641 2.5
    endloop
  endfacet
  facet normal 0 0 1
    outer loop
      vertex 39.4215 77.6641 2.5
      vertex 86.9785 77.6641 2.5
      vertex 87.1494 77.8506 2.5
    endloop
  endfacet
  facet normal 0 0 1
    outer loop
      vertex 39.2506 77.8506 2.5
      vertex 87.1494 77.8506 2.5
      vertex 87.3359 78.0215 2.5
    endloop
  endfacet
  facet normal 0 0 1
    outer loop
      vertex 39.0641 78.0215 2.5
      vertex 87.3359 78.0215 2.5
      vertex 87.5366 78.1755 2.5
    endloop
  endfacet
  facet normal 0 0 1
    outer loop
      vertex 38.8634 78.1755 2.5
      vertex 87.5366 78.1755 2.5
      vertex 87.75 78.3115 2.5
    endloop
  endfacet
  facet normal 0 0 1
    outer loop
      vertex 38.65 78.3115 2.5
      vertex 87.75 78.3115 2.5
      vertex 87.9744 78.4283 2.5
    endloop
  endfacet
  facet normal 0 0 1
    outer loop
      vertex 38.4256 78.4283 2.5
      vertex 87.9744 78.4283 2.5
      vertex 88.2081 78.5251 2.5
    endloop
  endfacet
  facet normal 0 0 1
    outer loop
      vertex 88.4494 78.6012 2.5
      vertex 37.9506 78.6012 2.5
      vertex 88.2081 78.5251 2.5
    endloop
  endfacet
  facet normal 0 0 1
    outer loop
      vertex 86.311 76.0527 2.5
      vertex 40.089 76.0527 2.5
      vertex 40.1 75.8 2.5
    endloop
  endfacet
  facet normal 0 0 1
    outer loop
      vertex 86.3441 76.3036 2.5
      vertex 40.0559 76.3036 2.5
      vertex 40.089 76.0527 2.5
    endloop
  endfacet
  facet normal 0 0 1
    outer loop
      vertex 86.3988 76.5506 2.5
      vertex 40.0012 76.5506 2.5
      vertex 40.0559 76.3036 2.5
    endloop
  endfacet
  facet normal 0 0 1
    outer loop
      vertex 86.4749 76.7919 2.5
      vertex 39.9251 76.7919 2.5
      vertex 40.0012 76.5506 2.5
    endloop
  endfacet
  facet normal 0 0 1
    outer loop
      vertex 86.5717 77.0256 2.5
      vertex 39.8283 77.0256 2.5
      vertex 39.9251 76.7919 2.5
    endloop
  endfacet
  facet normal 0 0 1
    outer loop
      vertex 86.6885 77.25 2.5
      vertex 39.7115 77.25 2.5
      vertex 39.8283 77.0256 2.5
    endloop
  endfacet
  facet normal 0 0 1
    outer loop
      vertex 86.8245 77.4634 2.5
      vertex 39.5755 77.4634 2.5
      vertex 39.7115 77.25 2.5
    endloop
  endfacet
  facet normal 0 0 1
    outer loop
      vertex 86.9785 77.6641 2.5
      vertex 39.4215 77.6641 2.5
      vertex 39.5755 77.4634 2.5
    endloop
  endfacet
  facet normal 0 0 1
    outer loop
      vertex 87.1494 77.8506 2.5
      vertex 39.2506 77.8506 2.5
      vertex 39.4215 77.6641 2.5
    endloop
  endfacet
  facet normal 0 0 1
    outer loop
      vertex 87.3359 78.0215 2.5
      vertex 39.0641 78.0215 2.5
      vertex 39.2506 77.8506 2.5
    endloop
  endfacet
  facet normal 0 0 1
    outer loop
      vertex 87.5366 78.1755 2.5
      vertex 38.8634 78.1755 2.5
      vertex 39.0641 78.0215 2.5
    endloop
  endfacet
  facet normal 0 0 1
    outer loop
      vertex 87.75 78.3115 2.5
      vertex 38.65 78.3115 2.5
      vertex 38.8634 78.1755 2.5
    endloop
  endfacet
  facet normal 0 0 1
    outer loop
      vertex 87.9744 78.4283 2.5
      vertex 38.4256 78.4283 2.5
      vertex 38.65 78.3115 2.5
    endloop
  endfacet
  facet normal 0 0 1
    outer loop
      vertex 88.2081 78.5251 2.5
      vertex 38.1919 78.5251 2.5
      vertex 38.4256 78.4283 2.5
    endloop
  endfacet
  facet normal 0 0 1
    outer loop
      vertex 88.2081 78.5251 2.5
      vertex 37.9506 78.6012 2.5
      vertex 38.1919 78.5251 2.5
    endloop
  endfacet
  facet normal 0 0 1
    outer loop
      vertex 112.5 87.5 2.5
      vertex 37.7036 78.6559 2.5
      vertex 37.9506 78.6012 2.5
    endloop
  endfacet
  facet normal 0 0 1
    outer loop
      vertex 112.5 87.5 2.5
      vertex 37.4528 78.689 2.5
      vertex 37.7036 78.6559 2.5
    endloop
  endfacet
  facet normal -0 0 1
    outer loop
      vertex 2.5 87.5 2.5
      vertex 37.4528 78.689 2.5
      vertex 112.5 87.5 2.5
    endloop
  endfacet
  facet normal 0 0 1
    outer loop
      vertex 37.4528 78.689 2.5
      vertex 2.5 87.5 2.5
      vertex 37.2 78.7 2.5
    endloop
  endfacet
  facet normal 0 0 1
    outer loop
      vertex 34.3441 28.0036 2.5
      vertex 2.5 2.5 2.5
      vertex 34.311 27.7528 2.5
    endloop
  endfacet
  facet normal 0 0 1
    outer loop
      vertex 34.311 76.0527 2.5
      vertex 2.5 87.5 2.5
      vertex 34.3 75.8 2.5
    endloop
  endfacet
  facet normal 0 0 1
    outer loop
      vertex 34.3441 76.3036 2.5
      vertex 2.5 87.5 2.5
      vertex 34.311 76.0527 2.5
    endloop
  endfacet
  facet normal 0 0 1
    outer loop
      vertex 34.3988 76.5506 2.5
      vertex 2.5 87.5 2.5
      vertex 34.3441 76.3036 2.5
    endloop
  endfacet
  facet normal 0 0 1
    outer loop
      vertex 34.4749 76.7919 2.5
      vertex 2.5 87.5 2.5
      vertex 34.3988 76.5506 2.5
    endloop
  endfacet
  facet normal 0 0 1
    outer loop
      vertex 34.5717 77.0256 2.5
      vertex 2.5 87.5 2.5
      vertex 34.4749 76.7919 2.5
    endloop
  endfacet
  facet normal 0 0 1
    outer loop
      vertex 34.6885 77.25 2.5
      vertex 2.5 87.5 2.5
      vertex 34.5717 77.0256 2.5
    endloop
  endfacet
  facet normal 0 0 1
    outer loop
      vertex 34.8245 77.4634 2.5
      vertex 2.5 87.5 2.5
      vertex 34.6885 77.25 2.5
    endloop
  endfacet
  facet normal 0 0 1
    outer loop
      vertex 34.9785 77.6641 2.5
      vertex 2.5 87.5 2.5
      vertex 34.8245 77.4634 2.5
    endloop
  endfacet
  facet normal 0 0 1
    outer loop
      vertex 35.1494 77.8506 2.5
      vertex 2.5 87.5 2.5
      vertex 34.9785 77.6641 2.5
    endloop
  endfacet
  facet normal 0 0 1
    outer loop
      vertex 35.3359 78.0215 2.5
      vertex 2.5 87.5 2.5
      vertex 35.1494 77.8506 2.5
    endloop
  endfacet
  facet normal 0 0 1
    outer loop
      vertex 35.5366 78.1755 2.5
      vertex 2.5 87.5 2.5
      vertex 35.3359 78.0215 2.5
    endloop
  endfacet
  facet normal 0 0 1
    outer loop
      vertex 35.75 78.3115 2.5
      vertex 2.5 87.5 2.5
      vertex 35.5366 78.1755 2.5
    endloop
  endfacet
  facet normal 0 0 1
    outer loop
      vertex 35.9744 78.4283 2.5
      vertex 2.5 87.5 2.5
      vertex 35.75 78.3115 2.5
    endloop
  endfacet
  facet normal 0 0 1
    outer loop
      vertex 36.2081 78.5251 2.5
      vertex 2.5 87.5 2.5
      vertex 35.9744 78.4283 2.5
    endloop
  endfacet
  facet normal 0 0 1
    outer loop
      vertex 36.4494 78.6012 2.5
      vertex 2.5 87.5 2.5
      vertex 36.2081 78.5251 2.5
    endloop
  endfacet
  facet normal 0 0 1
    outer loop
      vertex 36.6964 78.6559 2.5
      vertex 2.5 87.5 2.5
      vertex 36.4494 78.6012 2.5
    endloop
  endfacet
  facet normal 0 0 1
    outer loop
      vertex 36.9473 78.689 2.5
      vertex 2.5 87.5 2.5
      vertex 36.6964 78.6559 2.5
    endloop
  endfacet
  facet normal 0 0 1
    outer loop
      vertex 37.2 78.7 2.5
      vertex 2.5 87.5 2.5
      vertex 36.9473 78.689 2.5
    endloop
  endfacet
  facet normal 0 0 1
    outer loop
      vertex 112.5 87.5 2.5
      vertex 92.1 27.5 2.5
      vertex 112.5 2.5 2.5
    endloop
  endfacet
  facet normal -0 0 1
    outer loop
      vertex 92.089 27.2472 2.5
      vertex 112.5 2.5 2.5
      vertex 92.1 27.5 2.5
    endloop
  endfacet
  facet normal -0 0 1
    outer loop
      vertex 92.0559 26.9964 2.5
      vertex 112.5 2.5 2.5
      vertex 92.089 27.2472 2.5
    endloop
  endfacet
  facet normal -0 0 1
    outer loop
      vertex 92.0012 26.7494 2.5
      vertex 112.5 2.5 2.5
      vertex 92.0559 26.9964 2.5
    endloop
  endfacet
  facet normal -0 0 1
    outer loop
      vertex 91.9251 26.5081 2.5
      vertex 112.5 2.5 2.5
      vertex 92.0012 26.7494 2.5
    endloop
  endfacet
  facet normal -0 0 1
    outer loop
      vertex 91.8283 26.2744 2.5
      vertex 112.5 2.5 2.5
      vertex 91.9251 26.5081 2.5
    endloop
  endfacet
  facet normal -0 0 1
    outer loop
      vertex 91.7115 26.05 2.5
      vertex 112.5 2.5 2.5
      vertex 91.8283 26.2744 2.5
    endloop
  endfacet
  facet normal -0 0 1
    outer loop
      vertex 91.5755 25.8366 2.5
      vertex 112.5 2.5 2.5
      vertex 91.7115 26.05 2.5
    endloop
  endfacet
  facet normal -0 0 1
    outer loop
      vertex 91.4215 25.6359 2.5
      vertex 112.5 2.5 2.5
      vertex 91.5755 25.8366 2.5
    endloop
  endfacet
  facet normal -0 0 1
    outer loop
      vertex 91.2506 25.4494 2.5
      vertex 112.5 2.5 2.5
      vertex 91.4215 25.6359 2.5
    endloop
  endfacet
  facet normal -0 0 1
    outer loop
      vertex 91.0641 25.2785 2.5
      vertex 112.5 2.5 2.5
      vertex 91.2506 25.4494 2.5
    endloop
  endfacet
  facet normal -0 0 1
    outer loop
      vertex 90.8634 25.1245 2.5
      vertex 112.5 2.5 2.5
      vertex 91.0641 25.2785 2.5
    endloop
  endfacet
  facet normal -0 0 1
    outer loop
      vertex 90.65 24.9885 2.5
      vertex 112.5 2.5 2.5
      vertex 90.8634 25.1245 2.5
    endloop
  endfacet
  facet normal -0 0 1
    outer loop
      vertex 90.4256 24.8717 2.5
      vertex 112.5 2.5 2.5
      vertex 90.65 24.9885 2.5
    endloop
  endfacet
  facet normal -0 0 1
    outer loop
      vertex 90.1919 24.7749 2.5
      vertex 112.5 2.5 2.5
      vertex 90.4256 24.8717 2.5
    endloop
  endfacet
  facet normal -0 0 1
    outer loop
      vertex 89.9506 24.6988 2.5
      vertex 112.5 2.5 2.5
      vertex 90.1919 24.7749 2.5
    endloop
  endfacet
  facet normal -0 0 1
    outer loop
      vertex 89.7036 24.6441 2.5
      vertex 112.5 2.5 2.5
      vertex 89.9506 24.6988 2.5
    endloop
  endfacet
  facet normal -0 0 1
    outer loop
      vertex 89.4528 24.611 2.5
      vertex 112.5 2.5 2.5
      vertex 89.7036 24.6441 2.5
    endloop
  endfacet
  facet normal -0 0 1
    outer loop
      vertex 89.2 24.6 2.5
      vertex 112.5 2.5 2.5
      vertex 89.4528 24.611 2.5
    endloop
  endfacet
  facet normal 0 0 1
    outer loop
      vertex 88.9473 24.611 2.5
      vertex 112.5 2.5 2.5
      vertex 89.2 24.6 2.5
    endloop
  endfacet
  facet normal 0 0 1
    outer loop
      vertex 88.6964 24.6441 2.5
      vertex 112.5 2.5 2.5
      vertex 88.9473 24.611 2.5
    endloop
  endfacet
  facet normal 0 0 1
    outer loop
      vertex 88.4494 24.6988 2.5
      vertex 112.5 2.5 2.5
      vertex 88.6964 24.6441 2.5
    endloop
  endfacet
  facet normal 0 0 1
    outer loop
      vertex 88.2081 24.7749 2.5
      vertex 112.5 2.5 2.5
      vertex 88.4494 24.6988 2.5
    endloop
  endfacet
  facet normal 0 0 1
    outer loop
      vertex 87.9744 24.8717 2.5
      vertex 112.5 2.5 2.5
      vertex 88.2081 24.7749 2.5
    endloop
  endfacet
  facet normal 0 0 1
    outer loop
      vertex 38.4256 24.8717 2.5
      vertex 87.9744 24.8717 2.5
      vertex 87.75 24.9885 2.5
    endloop
  endfacet
  facet normal 0 0 1
    outer loop
      vertex 38.65 24.9885 2.5
      vertex 87.75 24.9885 2.5
      vertex 87.5366 25.1245 2.5
    endloop
  endfacet
  facet normal 0 0 1
    outer loop
      vertex 38.8634 25.1245 2.5
      vertex 87.5366 25.1245 2.5
      vertex 87.3359 25.2785 2.5
    endloop
  endfacet
  facet normal 0 0 1
    outer loop
      vertex 86.311 27.7528 2.5
      vertex 40.1 27.5 2.5
      vertex 86.3 27.5 2.5
    endloop
  endfacet
  facet normal 0 0 1
    outer loop
      vertex 86.3 27.5 2.5
      vertex 40.1 27.5 2.5
      vertex 86.311 27.2472 2.5
    endloop
  endfacet
  facet normal 0 0 1
    outer loop
      vertex 40.089 27.2472 2.5
      vertex 86.311 27.2472 2.5
      vertex 40.1 27.5 2.5
    endloop
  endfacet
  facet normal 0 0 1
    outer loop
      vertex 86.311 27.2472 2.5
      vertex 40.089 27.2472 2.5
      vertex 86.3441 26.9964 2.5
    endloop
  endfacet
  facet normal 0 0 1
    outer loop
      vertex 40.0559 26.9964 2.5
      vertex 86.3441 26.9964 2.5
      vertex 40.089 27.2472 2.5
    endloop
  endfacet
  facet normal 0 0 1
    outer loop
      vertex 86.3441 26.9964 2.5
      vertex 40.0559 26.9964 2.5
      vertex 86.3988 26.7494 2.5
    endloop
  endfacet
  facet normal 0 0 1
    outer loop
      vertex 40.0012 26.7494 2.5
      vertex 86.3988 26.7494 2.5
      vertex 40.0559 26.9964 2.5
    endloop
  endfacet
  facet normal 0 0 1
    outer loop
      vertex 86.3988 26.7494 2.5
      vertex 40.0012 26.7494 2.5
      vertex 86.4749 26.5081 2.5
    endloop
  endfacet
  facet normal 0 0 1
    outer loop
      vertex 39.9251 26.5081 2.5
      vertex 86.4749 26.5081 2.5
      vertex 40.0012 26.7494 2.5
    endloop
  endfacet
  facet normal 0 0 1
    outer loop
      vertex 86.4749 26.5081 2.5
      vertex 39.9251 26.5081 2.5
      vertex 86.5717 26.2744 2.5
    endloop
  endfacet
  facet normal 0 0 1
    outer loop
      vertex 39.8283 26.2744 2.5
      vertex 86.5717 26.2744 2.5
      vertex 39.9251 26.5081 2.5
    endloop
  endfacet
  facet normal 0 0 1
    outer loop
      vertex 86.5717 26.2744 2.5
      vertex 39.8283 26.2744 2.5
      vertex 86.6885 26.05 2.5
    endloop
  endfacet
  facet normal 0 0 1
    outer loop
      vertex 39.7115 26.05 2.5
      vertex 86.6885 26.05 2.5
      vertex 39.8283 26.2744 2.5
    endloop
  endfacet
  facet normal 0 0 1
    outer loop
      vertex 86.6885 26.05 2.5
      vertex 39.7115 26.05 2.5
      vertex 86.8245 25.8366 2.5
    endloop
  endfacet
  facet normal 0 0 1
    outer loop
      vertex 39.5755 25.8366 2.5
      vertex 86.8245 25.8366 2.5
      vertex 39.7115 26.05 2.5
    endloop
  endfacet
  facet normal 0 0 1
    outer loop
      vertex 86.8245 25.8366 2.5
      vertex 39.5755 25.8366 2.5
      vertex 86.9785 25.6359 2.5
    endloop
  endfacet
  facet normal 0 0 1
    outer loop
      vertex 39.4215 25.6359 2.5
      vertex 86.9785 25.6359 2.5
      vertex 39.5755 25.8366 2.5
    endloop
  endfacet
  facet normal 0 0 1
    outer loop
      vertex 86.9785 25.6359 2.5
      vertex 39.4215 25.6359 2.5
      vertex 87.1494 25.4494 2.5
    endloop
  endfacet
  facet normal 0 0 1
    outer loop
      vertex 39.2506 25.4494 2.5
      vertex 87.1494 25.4494 2.5
      vertex 39.4215 25.6359 2.5
    endloop
  endfacet
  facet normal 0 0 1
    outer loop
      vertex 87.1494 25.4494 2.5
      vertex 39.2506 25.4494 2.5
      vertex 87.3359 25.2785 2.5
    endloop
  endfacet
  facet normal 0 0 1
    outer loop
      vertex 39.0641 25.2785 2.5
      vertex 87.3359 25.2785 2.5
      vertex 39.2506 25.4494 2.5
    endloop
  endfacet
  facet normal 0 0 1
    outer loop
      vertex 38.8634 25.1245 2.5
      vertex 87.3359 25.2785 2.5
      vertex 39.0641 25.2785 2.5
    endloop
  endfacet
  facet normal 0 0 1
    outer loop
      vertex 87.5366 25.1245 2.5
      vertex 38.8634 25.1245 2.5
      vertex 38.65 24.9885 2.5
    endloop
  endfacet
  facet normal 0 0 1
    outer loop
      vertex 87.75 24.9885 2.5
      vertex 38.65 24.9885 2.5
      vertex 38.4256 24.8717 2.5
    endloop
  endfacet
  facet normal 0 0 1
    outer loop
      vertex 87.9744 24.8717 2.5
      vertex 38.4256 24.8717 2.5
      vertex 112.5 2.5 2.5
    endloop
  endfacet
  facet normal -0 0 1
    outer loop
      vertex 38.1919 24.7749 2.5
      vertex 112.5 2.5 2.5
      vertex 38.4256 24.8717 2.5
    endloop
  endfacet
  facet normal -0 0 1
    outer loop
      vertex 37.9506 24.6988 2.5
      vertex 112.5 2.5 2.5
      vertex 38.1919 24.7749 2.5
    endloop
  endfacet
  facet normal 0 0 1
    outer loop
      vertex 2.5 2.5 2.5
      vertex 37.9506 24.6988 2.5
      vertex 37.7036 24.6441 2.5
    endloop
  endfacet
  facet normal 0 0 1
    outer loop
      vertex 2.5 2.5 2.5
      vertex 37.7036 24.6441 2.5
      vertex 37.4528 24.611 2.5
    endloop
  endfacet
  facet normal 0 0 1
    outer loop
      vertex 2.5 2.5 2.5
      vertex 37.4528 24.611 2.5
      vertex 37.2 24.6 2.5
    endloop
  endfacet
  facet normal 0 0 1
    outer loop
      vertex 2.5 2.5 2.5
      vertex 37.2 24.6 2.5
      vertex 36.9473 24.611 2.5
    endloop
  endfacet
  facet normal 0 0 1
    outer loop
      vertex 2.5 2.5 2.5
      vertex 36.9473 24.611 2.5
      vertex 36.6964 24.6441 2.5
    endloop
  endfacet
  facet normal 0 0 1
    outer loop
      vertex 2.5 2.5 2.5
      vertex 36.6964 24.6441 2.5
      vertex 36.4494 24.6988 2.5
    endloop
  endfacet
  facet normal 0 0 1
    outer loop
      vertex 34.311 27.7528 2.5
      vertex 2.5 2.5 2.5
      vertex 34.3 27.5 2.5
    endloop
  endfacet
  facet normal 0 0 1
    outer loop
      vertex 34.3 27.5 2.5
      vertex 2.5 2.5 2.5
      vertex 34.311 27.2472 2.5
    endloop
  endfacet
  facet normal 0 0 1
    outer loop
      vertex 34.311 27.2472 2.5
      vertex 2.5 2.5 2.5
      vertex 34.3441 26.9964 2.5
    endloop
  endfacet
  facet normal 0 0 1
    outer loop
      vertex 34.3441 26.9964 2.5
      vertex 2.5 2.5 2.5
      vertex 34.3988 26.7494 2.5
    endloop
  endfacet
  facet normal 0 0 1
    outer loop
      vertex 34.3988 26.7494 2.5
      vertex 2.5 2.5 2.5
      vertex 34.4749 26.5081 2.5
    endloop
  endfacet
  facet normal 0 0 1
    outer loop
      vertex 34.4749 26.5081 2.5
      vertex 2.5 2.5 2.5
      vertex 34.5717 26.2744 2.5
    endloop
  endfacet
  facet normal 0 0 1
    outer loop
      vertex 37.9506 24.6988 2.5
      vertex 2.5 2.5 2.5
      vertex 112.5 2.5 2.5
    endloop
  endfacet
  facet normal 0 0 1
    outer loop
      vertex 36.2081 24.7749 2.5
      vertex 2.5 2.5 2.5
      vertex 36.4494 24.6988 2.5
    endloop
  endfacet
  facet normal 0 0 1
    outer loop
      vertex 35.9744 24.8717 2.5
      vertex 2.5 2.5 2.5
      vertex 36.2081 24.7749 2.5
    endloop
  endfacet
  facet normal 0 0 1
    outer loop
      vertex 35.75 24.9885 2.5
      vertex 2.5 2.5 2.5
      vertex 35.9744 24.8717 2.5
    endloop
  endfacet
  facet normal 0 0 1
    outer loop
      vertex 35.5366 25.1245 2.5
      vertex 2.5 2.5 2.5
      vertex 35.75 24.9885 2.5
    endloop
  endfacet
  facet normal 0 0 1
    outer loop
      vertex 35.3359 25.2785 2.5
      vertex 2.5 2.5 2.5
      vertex 35.5366 25.1245 2.5
    endloop
  endfacet
  facet normal 0 0 1
    outer loop
      vertex 35.1494 25.4494 2.5
      vertex 2.5 2.5 2.5
      vertex 35.3359 25.2785 2.5
    endloop
  endfacet
  facet normal 0 0 1
    outer loop
      vertex 34.9785 25.6359 2.5
      vertex 2.5 2.5 2.5
      vertex 35.1494 25.4494 2.5
    endloop
  endfacet
  facet normal 0 0 1
    outer loop
      vertex 34.8245 25.8366 2.5
      vertex 2.5 2.5 2.5
      vertex 34.9785 25.6359 2.5
    endloop
  endfacet
  facet normal 0 0 1
    outer loop
      vertex 34.6885 26.05 2.5
      vertex 2.5 2.5 2.5
      vertex 34.8245 25.8366 2.5
    endloop
  endfacet
  facet normal 0 0 1
    outer loop
      vertex 34.5717 26.2744 2.5
      vertex 2.5 2.5 2.5
      vertex 34.6885 26.05 2.5
    endloop
  endfacet
  facet normal 0 0 1
    outer loop
      vertex 38.769 27.6373 2.5
      vertex 38.769 27.3627 2.5
      vertex 38.775 27.5 2.5
    endloop
  endfacet
  facet normal 0 0 1
    outer loop
      vertex 38.7511 27.7735 2.5
      vertex 38.769 27.3627 2.5
      vertex 38.769 27.6373 2.5
    endloop
  endfacet
  facet normal 0 0 1
    outer loop
      vertex 38.7511 27.7735 2.5
      vertex 38.7511 27.2265 2.5
      vertex 38.769 27.3627 2.5
    endloop
  endfacet
  facet normal 0 0 1
    outer loop
      vertex 38.7213 27.9076 2.5
      vertex 38.7511 27.2265 2.5
      vertex 38.7511 27.7735 2.5
    endloop
  endfacet
  facet normal 0 0 1
    outer loop
      vertex 38.7213 27.9076 2.5
      vertex 38.7213 27.0924 2.5
      vertex 38.7511 27.2265 2.5
    endloop
  endfacet
  facet normal 0 0 1
    outer loop
      vertex 38.68 28.0387 2.5
      vertex 38.7213 27.0924 2.5
      vertex 38.7213 27.9076 2.5
    endloop
  endfacet
  facet normal 0 0 1
    outer loop
      vertex 38.68 28.0387 2.5
      vertex 38.68 26.9613 2.5
      vertex 38.7213 27.0924 2.5
    endloop
  endfacet
  facet normal 0 0 1
    outer loop
      vertex 38.6274 28.1656 2.5
      vertex 38.68 26.9613 2.5
      vertex 38.68 28.0387 2.5
    endloop
  endfacet
  facet normal 0 0 1
    outer loop
      vertex 38.6274 28.1656 2.5
      vertex 38.6274 26.8344 2.5
      vertex 38.68 26.9613 2.5
    endloop
  endfacet
  facet normal 0 0 1
    outer loop
      vertex 38.564 28.2875 2.5
      vertex 38.6274 26.8344 2.5
      vertex 38.6274 28.1656 2.5
    endloop
  endfacet
  facet normal 0 0 1
    outer loop
      vertex 38.564 28.2875 2.5
      vertex 38.564 26.7125 2.5
      vertex 38.6274 26.8344 2.5
    endloop
  endfacet
  facet normal 0 0 1
    outer loop
      vertex 38.4902 28.4034 2.5
      vertex 38.564 26.7125 2.5
      vertex 38.564 28.2875 2.5
    endloop
  endfacet
  facet normal 0 0 1
    outer loop
      vertex 38.4902 28.4034 2.5
      vertex 38.4902 26.5966 2.5
      vertex 38.564 26.7125 2.5
    endloop
  endfacet
  facet normal 0 0 1
    outer loop
      vertex 38.4065 28.5124 2.5
      vertex 38.4902 26.5966 2.5
      vertex 38.4902 28.4034 2.5
    endloop
  endfacet
  facet normal 0 0 1
    outer loop
      vertex 38.4065 28.5124 2.5
      vertex 38.4065 26.4876 2.5
      vertex 38.4902 26.5966 2.5
    endloop
  endfacet
  facet normal 0 0 1
    outer loop
      vertex 38.3137 28.6137 2.5
      vertex 38.4065 26.4876 2.5
      vertex 38.4065 28.5124 2.5
    endloop
  endfacet
  facet normal 0 0 1
    outer loop
      vertex 38.3137 28.6137 2.5
      vertex 38.3137 26.3863 2.5
      vertex 38.4065 26.4876 2.5
    endloop
  endfacet
  facet normal 0 0 1
    outer loop
      vertex 38.2124 28.7065 2.5
      vertex 38.3137 26.3863 2.5
      vertex 38.3137 28.6137 2.5
    endloop
  endfacet
  facet normal 0 0 1
    outer loop
      vertex 38.2124 28.7065 2.5
      vertex 38.2124 26.2935 2.5
      vertex 38.3137 26.3863 2.5
    endloop
  endfacet
  facet normal 0 0 1
    outer loop
      vertex 38.1034 28.7902 2.5
      vertex 38.2124 26.2935 2.5
      vertex 38.2124 28.7065 2.5
    endloop
  endfacet
  facet normal 0 0 1
    outer loop
      vertex 38.1034 28.7902 2.5
      vertex 38.1034 26.2098 2.5
      vertex 38.2124 26.2935 2.5
    endloop
  endfacet
  facet normal 0 0 1
    outer loop
      vertex 37.9875 28.864 2.5
      vertex 38.1034 26.2098 2.5
      vertex 38.1034 28.7902 2.5
    endloop
  endfacet
  facet normal 0 0 1
    outer loop
      vertex 37.9875 28.864 2.5
      vertex 37.9875 26.136 2.5
      vertex 38.1034 26.2098 2.5
    endloop
  endfacet
  facet normal 0 0 1
    outer loop
      vertex 37.8656 28.9274 2.5
      vertex 37.9875 26.136 2.5
      vertex 37.9875 28.864 2.5
    endloop
  endfacet
  facet normal 0 0 1
    outer loop
      vertex 37.8656 28.9274 2.5
      vertex 37.8656 26.0726 2.5
      vertex 37.9875 26.136 2.5
    endloop
  endfacet
  facet normal 0 0 1
    outer loop
      vertex 37.7387 28.98 2.5
      vertex 37.8656 26.0726 2.5
      vertex 37.8656 28.9274 2.5
    endloop
  endfacet
  facet normal 0 0 1
    outer loop
      vertex 37.7387 28.98 2.5
      vertex 37.7387 26.02 2.5
      vertex 37.8656 26.0726 2.5
    endloop
  endfacet
  facet normal 0 0 1
    outer loop
      vertex 37.6076 29.0213 2.5
      vertex 37.7387 26.02 2.5
      vertex 37.7387 28.98 2.5
    endloop
  endfacet
  facet normal 0 0 1
    outer loop
      vertex 37.6076 29.0213 2.5
      vertex 37.6076 25.9787 2.5
      vertex 37.7387 26.02 2.5
    endloop
  endfacet
  facet normal 0 0 1
    outer loop
      vertex 37.4735 29.0511 2.5
      vertex 37.6076 25.9787 2.5
      vertex 37.6076 29.0213 2.5
    endloop
  endfacet
  facet normal 0 0 1
    outer loop
      vertex 37.4735 29.0511 2.5
      vertex 37.4735 25.9489 2.5
      vertex 37.6076 25.9787 2.5
    endloop
  endfacet
  facet normal 0 0 1
    outer loop
      vertex 37.3373 29.069 2.5
      vertex 37.4735 25.9489 2.5
      vertex 37.4735 29.0511 2.5
    endloop
  endfacet
  facet normal 0 0 1
    outer loop
      vertex 37.3373 29.069 2.5
      vertex 37.3373 25.931 2.5
      vertex 37.4735 25.9489 2.5
    endloop
  endfacet
  facet normal 0 0 1
    outer loop
      vertex 37.2 29.075 2.5
      vertex 37.3373 25.931 2.5
      vertex 37.3373 29.069 2.5
    endloop
  endfacet
  facet normal 0 0 1
    outer loop
      vertex 37.2 29.075 2.5
      vertex 37.2 25.925 2.5
      vertex 37.3373 25.931 2.5
    endloop
  endfacet
  facet normal -0 0 1
    outer loop
      vertex 37.0627 29.069 2.5
      vertex 37.2 25.925 2.5
      vertex 37.2 29.075 2.5
    endloop
  endfacet
  facet normal 0 0 1
    outer loop
      vertex 37.0627 29.069 2.5
      vertex 37.0627 25.931 2.5
      vertex 37.2 25.925 2.5
    endloop
  endfacet
  facet normal -0 0 1
    outer loop
      vertex 36.9265 29.0511 2.5
      vertex 37.0627 25.931 2.5
      vertex 37.0627 29.069 2.5
    endloop
  endfacet
  facet normal 0 0 1
    outer loop
      vertex 36.9265 29.0511 2.5
      vertex 36.9265 25.9489 2.5
      vertex 37.0627 25.931 2.5
    endloop
  endfacet
  facet normal -0 0 1
    outer loop
      vertex 36.7924 29.0213 2.5
      vertex 36.9265 25.9489 2.5
      vertex 36.9265 29.0511 2.5
    endloop
  endfacet
  facet normal 0 0 1
    outer loop
      vertex 36.7924 29.0213 2.5
      vertex 36.7924 25.9787 2.5
      vertex 36.9265 25.9489 2.5
    endloop
  endfacet
  facet normal -0 0 1
    outer loop
      vertex 36.6613 28.98 2.5
      vertex 36.7924 25.9787 2.5
      vertex 36.7924 29.0213 2.5
    endloop
  endfacet
  facet normal 0 0 1
    outer loop
      vertex 36.6613 28.98 2.5
      vertex 36.6613 26.02 2.5
      vertex 36.7924 25.9787 2.5
    endloop
  endfacet
  facet normal -0 0 1
    outer loop
      vertex 36.5344 28.9274 2.5
      vertex 36.6613 26.02 2.5
      vertex 36.6613 28.98 2.5
    endloop
  endfacet
  facet normal 0 0 1
    outer loop
      vertex 36.5344 28.9274 2.5
      vertex 36.5344 26.0726 2.5
      vertex 36.6613 26.02 2.5
    endloop
  endfacet
  facet normal -0 0 1
    outer loop
      vertex 36.4125 28.864 2.5
      vertex 36.5344 26.0726 2.5
      vertex 36.5344 28.9274 2.5
    endloop
  endfacet
  facet normal 0 0 1
    outer loop
      vertex 36.4125 28.864 2.5
      vertex 36.4125 26.136 2.5
      vertex 36.5344 26.0726 2.5
    endloop
  endfacet
  facet normal -0 0 1
    outer loop
      vertex 36.2966 28.7902 2.5
      vertex 36.4125 26.136 2.5
      vertex 36.4125 28.864 2.5
    endloop
  endfacet
  facet normal 0 0 1
    outer loop
      vertex 36.2966 28.7902 2.5
      vertex 36.2966 26.2098 2.5
      vertex 36.4125 26.136 2.5
    endloop
  endfacet
  facet normal -0 0 1
    outer loop
      vertex 36.1876 28.7065 2.5
      vertex 36.2966 26.2098 2.5
      vertex 36.2966 28.7902 2.5
    endloop
  endfacet
  facet normal 0 0 1
    outer loop
      vertex 36.1876 28.7065 2.5
      vertex 36.1876 26.2935 2.5
      vertex 36.2966 26.2098 2.5
    endloop
  endfacet
  facet normal -0 0 1
    outer loop
      vertex 36.0863 28.6137 2.5
      vertex 36.1876 26.2935 2.5
      vertex 36.1876 28.7065 2.5
    endloop
  endfacet
  facet normal 0 0 1
    outer loop
      vertex 36.0863 28.6137 2.5
      vertex 36.0863 26.3863 2.5
      vertex 36.1876 26.2935 2.5
    endloop
  endfacet
  facet normal -0 0 1
    outer loop
      vertex 35.9935 28.5124 2.5
      vertex 36.0863 26.3863 2.5
      vertex 36.0863 28.6137 2.5
    endloop
  endfacet
  facet normal 0 0 1
    outer loop
      vertex 35.9935 28.5124 2.5
      vertex 35.9935 26.4876 2.5
      vertex 36.0863 26.3863 2.5
    endloop
  endfacet
  facet normal -0 0 1
    outer loop
      vertex 35.9098 28.4034 2.5
      vertex 35.9935 26.4876 2.5
      vertex 35.9935 28.5124 2.5
    endloop
  endfacet
  facet normal 0 0 1
    outer loop
      vertex 35.9098 28.4034 2.5
      vertex 35.9098 26.5966 2.5
      vertex 35.9935 26.4876 2.5
    endloop
  endfacet
  facet normal -0 0 1
    outer loop
      vertex 35.836 28.2875 2.5
      vertex 35.9098 26.5966 2.5
      vertex 35.9098 28.4034 2.5
    endloop
  endfacet
  facet normal 0 0 1
    outer loop
      vertex 35.836 28.2875 2.5
      vertex 35.836 26.7125 2.5
      vertex 35.9098 26.5966 2.5
    endloop
  endfacet
  facet normal -0 0 1
    outer loop
      vertex 35.7726 28.1656 2.5
      vertex 35.836 26.7125 2.5
      vertex 35.836 28.2875 2.5
    endloop
  endfacet
  facet normal 0 0 1
    outer loop
      vertex 35.7726 28.1656 2.5
      vertex 35.7726 26.8344 2.5
      vertex 35.836 26.7125 2.5
    endloop
  endfacet
  facet normal -0 0 1
    outer loop
      vertex 35.72 28.0387 2.5
      vertex 35.7726 26.8344 2.5
      vertex 35.7726 28.1656 2.5
    endloop
  endfacet
  facet normal 0 0 1
    outer loop
      vertex 35.72 28.0387 2.5
      vertex 35.72 26.9613 2.5
      vertex 35.7726 26.8344 2.5
    endloop
  endfacet
  facet normal -0 0 1
    outer loop
      vertex 35.6787 27.9076 2.5
      vertex 35.72 26.9613 2.5
      vertex 35.72 28.0387 2.5
    endloop
  endfacet
  facet normal 0 0 1
    outer loop
      vertex 35.6787 27.9076 2.5
      vertex 35.6787 27.0924 2.5
      vertex 35.72 26.9613 2.5
    endloop
  endfacet
  facet normal -0 0 1
    outer loop
      vertex 35.6489 27.7735 2.5
      vertex 35.6787 27.0924 2.5
      vertex 35.6787 27.9076 2.5
    endloop
  endfacet
  facet normal 0 0 1
    outer loop
      vertex 35.6489 27.7735 2.5
      vertex 35.6489 27.2265 2.5
      vertex 35.6787 27.0924 2.5
    endloop
  endfacet
  facet normal -0 0 1
    outer loop
      vertex 35.631 27.6373 2.5
      vertex 35.6489 27.2265 2.5
      vertex 35.6489 27.7735 2.5
    endloop
  endfacet
  facet normal 0 0 1
    outer loop
      vertex 35.631 27.6373 2.5
      vertex 35.631 27.3627 2.5
      vertex 35.6489 27.2265 2.5
    endloop
  endfacet
  facet normal 0 -0 1
    outer loop
      vertex 35.631 27.3627 2.5
      vertex 35.631 27.6373 2.5
      vertex 35.625 27.5 2.5
    endloop
  endfacet
  facet normal 0 0 1
    outer loop
      vertex 38.769 75.9373 2.5
      vertex 38.769 75.6627 2.5
      vertex 38.775 75.8 2.5
    endloop
  endfacet
  facet normal 0 0 1
    outer loop
      vertex 38.7511 76.0735 2.5
      vertex 38.769 75.6627 2.5
      vertex 38.769 75.9373 2.5
    endloop
  endfacet
  facet normal 0 0 1
    outer loop
      vertex 38.7511 76.0735 2.5
      vertex 38.7511 75.5265 2.5
      vertex 38.769 75.6627 2.5
    endloop
  endfacet
  facet normal 0 0 1
    outer loop
      vertex 38.7213 76.2076 2.5
      vertex 38.7511 75.5265 2.5
      vertex 38.7511 76.0735 2.5
    endloop
  endfacet
  facet normal 0 0 1
    outer loop
      vertex 38.7213 76.2076 2.5
      vertex 38.7213 75.3924 2.5
      vertex 38.7511 75.5265 2.5
    endloop
  endfacet
  facet normal 0 0 1
    outer loop
      vertex 38.68 76.3387 2.5
      vertex 38.7213 75.3924 2.5
      vertex 38.7213 76.2076 2.5
    endloop
  endfacet
  facet normal 0 0 1
    outer loop
      vertex 38.68 76.3387 2.5
      vertex 38.68 75.2613 2.5
      vertex 38.7213 75.3924 2.5
    endloop
  endfacet
  facet normal 0 0 1
    outer loop
      vertex 38.6274 76.4656 2.5
      vertex 38.68 75.2613 2.5
      vertex 38.68 76.3387 2.5
    endloop
  endfacet
  facet normal 0 0 1
    outer loop
      vertex 38.6274 76.4656 2.5
      vertex 38.6274 75.1344 2.5
      vertex 38.68 75.2613 2.5
    endloop
  endfacet
  facet normal 0 0 1
    outer loop
      vertex 38.564 76.5875 2.5
      vertex 38.6274 75.1344 2.5
      vertex 38.6274 76.4656 2.5
    endloop
  endfacet
  facet normal 0 0 1
    outer loop
      vertex 38.564 76.5875 2.5
      vertex 38.564 75.0125 2.5
      vertex 38.6274 75.1344 2.5
    endloop
  endfacet
  facet normal 0 0 1
    outer loop
      vertex 38.4902 76.7034 2.5
      vertex 38.564 75.0125 2.5
      vertex 38.564 76.5875 2.5
    endloop
  endfacet
  facet normal 0 0 1
    outer loop
      vertex 38.4902 76.7034 2.5
      vertex 38.4902 74.8966 2.5
      vertex 38.564 75.0125 2.5
    endloop
  endfacet
  facet normal 0 0 1
    outer loop
      vertex 38.4065 76.8124 2.5
      vertex 38.4902 74.8966 2.5
      vertex 38.4902 76.7034 2.5
    endloop
  endfacet
  facet normal 0 0 1
    outer loop
      vertex 38.4065 76.8124 2.5
      vertex 38.4065 74.7876 2.5
      vertex 38.4902 74.8966 2.5
    endloop
  endfacet
  facet normal 0 0 1
    outer loop
      vertex 38.3137 76.9137 2.5
      vertex 38.4065 74.7876 2.5
      vertex 38.4065 76.8124 2.5
    endloop
  endfacet
  facet normal 0 0 1
    outer loop
      vertex 38.3137 76.9137 2.5
      vertex 38.3137 74.6863 2.5
      vertex 38.4065 74.7876 2.5
    endloop
  endfacet
  facet normal 0 0 1
    outer loop
      vertex 38.2124 77.0065 2.5
      vertex 38.3137 74.6863 2.5
      vertex 38.3137 76.9137 2.5
    endloop
  endfacet
  facet normal 0 0 1
    outer loop
      vertex 38.2124 77.0065 2.5
      vertex 38.2124 74.5935 2.5
      vertex 38.3137 74.6863 2.5
    endloop
  endfacet
  facet normal 0 0 1
    outer loop
      vertex 38.1034 77.0902 2.5
      vertex 38.2124 74.5935 2.5
      vertex 38.2124 77.0065 2.5
    endloop
  endfacet
  facet normal 0 0 1
    outer loop
      vertex 38.1034 77.0902 2.5
      vertex 38.1034 74.5098 2.5
      vertex 38.2124 74.5935 2.5
    endloop
  endfacet
  facet normal 0 0 1
    outer loop
      vertex 37.9875 77.164 2.5
      vertex 38.1034 74.5098 2.5
      vertex 38.1034 77.0902 2.5
    endloop
  endfacet
  facet normal 0 0 1
    outer loop
      vertex 37.9875 77.164 2.5
      vertex 37.9875 74.436 2.5
      vertex 38.1034 74.5098 2.5
    endloop
  endfacet
  facet normal 0 0 1
    outer loop
      vertex 37.8656 77.2274 2.5
      vertex 37.9875 74.436 2.5
      vertex 37.9875 77.164 2.5
    endloop
  endfacet
  facet normal 0 0 1
    outer loop
      vertex 37.8656 77.2274 2.5
      vertex 37.8656 74.3726 2.5
      vertex 37.9875 74.436 2.5
    endloop
  endfacet
  facet normal 0 0 1
    outer loop
      vertex 37.7387 77.28 2.5
      vertex 37.8656 74.3726 2.5
      vertex 37.8656 77.2274 2.5
    endloop
  endfacet
  facet normal 0 0 1
    outer loop
      vertex 37.7387 77.28 2.5
      vertex 37.7387 74.32 2.5
      vertex 37.8656 74.3726 2.5
    endloop
  endfacet
  facet normal 0 0 1
    outer loop
      vertex 37.6076 77.3213 2.5
      vertex 37.7387 74.32 2.5
      vertex 37.7387 77.28 2.5
    endloop
  endfacet
  facet normal 0 0 1
    outer loop
      vertex 37.6076 77.3213 2.5
      vertex 37.6076 74.2787 2.5
      vertex 37.7387 74.32 2.5
    endloop
  endfacet
  facet normal 0 0 1
    outer loop
      vertex 37.4735 77.3511 2.5
      vertex 37.6076 74.2787 2.5
      vertex 37.6076 77.3213 2.5
    endloop
  endfacet
  facet normal 0 0 1
    outer loop
      vertex 37.4735 77.3511 2.5
      vertex 37.4735 74.2489 2.5
      vertex 37.6076 74.2787 2.5
    endloop
  endfacet
  facet normal 0 0 1
    outer loop
      vertex 37.3373 77.369 2.5
      vertex 37.4735 74.2489 2.5
      vertex 37.4735 77.3511 2.5
    endloop
  endfacet
  facet normal 0 0 1
    outer loop
      vertex 37.3373 77.369 2.5
      vertex 37.3373 74.231 2.5
      vertex 37.4735 74.2489 2.5
    endloop
  endfacet
  facet normal 0 0 1
    outer loop
      vertex 37.2 77.375 2.5
      vertex 37.3373 74.231 2.5
      vertex 37.3373 77.369 2.5
    endloop
  endfacet
  facet normal 0 0 1
    outer loop
      vertex 37.2 77.375 2.5
      vertex 37.2 74.225 2.5
      vertex 37.3373 74.231 2.5
    endloop
  endfacet
  facet normal -0 0 1
    outer loop
      vertex 37.0627 77.369 2.5
      vertex 37.2 74.225 2.5
      vertex 37.2 77.375 2.5
    endloop
  endfacet
  facet normal 0 0 1
    outer loop
      vertex 37.0627 77.369 2.5
      vertex 37.0627 74.231 2.5
      vertex 37.2 74.225 2.5
    endloop
  endfacet
  facet normal -0 0 1
    outer loop
      vertex 36.9265 77.3511 2.5
      vertex 37.0627 74.231 2.5
      vertex 37.0627 77.369 2.5
    endloop
  endfacet
  facet normal 0 0 1
    outer loop
      vertex 36.9265 77.3511 2.5
      vertex 36.9265 74.2489 2.5
      vertex 37.0627 74.231 2.5
    endloop
  endfacet
  facet normal -0 0 1
    outer loop
      vertex 36.7924 77.3213 2.5
      vertex 36.9265 74.2489 2.5
      vertex 36.9265 77.3511 2.5
    endloop
  endfacet
  facet normal 0 0 1
    outer loop
      vertex 36.7924 77.3213 2.5
      vertex 36.7924 74.2787 2.5
      vertex 36.9265 74.2489 2.5
    endloop
  endfacet
  facet normal -0 0 1
    outer loop
      vertex 36.6613 77.28 2.5
      vertex 36.7924 74.2787 2.5
      vertex 36.7924 77.3213 2.5
    endloop
  endfacet
  facet normal 0 0 1
    outer loop
      vertex 36.6613 77.28 2.5
      vertex 36.6613 74.32 2.5
      vertex 36.7924 74.2787 2.5
    endloop
  endfacet
  facet normal -0 0 1
    outer loop
      vertex 36.5344 77.2274 2.5
      vertex 36.6613 74.32 2.5
      vertex 36.6613 77.28 2.5
    endloop
  endfacet
  facet normal 0 0 1
    outer loop
      vertex 36.5344 77.2274 2.5
      vertex 36.5344 74.3726 2.5
      vertex 36.6613 74.32 2.5
    endloop
  endfacet
  facet normal -0 0 1
    outer loop
      vertex 36.4125 77.164 2.5
      vertex 36.5344 74.3726 2.5
      vertex 36.5344 77.2274 2.5
    endloop
  endfacet
  facet normal 0 0 1
    outer loop
      vertex 36.4125 77.164 2.5
      vertex 36.4125 74.436 2.5
      vertex 36.5344 74.3726 2.5
    endloop
  endfacet
  facet normal -0 0 1
    outer loop
      vertex 36.2966 77.0902 2.5
      vertex 36.4125 74.436 2.5
      vertex 36.4125 77.164 2.5
    endloop
  endfacet
  facet normal 0 0 1
    outer loop
      vertex 36.2966 77.0902 2.5
      vertex 36.2966 74.5098 2.5
      vertex 36.4125 74.436 2.5
    endloop
  endfacet
  facet normal -0 0 1
    outer loop
      vertex 36.1876 77.0065 2.5
      vertex 36.2966 74.5098 2.5
      vertex 36.2966 77.0902 2.5
    endloop
  endfacet
  facet normal 0 0 1
    outer loop
      vertex 36.1876 77.0065 2.5
      vertex 36.1876 74.5935 2.5
      vertex 36.2966 74.5098 2.5
    endloop
  endfacet
  facet normal -0 0 1
    outer loop
      vertex 36.0863 76.9137 2.5
      vertex 36.1876 74.5935 2.5
      vertex 36.1876 77.0065 2.5
    endloop
  endfacet
  facet normal 0 0 1
    outer loop
      vertex 36.0863 76.9137 2.5
      vertex 36.0863 74.6863 2.5
      vertex 36.1876 74.5935 2.5
    endloop
  endfacet
  facet normal -0 0 1
    outer loop
      vertex 35.9935 76.8124 2.5
      vertex 36.0863 74.6863 2.5
      vertex 36.0863 76.9137 2.5
    endloop
  endfacet
  facet normal 0 0 1
    outer loop
      vertex 35.9935 76.8124 2.5
      vertex 35.9935 74.7876 2.5
      vertex 36.0863 74.6863 2.5
    endloop
  endfacet
  facet normal -0 0 1
    outer loop
      vertex 35.9098 76.7034 2.5
      vertex 35.9935 74.7876 2.5
      vertex 35.9935 76.8124 2.5
    endloop
  endfacet
  facet normal 0 0 1
    outer loop
      vertex 35.9098 76.7034 2.5
      vertex 35.9098 74.8966 2.5
      vertex 35.9935 74.7876 2.5
    endloop
  endfacet
  facet normal -0 0 1
    outer loop
      vertex 35.836 76.5875 2.5
      vertex 35.9098 74.8966 2.5
      vertex 35.9098 76.7034 2.5
    endloop
  endfacet
  facet normal 0 0 1
    outer loop
      vertex 35.836 76.5875 2.5
      vertex 35.836 75.0125 2.5
      vertex 35.9098 74.8966 2.5
    endloop
  endfacet
  facet normal -0 0 1
    outer loop
      vertex 35.7726 76.4656 2.5
      vertex 35.836 75.0125 2.5
      vertex 35.836 76.5875 2.5
    endloop
  endfacet
  facet normal 0 0 1
    outer loop
      vertex 35.7726 76.4656 2.5
      vertex 35.7726 75.1344 2.5
      vertex 35.836 75.0125 2.5
    endloop
  endfacet
  facet normal -0 0 1
    outer loop
      vertex 35.72 76.3387 2.5
      vertex 35.7726 75.1344 2.5
      vertex 35.7726 76.4656 2.5
    endloop
  endfacet
  facet normal 0 0 1
    outer loop
      vertex 35.72 76.3387 2.5
      vertex 35.72 75.2613 2.5
      vertex 35.7726 75.1344 2.5
    endloop
  endfacet
  facet normal -0 0 1
    outer loop
      vertex 35.6787 76.2076 2.5
      vertex 35.72 75.2613 2.5
      vertex 35.72 76.3387 2.5
    endloop
  endfacet
  facet normal 0 0 1
    outer loop
      vertex 35.6787 76.2076 2.5
      vertex 35.6787 75.3924 2.5
      vertex 35.72 75.2613 2.5
    endloop
  endfacet
  facet normal -0 0 1
    outer loop
      vertex 35.6489 76.0735 2.5
      vertex 35.6787 75.3924 2.5
      vertex 35.6787 76.2076 2.5
    endloop
  endfacet
  facet normal 0 0 1
    outer loop
      vertex 35.6489 76.0735 2.5
      vertex 35.6489 75.5265 2.5
      vertex 35.6787 75.3924 2.5
    endloop
  endfacet
  facet normal -0 0 1
    outer loop
      vertex 35.631 75.9373 2.5
      vertex 35.6489 75.5265 2.5
      vertex 35.6489 76.0735 2.5
    endloop
  endfacet
  facet normal 0 0 1
    outer loop
      vertex 35.631 75.9373 2.5
      vertex 35.631 75.6627 2.5
      vertex 35.6489 75.5265 2.5
    endloop
  endfacet
  facet normal 0 -0 1
    outer loop
      vertex 35.631 75.6627 2.5
      vertex 35.631 75.9373 2.5
      vertex 35.625 75.8 2.5
    endloop
  endfacet
  facet normal 0 0 1
    outer loop
      vertex 90.769 27.6373 2.5
      vertex 90.769 27.3627 2.5
      vertex 90.775 27.5 2.5
    endloop
  endfacet
  facet normal 0 0 1
    outer loop
      vertex 90.7511 27.7735 2.5
      vertex 90.769 27.3627 2.5
      vertex 90.769 27.6373 2.5
    endloop
  endfacet
  facet normal 0 0 1
    outer loop
      vertex 90.7511 27.7735 2.5
      vertex 90.7511 27.2265 2.5
      vertex 90.769 27.3627 2.5
    endloop
  endfacet
  facet normal 0 0 1
    outer loop
      vertex 90.7213 27.9076 2.5
      vertex 90.7511 27.2265 2.5
      vertex 90.7511 27.7735 2.5
    endloop
  endfacet
  facet normal 0 0 1
    outer loop
      vertex 90.7213 27.9076 2.5
      vertex 90.7213 27.0924 2.5
      vertex 90.7511 27.2265 2.5
    endloop
  endfacet
  facet normal 0 0 1
    outer loop
      vertex 90.68 28.0387 2.5
      vertex 90.7213 27.0924 2.5
      vertex 90.7213 27.9076 2.5
    endloop
  endfacet
  facet normal 0 0 1
    outer loop
      vertex 90.68 28.0387 2.5
      vertex 90.68 26.9613 2.5
      vertex 90.7213 27.0924 2.5
    endloop
  endfacet
  facet normal 0 0 1
    outer loop
      vertex 90.6274 28.1656 2.5
      vertex 90.68 26.9613 2.5
      vertex 90.68 28.0387 2.5
    endloop
  endfacet
  facet normal 0 0 1
    outer loop
      vertex 90.6274 28.1656 2.5
      vertex 90.6274 26.8344 2.5
      vertex 90.68 26.9613 2.5
    endloop
  endfacet
  facet normal 0 0 1
    outer loop
      vertex 90.564 28.2875 2.5
      vertex 90.6274 26.8344 2.5
      vertex 90.6274 28.1656 2.5
    endloop
  endfacet
  facet normal 0 0 1
    outer loop
      vertex 90.564 28.2875 2.5
      vertex 90.564 26.7125 2.5
      vertex 90.6274 26.8344 2.5
    endloop
  endfacet
  facet normal 0 0 1
    outer loop
      vertex 90.4902 28.4034 2.5
      vertex 90.564 26.7125 2.5
      vertex 90.564 28.2875 2.5
    endloop
  endfacet
  facet normal 0 0 1
    outer loop
      vertex 90.4902 28.4034 2.5
      vertex 90.4902 26.5966 2.5
      vertex 90.564 26.7125 2.5
    endloop
  endfacet
  facet normal 0 0 1
    outer loop
      vertex 90.4065 28.5124 2.5
      vertex 90.4902 26.5966 2.5
      vertex 90.4902 28.4034 2.5
    endloop
  endfacet
  facet normal 0 0 1
    outer loop
      vertex 90.4065 28.5124 2.5
      vertex 90.4065 26.4876 2.5
      vertex 90.4902 26.5966 2.5
    endloop
  endfacet
  facet normal 0 0 1
    outer loop
      vertex 90.3137 28.6137 2.5
      vertex 90.4065 26.4876 2.5
      vertex 90.4065 28.5124 2.5
    endloop
  endfacet
  facet normal 0 0 1
    outer loop
      vertex 90.3137 28.6137 2.5
      vertex 90.3137 26.3863 2.5
      vertex 90.4065 26.4876 2.5
    endloop
  endfacet
  facet normal 0 0 1
    outer loop
      vertex 90.2124 28.7065 2.5
      vertex 90.3137 26.3863 2.5
      vertex 90.3137 28.6137 2.5
    endloop
  endfacet
  facet normal 0 0 1
    outer loop
      vertex 90.2124 28.7065 2.5
      vertex 90.2124 26.2935 2.5
      vertex 90.3137 26.3863 2.5
    endloop
  endfacet
  facet normal 0 0 1
    outer loop
      vertex 90.1034 28.7902 2.5
      vertex 90.2124 26.2935 2.5
      vertex 90.2124 28.7065 2.5
    endloop
  endfacet
  facet normal 0 0 1
    outer loop
      vertex 90.1034 28.7902 2.5
      vertex 90.1034 26.2098 2.5
      vertex 90.2124 26.2935 2.5
    endloop
  endfacet
  facet normal 0 0 1
    outer loop
      vertex 89.9875 28.864 2.5
      vertex 90.1034 26.2098 2.5
      vertex 90.1034 28.7902 2.5
    endloop
  endfacet
  facet normal 0 0 1
    outer loop
      vertex 89.9875 28.864 2.5
      vertex 89.9875 26.136 2.5
      vertex 90.1034 26.2098 2.5
    endloop
  endfacet
  facet normal 0 0 1
    outer loop
      vertex 89.8656 28.9274 2.5
      vertex 89.9875 26.136 2.5
      vertex 89.9875 28.864 2.5
    endloop
  endfacet
  facet normal 0 0 1
    outer loop
      vertex 89.8656 28.9274 2.5
      vertex 89.8656 26.0726 2.5
      vertex 89.9875 26.136 2.5
    endloop
  endfacet
  facet normal 0 0 1
    outer loop
      vertex 89.7387 28.98 2.5
      vertex 89.8656 26.0726 2.5
      vertex 89.8656 28.9274 2.5
    endloop
  endfacet
  facet normal 0 0 1
    outer loop
      vertex 89.7387 28.98 2.5
      vertex 89.7387 26.02 2.5
      vertex 89.8656 26.0726 2.5
    endloop
  endfacet
  facet normal 0 0 1
    outer loop
      vertex 89.6076 29.0213 2.5
      vertex 89.7387 26.02 2.5
      vertex 89.7387 28.98 2.5
    endloop
  endfacet
  facet normal 0 0 1
    outer loop
      vertex 89.6076 29.0213 2.5
      vertex 89.6076 25.9787 2.5
      vertex 89.7387 26.02 2.5
    endloop
  endfacet
  facet normal 0 0 1
    outer loop
      vertex 89.4735 29.0511 2.5
      vertex 89.6076 25.9787 2.5
      vertex 89.6076 29.0213 2.5
    endloop
  endfacet
  facet normal 0 0 1
    outer loop
      vertex 89.4735 29.0511 2.5
      vertex 89.4735 25.9489 2.5
      vertex 89.6076 25.9787 2.5
    endloop
  endfacet
  facet normal 0 0 1
    outer loop
      vertex 89.3373 29.069 2.5
      vertex 89.4735 25.9489 2.5
      vertex 89.4735 29.0511 2.5
    endloop
  endfacet
  facet normal 0 0 1
    outer loop
      vertex 89.3373 29.069 2.5
      vertex 89.3373 25.931 2.5
      vertex 89.4735 25.9489 2.5
    endloop
  endfacet
  facet normal 0 0 1
    outer loop
      vertex 89.2 29.075 2.5
      vertex 89.3373 25.931 2.5
      vertex 89.3373 29.069 2.5
    endloop
  endfacet
  facet normal 0 0 1
    outer loop
      vertex 89.2 29.075 2.5
      vertex 89.2 25.925 2.5
      vertex 89.3373 25.931 2.5
    endloop
  endfacet
  facet normal -0 0 1
    outer loop
      vertex 89.0627 29.069 2.5
      vertex 89.2 25.925 2.5
      vertex 89.2 29.075 2.5
    endloop
  endfacet
  facet normal 0 0 1
    outer loop
      vertex 89.0627 29.069 2.5
      vertex 89.0627 25.931 2.5
      vertex 89.2 25.925 2.5
    endloop
  endfacet
  facet normal -0 0 1
    outer loop
      vertex 88.9265 29.0511 2.5
      vertex 89.0627 25.931 2.5
      vertex 89.0627 29.069 2.5
    endloop
  endfacet
  facet normal 0 0 1
    outer loop
      vertex 88.9265 29.0511 2.5
      vertex 88.9265 25.9489 2.5
      vertex 89.0627 25.931 2.5
    endloop
  endfacet
  facet normal -0 0 1
    outer loop
      vertex 88.7924 29.0213 2.5
      vertex 88.9265 25.9489 2.5
      vertex 88.9265 29.0511 2.5
    endloop
  endfacet
  facet normal 0 0 1
    outer loop
      vertex 88.7924 29.0213 2.5
      vertex 88.7924 25.9787 2.5
      vertex 88.9265 25.9489 2.5
    endloop
  endfacet
  facet normal -0 0 1
    outer loop
      vertex 88.6613 28.98 2.5
      vertex 88.7924 25.9787 2.5
      vertex 88.7924 29.0213 2.5
    endloop
  endfacet
  facet normal 0 0 1
    outer loop
      vertex 88.6613 28.98 2.5
      vertex 88.6613 26.02 2.5
      vertex 88.7924 25.9787 2.5
    endloop
  endfacet
  facet normal -0 0 1
    outer loop
      vertex 88.5344 28.9274 2.5
      vertex 88.6613 26.02 2.5
      vertex 88.6613 28.98 2.5
    endloop
  endfacet
  facet normal 0 0 1
    outer loop
      vertex 88.5344 28.9274 2.5
      vertex 88.5344 26.0726 2.5
      vertex 88.6613 26.02 2.5
    endloop
  endfacet
  facet normal -0 0 1
    outer loop
      vertex 88.4125 28.864 2.5
      vertex 88.5344 26.0726 2.5
      vertex 88.5344 28.9274 2.5
    endloop
  endfacet
  facet normal 0 0 1
    outer loop
      vertex 88.4125 28.864 2.5
      vertex 88.4125 26.136 2.5
      vertex 88.5344 26.0726 2.5
    endloop
  endfacet
  facet normal -0 0 1
    outer loop
      vertex 88.2966 28.7902 2.5
      vertex 88.4125 26.136 2.5
      vertex 88.4125 28.864 2.5
    endloop
  endfacet
  facet normal 0 0 1
    outer loop
      vertex 88.2966 28.7902 2.5
      vertex 88.2966 26.2098 2.5
      vertex 88.4125 26.136 2.5
    endloop
  endfacet
  facet normal -0 0 1
    outer loop
      vertex 88.1876 28.7065 2.5
      vertex 88.2966 26.2098 2.5
      vertex 88.2966 28.7902 2.5
    endloop
  endfacet
  facet normal 0 0 1
    outer loop
      vertex 88.1876 28.7065 2.5
      vertex 88.1876 26.2935 2.5
      vertex 88.2966 26.2098 2.5
    endloop
  endfacet
  facet normal -0 0 1
    outer loop
      vertex 88.0863 28.6137 2.5
      vertex 88.1876 26.2935 2.5
      vertex 88.1876 28.7065 2.5
    endloop
  endfacet
  facet normal 0 0 1
    outer loop
      vertex 88.0863 28.6137 2.5
      vertex 88.0863 26.3863 2.5
      vertex 88.1876 26.2935 2.5
    endloop
  endfacet
  facet normal -0 0 1
    outer loop
      vertex 87.9935 28.5124 2.5
      vertex 88.0863 26.3863 2.5
      vertex 88.0863 28.6137 2.5
    endloop
  endfacet
  facet normal 0 0 1
    outer loop
      vertex 87.9935 28.5124 2.5
      vertex 87.9935 26.4876 2.5
      vertex 88.0863 26.3863 2.5
    endloop
  endfacet
  facet normal -0 0 1
    outer loop
      vertex 87.9098 28.4034 2.5
      vertex 87.9935 26.4876 2.5
      vertex 87.9935 28.5124 2.5
    endloop
  endfacet
  facet normal 0 0 1
    outer loop
      vertex 87.9098 28.4034 2.5
      vertex 87.9098 26.5966 2.5
      vertex 87.9935 26.4876 2.5
    endloop
  endfacet
  facet normal -0 0 1
    outer loop
      vertex 87.836 28.2875 2.5
      vertex 87.9098 26.5966 2.5
      vertex 87.9098 28.4034 2.5
    endloop
  endfacet
  facet normal 0 0 1
    outer loop
      vertex 87.836 28.2875 2.5
      vertex 87.836 26.7125 2.5
      vertex 87.9098 26.5966 2.5
    endloop
  endfacet
  facet normal -0 0 1
    outer loop
      vertex 87.7726 28.1656 2.5
      vertex 87.836 26.7125 2.5
      vertex 87.836 28.2875 2.5
    endloop
  endfacet
  facet normal 0 0 1
    outer loop
      vertex 87.7726 28.1656 2.5
      vertex 87.7726 26.8344 2.5
      vertex 87.836 26.7125 2.5
    endloop
  endfacet
  facet normal -0 0 1
    outer loop
      vertex 87.72 28.0387 2.5
      vertex 87.7726 26.8344 2.5
      vertex 87.7726 28.1656 2.5
    endloop
  endfacet
  facet normal 0 0 1
    outer loop
      vertex 87.72 28.0387 2.5
      vertex 87.72 26.9613 2.5
      vertex 87.7726 26.8344 2.5
    endloop
  endfacet
  facet normal -0 0 1
    outer loop
      vertex 87.6787 27.9076 2.5
      vertex 87.72 26.9613 2.5
      vertex 87.72 28.0387 2.5
    endloop
  endfacet
  facet normal 0 0 1
    outer loop
      vertex 87.6787 27.9076 2.5
      vertex 87.6787 27.0924 2.5
      vertex 87.72 26.9613 2.5
    endloop
  endfacet
  facet normal -0 0 1
    outer loop
      vertex 87.6489 27.7735 2.5
      vertex 87.6787 27.0924 2.5
      vertex 87.6787 27.9076 2.5
    endloop
  endfacet
  facet normal 0 0 1
    outer loop
      vertex 87.6489 27.7735 2.5
      vertex 87.6489 27.2265 2.5
      vertex 87.6787 27.0924 2.5
    endloop
  endfacet
  facet normal -0 0 1
    outer loop
      vertex 87.631 27.6373 2.5
      vertex 87.6489 27.2265 2.5
      vertex 87.6489 27.7735 2.5
    endloop
  endfacet
  facet normal 0 0 1
    outer loop
      vertex 87.631 27.6373 2.5
      vertex 87.631 27.3627 2.5
      vertex 87.6489 27.2265 2.5
    endloop
  endfacet
  facet normal 0 -0 1
    outer loop
      vertex 87.631 27.3627 2.5
      vertex 87.631 27.6373 2.5
      vertex 87.625 27.5 2.5
    endloop
  endfacet
  facet normal 0 0 1
    outer loop
      vertex 90.769 75.9373 2.5
      vertex 90.769 75.6627 2.5
      vertex 90.775 75.8 2.5
    endloop
  endfacet
  facet normal 0 0 1
    outer loop
      vertex 90.7511 76.0735 2.5
      vertex 90.769 75.6627 2.5
      vertex 90.769 75.9373 2.5
    endloop
  endfacet
  facet normal 0 0 1
    outer loop
      vertex 90.7511 76.0735 2.5
      vertex 90.7511 75.5265 2.5
      vertex 90.769 75.6627 2.5
    endloop
  endfacet
  facet normal 0 0 1
    outer loop
      vertex 90.7213 76.2076 2.5
      vertex 90.7511 75.5265 2.5
      vertex 90.7511 76.0735 2.5
    endloop
  endfacet
  facet normal 0 0 1
    outer loop
      vertex 90.7213 76.2076 2.5
      vertex 90.7213 75.3924 2.5
      vertex 90.7511 75.5265 2.5
    endloop
  endfacet
  facet normal 0 0 1
    outer loop
      vertex 90.68 76.3387 2.5
      vertex 90.7213 75.3924 2.5
      vertex 90.7213 76.2076 2.5
    endloop
  endfacet
  facet normal 0 0 1
    outer loop
      vertex 90.68 76.3387 2.5
      vertex 90.68 75.2613 2.5
      vertex 90.7213 75.3924 2.5
    endloop
  endfacet
  facet normal 0 0 1
    outer loop
      vertex 90.6274 76.4656 2.5
      vertex 90.68 75.2613 2.5
      vertex 90.68 76.3387 2.5
    endloop
  endfacet
  facet normal 0 0 1
    outer loop
      vertex 90.6274 76.4656 2.5
      vertex 90.6274 75.1344 2.5
      vertex 90.68 75.2613 2.5
    endloop
  endfacet
  facet normal 0 0 1
    outer loop
      vertex 90.564 76.5875 2.5
      vertex 90.6274 75.1344 2.5
      vertex 90.6274 76.4656 2.5
    endloop
  endfacet
  facet normal 0 0 1
    outer loop
      vertex 90.564 76.5875 2.5
      vertex 90.564 75.0125 2.5
      vertex 90.6274 75.1344 2.5
    endloop
  endfacet
  facet normal 0 0 1
    outer loop
      vertex 90.4902 76.7034 2.5
      vertex 90.564 75.0125 2.5
      vertex 90.564 76.5875 2.5
    endloop
  endfacet
  facet normal 0 0 1
    outer loop
      vertex 90.4902 76.7034 2.5
      vertex 90.4902 74.8966 2.5
      vertex 90.564 75.0125 2.5
    endloop
  endfacet
  facet normal 0 0 1
    outer loop
      vertex 90.4065 76.8124 2.5
      vertex 90.4902 74.8966 2.5
      vertex 90.4902 76.7034 2.5
    endloop
  endfacet
  facet normal 0 0 1
    outer loop
      vertex 90.4065 76.8124 2.5
      vertex 90.4065 74.7876 2.5
      vertex 90.4902 74.8966 2.5
    endloop
  endfacet
  facet normal 0 0 1
    outer loop
      vertex 90.3137 76.9137 2.5
      vertex 90.4065 74.7876 2.5
      vertex 90.4065 76.8124 2.5
    endloop
  endfacet
  facet normal 0 0 1
    outer loop
      vertex 90.3137 76.9137 2.5
      vertex 90.3137 74.6863 2.5
      vertex 90.4065 74.7876 2.5
    endloop
  endfacet
  facet normal 0 0 1
    outer loop
      vertex 90.2124 77.0065 2.5
      vertex 90.3137 74.6863 2.5
      vertex 90.3137 76.9137 2.5
    endloop
  endfacet
  facet normal 0 0 1
    outer loop
      vertex 90.2124 77.0065 2.5
      vertex 90.2124 74.5935 2.5
      vertex 90.3137 74.6863 2.5
    endloop
  endfacet
  facet normal 0 0 1
    outer loop
      vertex 90.1034 77.0902 2.5
      vertex 90.2124 74.5935 2.5
      vertex 90.2124 77.0065 2.5
    endloop
  endfacet
  facet normal 0 0 1
    outer loop
      vertex 90.1034 77.0902 2.5
      vertex 90.1034 74.5098 2.5
      vertex 90.2124 74.5935 2.5
    endloop
  endfacet
  facet normal 0 0 1
    outer loop
      vertex 89.9875 77.164 2.5
      vertex 90.1034 74.5098 2.5
      vertex 90.1034 77.0902 2.5
    endloop
  endfacet
  facet normal 0 0 1
    outer loop
      vertex 89.9875 77.164 2.5
      vertex 89.9875 74.436 2.5
      vertex 90.1034 74.5098 2.5
    endloop
  endfacet
  facet normal 0 0 1
    outer loop
      vertex 89.8656 77.2274 2.5
      vertex 89.9875 74.436 2.5
      vertex 89.9875 77.164 2.5
    endloop
  endfacet
  facet normal 0 0 1
    outer loop
      vertex 89.8656 77.2274 2.5
      vertex 89.8656 74.3726 2.5
      vertex 89.9875 74.436 2.5
    endloop
  endfacet
  facet normal 0 0 1
    outer loop
      vertex 89.7387 77.28 2.5
      vertex 89.8656 74.3726 2.5
      vertex 89.8656 77.2274 2.5
    endloop
  endfacet
  facet normal 0 0 1
    outer loop
      vertex 89.7387 77.28 2.5
      vertex 89.7387 74.32 2.5
      vertex 89.8656 74.3726 2.5
    endloop
  endfacet
  facet normal 0 0 1
    outer loop
      vertex 89.6076 77.3213 2.5
      vertex 89.7387 74.32 2.5
      vertex 89.7387 77.28 2.5
    endloop
  endfacet
  facet normal 0 0 1
    outer loop
      vertex 89.6076 77.3213 2.5
      vertex 89.6076 74.2787 2.5
      vertex 89.7387 74.32 2.5
    endloop
  endfacet
  facet normal 0 0 1
    outer loop
      vertex 89.4735 77.3511 2.5
      vertex 89.6076 74.2787 2.5
      vertex 89.6076 77.3213 2.5
    endloop
  endfacet
  facet normal 0 0 1
    outer loop
      vertex 89.4735 77.3511 2.5
      vertex 89.4735 74.2489 2.5
      vertex 89.6076 74.2787 2.5
    endloop
  endfacet
  facet normal 0 0 1
    outer loop
      vertex 89.3373 77.369 2.5
      vertex 89.4735 74.2489 2.5
      vertex 89.4735 77.3511 2.5
    endloop
  endfacet
  facet normal 0 0 1
    outer loop
      vertex 89.3373 77.369 2.5
      vertex 89.3373 74.231 2.5
      vertex 89.4735 74.2489 2.5
    endloop
  endfacet
  facet normal 0 0 1
    outer loop
      vertex 89.2 77.375 2.5
      vertex 89.3373 74.231 2.5
      vertex 89.3373 77.369 2.5
    endloop
  endfacet
  facet normal 0 0 1
    outer loop
      vertex 89.2 77.375 2.5
      vertex 89.2 74.225 2.5
      vertex 89.3373 74.231 2.5
    endloop
  endfacet
  facet normal -0 0 1
    outer loop
      vertex 89.0627 77.369 2.5
      vertex 89.2 74.225 2.5
      vertex 89.2 77.375 2.5
    endloop
  endfacet
  facet normal 0 0 1
    outer loop
      vertex 89.0627 77.369 2.5
      vertex 89.0627 74.231 2.5
      vertex 89.2 74.225 2.5
    endloop
  endfacet
  facet normal -0 0 1
    outer loop
      vertex 88.9265 77.3511 2.5
      vertex 89.0627 74.231 2.5
      vertex 89.0627 77.369 2.5
    endloop
  endfacet
  facet normal 0 0 1
    outer loop
      vertex 88.9265 77.3511 2.5
      vertex 88.9265 74.2489 2.5
      vertex 89.0627 74.231 2.5
    endloop
  endfacet
  facet normal -0 0 1
    outer loop
      vertex 88.7924 77.3213 2.5
      vertex 88.9265 74.2489 2.5
      vertex 88.9265 77.3511 2.5
    endloop
  endfacet
  facet normal 0 0 1
    outer loop
      vertex 88.7924 77.3213 2.5
      vertex 88.7924 74.2787 2.5
      vertex 88.9265 74.2489 2.5
    endloop
  endfacet
  facet normal -0 0 1
    outer loop
      vertex 88.6613 77.28 2.5
      vertex 88.7924 74.2787 2.5
      vertex 88.7924 77.3213 2.5
    endloop
  endfacet
  facet normal 0 0 1
    outer loop
      vertex 88.6613 77.28 2.5
      vertex 88.6613 74.32 2.5
      vertex 88.7924 74.2787 2.5
    endloop
  endfacet
  facet normal -0 0 1
    outer loop
      vertex 88.5344 77.2274 2.5
      vertex 88.6613 74.32 2.5
      vertex 88.6613 77.28 2.5
    endloop
  endfacet
  facet normal 0 0 1
    outer loop
      vertex 88.5344 77.2274 2.5
      vertex 88.5344 74.3726 2.5
      vertex 88.6613 74.32 2.5
    endloop
  endfacet
  facet normal -0 0 1
    outer loop
      vertex 88.4125 77.164 2.5
      vertex 88.5344 74.3726 2.5
      vertex 88.5344 77.2274 2.5
    endloop
  endfacet
  facet normal 0 0 1
    outer loop
      vertex 88.4125 77.164 2.5
      vertex 88.4125 74.436 2.5
      vertex 88.5344 74.3726 2.5
    endloop
  endfacet
  facet normal -0 0 1
    outer loop
      vertex 88.2966 77.0902 2.5
      vertex 88.4125 74.436 2.5
      vertex 88.4125 77.164 2.5
    endloop
  endfacet
  facet normal 0 0 1
    outer loop
      vertex 88.2966 77.0902 2.5
      vertex 88.2966 74.5098 2.5
      vertex 88.4125 74.436 2.5
    endloop
  endfacet
  facet normal -0 0 1
    outer loop
      vertex 88.1876 77.0065 2.5
      vertex 88.2966 74.5098 2.5
      vertex 88.2966 77.0902 2.5
    endloop
  endfacet
  facet normal 0 0 1
    outer loop
      vertex 88.1876 77.0065 2.5
      vertex 88.1876 74.5935 2.5
      vertex 88.2966 74.5098 2.5
    endloop
  endfacet
  facet normal -0 0 1
    outer loop
      vertex 88.0863 76.9137 2.5
      vertex 88.1876 74.5935 2.5
      vertex 88.1876 77.0065 2.5
    endloop
  endfacet
  facet normal 0 0 1
    outer loop
      vertex 88.0863 76.9137 2.5
      vertex 88.0863 74.6863 2.5
      vertex 88.1876 74.5935 2.5
    endloop
  endfacet
  facet normal -0 0 1
    outer loop
      vertex 87.9935 76.8124 2.5
      vertex 88.0863 74.6863 2.5
      vertex 88.0863 76.9137 2.5
    endloop
  endfacet
  facet normal 0 0 1
    outer loop
      vertex 87.9935 76.8124 2.5
      vertex 87.9935 74.7876 2.5
      vertex 88.0863 74.6863 2.5
    endloop
  endfacet
  facet normal -0 0 1
    outer loop
      vertex 87.9098 76.7034 2.5
      vertex 87.9935 74.7876 2.5
      vertex 87.9935 76.8124 2.5
    endloop
  endfacet
  facet normal 0 0 1
    outer loop
      vertex 87.9098 76.7034 2.5
      vertex 87.9098 74.8966 2.5
      vertex 87.9935 74.7876 2.5
    endloop
  endfacet
  facet normal -0 0 1
    outer loop
      vertex 87.836 76.5875 2.5
      vertex 87.9098 74.8966 2.5
      vertex 87.9098 76.7034 2.5
    endloop
  endfacet
  facet normal 0 0 1
    outer loop
      vertex 87.836 76.5875 2.5
      vertex 87.836 75.0125 2.5
      vertex 87.9098 74.8966 2.5
    endloop
  endfacet
  facet normal -0 0 1
    outer loop
      vertex 87.7726 76.4656 2.5
      vertex 87.836 75.0125 2.5
      vertex 87.836 76.5875 2.5
    endloop
  endfacet
  facet normal 0 0 1
    outer loop
      vertex 87.7726 76.4656 2.5
      vertex 87.7726 75.1344 2.5
      vertex 87.836 75.0125 2.5
    endloop
  endfacet
  facet normal -0 0 1
    outer loop
      vertex 87.72 76.3387 2.5
      vertex 87.7726 75.1344 2.5
      vertex 87.7726 76.4656 2.5
    endloop
  endfacet
  facet normal 0 0 1
    outer loop
      vertex 87.72 76.3387 2.5
      vertex 87.72 75.2613 2.5
      vertex 87.7726 75.1344 2.5
    endloop
  endfacet
  facet normal -0 0 1
    outer loop
      vertex 87.6787 76.2076 2.5
      vertex 87.72 75.2613 2.5
      vertex 87.72 76.3387 2.5
    endloop
  endfacet
  facet normal 0 0 1
    outer loop
      vertex 87.6787 76.2076 2.5
      vertex 87.6787 75.3924 2.5
      vertex 87.72 75.2613 2.5
    endloop
  endfacet
  facet normal -0 0 1
    outer loop
      vertex 87.6489 76.0735 2.5
      vertex 87.6787 75.3924 2.5
      vertex 87.6787 76.2076 2.5
    endloop
  endfacet
  facet normal 0 0 1
    outer loop
      vertex 87.6489 76.0735 2.5
      vertex 87.6489 75.5265 2.5
      vertex 87.6787 75.3924 2.5
    endloop
  endfacet
  facet normal -0 0 1
    outer loop
      vertex 87.631 75.9373 2.5
      vertex 87.6489 75.5265 2.5
      vertex 87.6489 76.0735 2.5
    endloop
  endfacet
  facet normal 0 0 1
    outer loop
      vertex 87.631 75.9373 2.5
      vertex 87.631 75.6627 2.5
      vertex 87.6489 75.5265 2.5
    endloop
  endfacet
  facet normal 0 -0 1
    outer loop
      vertex 87.631 75.6627 2.5
      vertex 87.631 75.9373 2.5
      vertex 87.625 75.8 2.5
    endloop
  endfacet
  facet normal 1 0 0
    outer loop
      vertex 2.5 87.5 45
      vertex 2.5 69.6 22.6
      vertex 2.5 87.5 2.5
    endloop
  endfacet
  facet normal 1 0 0
    outer loop
      vertex 2.5 87.5 45
      vertex 2.5 56.75 22.6
      vertex 2.5 69.6 22.6
    endloop
  endfacet
  facet normal 1 -0 0
    outer loop
      vertex 2.5 41.5888 14.9855
      vertex 2.5 56.75 10.75
      vertex 2.5 56.75 22.6
    endloop
  endfacet
  facet normal 1 -0 0
    outer loop
      vertex 2.5 23.6 36.35
      vertex 2.5 56.75 22.6
      vertex 2.5 87.5 45
    endloop
  endfacet
  facet normal 1 0 0
    outer loop
      vertex 2.5 56.75 10.75
      vertex 2.5 41.6534 14.4946
      vertex 2.5 41.675 14
    endloop
  endfacet
  facet normal 1 0 0
    outer loop
      vertex 2.5 56.75 10.75
      vertex 2.5 41.5888 14.9855
      vertex 2.5 41.6534 14.4946
    endloop
  endfacet
  facet normal 1 0 0
    outer loop
      vertex 2.5 56.75 22.6
      vertex 2.5 41.4816 15.4688
      vertex 2.5 41.5888 14.9855
    endloop
  endfacet
  facet normal 1 0 0
    outer loop
      vertex 2.5 56.75 22.6
      vertex 2.5 41.3328 15.941
      vertex 2.5 41.4816 15.4688
    endloop
  endfacet
  facet normal 1 0 0
    outer loop
      vertex 2.5 56.75 22.6
      vertex 2.5 41.1433 16.3984
      vertex 2.5 41.3328 15.941
    endloop
  endfacet
  facet normal 1 0 0
    outer loop
      vertex 2.5 56.75 22.6
      vertex 2.5 40.9147 16.8375
      vertex 2.5 41.1433 16.3984
    endloop
  endfacet
  facet normal 1 0 0
    outer loop
      vertex 2.5 56.75 22.6
      vertex 2.5 40.6487 17.255
      vertex 2.5 40.9147 16.8375
    endloop
  endfacet
  facet normal 1 0 0
    outer loop
      vertex 2.5 56.75 22.6
      vertex 2.5 40.3473 17.6478
      vertex 2.5 40.6487 17.255
    endloop
  endfacet
  facet normal 1 0 0
    outer loop
      vertex 2.5 56.75 22.6
      vertex 2.5 40.0128 18.0128
      vertex 2.5 40.3473 17.6478
    endloop
  endfacet
  facet normal 1 0 0
    outer loop
      vertex 2.5 56.75 22.6
      vertex 2.5 39.6478 18.3473
      vertex 2.5 40.0128 18.0128
    endloop
  endfacet
  facet normal 1 0 0
    outer loop
      vertex 2.5 56.75 22.6
      vertex 2.5 39.255 18.6487
      vertex 2.5 39.6478 18.3473
    endloop
  endfacet
  facet normal 1 0 0
    outer loop
      vertex 2.5 56.75 22.6
      vertex 2.5 38.8375 18.9147
      vertex 2.5 39.255 18.6487
    endloop
  endfacet
  facet normal 1 0 -0
    outer loop
      vertex 2.5 37.941 19.3328
      vertex 2.5 56.75 22.6
      vertex 2.5 23.6 36.35
    endloop
  endfacet
  facet normal 1 0 0
    outer loop
      vertex 2.5 56.75 22.6
      vertex 2.5 38.3984 19.1433
      vertex 2.5 38.8375 18.9147
    endloop
  endfacet
  facet normal 1 0 0
    outer loop
      vertex 2.5 56.75 22.6
      vertex 2.5 37.941 19.3328
      vertex 2.5 38.3984 19.1433
    endloop
  endfacet
  facet normal 1 0 0
    outer loop
      vertex 2.5 37.941 19.3328
      vertex 2.5 23.6 36.35
      vertex 2.5 37.4688 19.4816
    endloop
  endfacet
  facet normal 1 0 0
    outer loop
      vertex 2.5 37.4688 19.4816
      vertex 2.5 23.6 36.35
      vertex 2.5 36.9855 19.5888
    endloop
  endfacet
  facet normal 1 0 0
    outer loop
      vertex 2.5 36.9855 19.5888
      vertex 2.5 23.6 36.35
      vertex 2.5 36.4946 19.6534
    endloop
  endfacet
  facet normal 1 0 0
    outer loop
      vertex 2.5 36.4946 19.6534
      vertex 2.5 23.6 36.35
      vertex 2.5 36 19.675
    endloop
  endfacet
  facet normal 1 -0 0
    outer loop
      vertex 2.5 23.6 28
      vertex 2.5 36 19.675
      vertex 2.5 23.6 36.35
    endloop
  endfacet
  facet normal 1 0 0
    outer loop
      vertex 2.5 36 19.675
      vertex 2.5 23.6 28
      vertex 2.5 35.5054 19.6534
    endloop
  endfacet
  facet normal 1 0 0
    outer loop
      vertex 2.5 35.5054 19.6534
      vertex 2.5 23.6 28
      vertex 2.5 35.0145 19.5888
    endloop
  endfacet
  facet normal 1 0 0
    outer loop
      vertex 2.5 35.0145 19.5888
      vertex 2.5 23.6 28
      vertex 2.5 34.5312 19.4816
    endloop
  endfacet
  facet normal 1 0 0
    outer loop
      vertex 2.5 30.5184 15.4688
      vertex 2.5 16.75 28
      vertex 2.5 30.4112 14.9855
    endloop
  endfacet
  facet normal 1 -0 0
    outer loop
      vertex 2.5 16.75 28
      vertex 2.5 30.5184 15.4688
      vertex 2.5 23.6 28
    endloop
  endfacet
  facet normal 1 0 0
    outer loop
      vertex 2.5 30.6672 15.941
      vertex 2.5 23.6 28
      vertex 2.5 30.5184 15.4688
    endloop
  endfacet
  facet normal 1 0 0
    outer loop
      vertex 2.5 30.8567 16.3984
      vertex 2.5 23.6 28
      vertex 2.5 30.6672 15.941
    endloop
  endfacet
  facet normal 1 0 0
    outer loop
      vertex 2.5 31.0853 16.8375
      vertex 2.5 23.6 28
      vertex 2.5 30.8567 16.3984
    endloop
  endfacet
  facet normal 1 0 0
    outer loop
      vertex 2.5 31.3513 17.255
      vertex 2.5 23.6 28
      vertex 2.5 31.0853 16.8375
    endloop
  endfacet
  facet normal 1 0 0
    outer loop
      vertex 2.5 31.6527 17.6478
      vertex 2.5 23.6 28
      vertex 2.5 31.3513 17.255
    endloop
  endfacet
  facet normal 1 0 0
    outer loop
      vertex 2.5 31.9872 18.0128
      vertex 2.5 23.6 28
      vertex 2.5 31.6527 17.6478
    endloop
  endfacet
  facet normal 1 0 0
    outer loop
      vertex 2.5 32.3522 18.3473
      vertex 2.5 23.6 28
      vertex 2.5 31.9872 18.0128
    endloop
  endfacet
  facet normal 1 0 0
    outer loop
      vertex 2.5 32.745 18.6487
      vertex 2.5 23.6 28
      vertex 2.5 32.3522 18.3473
    endloop
  endfacet
  facet normal 1 0 0
    outer loop
      vertex 2.5 33.1625 18.9147
      vertex 2.5 23.6 28
      vertex 2.5 32.745 18.6487
    endloop
  endfacet
  facet normal 1 0 0
    outer loop
      vertex 2.5 33.6016 19.1433
      vertex 2.5 23.6 28
      vertex 2.5 33.1625 18.9147
    endloop
  endfacet
  facet normal 1 0 0
    outer loop
      vertex 2.5 34.059 19.3328
      vertex 2.5 23.6 28
      vertex 2.5 33.6016 19.1433
    endloop
  endfacet
  facet normal 1 0 0
    outer loop
      vertex 2.5 34.5312 19.4816
      vertex 2.5 23.6 28
      vertex 2.5 34.059 19.3328
    endloop
  endfacet
  facet normal 1 -0 0
    outer loop
      vertex 2.5 2.5 45
      vertex 2.5 23.6 36.35
      vertex 2.5 87.5 45
    endloop
  endfacet
  facet normal 1 0 0
    outer loop
      vertex 2.5 16.75 36.35
      vertex 2.5 2.5 45
      vertex 2.5 16.75 28
    endloop
  endfacet
  facet normal 1 0 0
    outer loop
      vertex 2.5 23.6 36.35
      vertex 2.5 2.5 45
      vertex 2.5 16.75 36.35
    endloop
  endfacet
  facet normal 1 -0 0
    outer loop
      vertex 2.5 69.6 10.75
      vertex 2.5 87.5 2.5
      vertex 2.5 69.6 22.6
    endloop
  endfacet
  facet normal 1 -0 0
    outer loop
      vertex 2.5 56.75 10.75
      vertex 2.5 87.5 2.5
      vertex 2.5 69.6 10.75
    endloop
  endfacet
  facet normal 1 -0 0
    outer loop
      vertex 2.5 41.6534 13.5054
      vertex 2.5 56.75 10.75
      vertex 2.5 41.675 14
    endloop
  endfacet
  facet normal 1 -0 0
    outer loop
      vertex 2.5 41.5888 13.0145
      vertex 2.5 56.75 10.75
      vertex 2.5 41.6534 13.5054
    endloop
  endfacet
  facet normal 1 -0 0
    outer loop
      vertex 2.5 41.4816 12.5312
      vertex 2.5 56.75 10.75
      vertex 2.5 41.5888 13.0145
    endloop
  endfacet
  facet normal 1 -0 0
    outer loop
      vertex 2.5 41.3328 12.059
      vertex 2.5 56.75 10.75
      vertex 2.5 41.4816 12.5312
    endloop
  endfacet
  facet normal 1 -0 0
    outer loop
      vertex 2.5 41.1433 11.6016
      vertex 2.5 56.75 10.75
      vertex 2.5 41.3328 12.059
    endloop
  endfacet
  facet normal 1 -0 0
    outer loop
      vertex 2.5 40.9147 11.1625
      vertex 2.5 56.75 10.75
      vertex 2.5 41.1433 11.6016
    endloop
  endfacet
  facet normal 1 0 0
    outer loop
      vertex 2.5 40.6487 10.745
      vertex 2.5 56.75 10.75
      vertex 2.5 40.9147 11.1625
    endloop
  endfacet
  facet normal 1 0 0
    outer loop
      vertex 2.5 40.3473 10.3522
      vertex 2.5 56.75 10.75
      vertex 2.5 40.6487 10.745
    endloop
  endfacet
  facet normal 1 0 0
    outer loop
      vertex 2.5 40.0128 9.98717
      vertex 2.5 56.75 10.75
      vertex 2.5 40.3473 10.3522
    endloop
  endfacet
  facet normal 1 0 0
    outer loop
      vertex 2.5 39.6478 9.6527
      vertex 2.5 56.75 10.75
      vertex 2.5 40.0128 9.98717
    endloop
  endfacet
  facet normal 1 0 0
    outer loop
      vertex 2.5 39.255 9.35131
      vertex 2.5 56.75 10.75
      vertex 2.5 39.6478 9.6527
    endloop
  endfacet
  facet normal 1 0 0
    outer loop
      vertex 2.5 38.8375 9.08531
      vertex 2.5 56.75 10.75
      vertex 2.5 39.255 9.35131
    endloop
  endfacet
  facet normal 1 0 0
    outer loop
      vertex 2.5 38.3984 8.8567
      vertex 2.5 56.75 10.75
      vertex 2.5 38.8375 9.08531
    endloop
  endfacet
  facet normal 1 0 0
    outer loop
      vertex 2.5 37.941 8.66724
      vertex 2.5 56.75 10.75
      vertex 2.5 38.3984 8.8567
    endloop
  endfacet
  facet normal 1 0 0
    outer loop
      vertex 2.5 37.4688 8.51837
      vertex 2.5 56.75 10.75
      vertex 2.5 37.941 8.66724
    endloop
  endfacet
  facet normal 1 0 0
    outer loop
      vertex 2.5 56.75 10.75
      vertex 2.5 37.4688 8.51837
      vertex 2.5 87.5 2.5
    endloop
  endfacet
  facet normal 1 -0 0
    outer loop
      vertex 2.5 36.9855 8.41122
      vertex 2.5 87.5 2.5
      vertex 2.5 37.4688 8.51837
    endloop
  endfacet
  facet normal 1 -0 0
    outer loop
      vertex 2.5 36.4946 8.34659
      vertex 2.5 87.5 2.5
      vertex 2.5 36.9855 8.41122
    endloop
  endfacet
  facet normal 1 0 0
    outer loop
      vertex 2.5 2.5 2.5
      vertex 2.5 36.4946 8.34659
      vertex 2.5 36 8.325
    endloop
  endfacet
  facet normal 1 0 0
    outer loop
      vertex 2.5 2.5 2.5
      vertex 2.5 36 8.325
      vertex 2.5 35.5054 8.34659
    endloop
  endfacet
  facet normal 1 0 0
    outer loop
      vertex 2.5 30.4112 14.9855
      vertex 2.5 16.75 28
      vertex 2.5 30.3466 14.4946
    endloop
  endfacet
  facet normal 1 0 0
    outer loop
      vertex 2.5 30.3466 14.4946
      vertex 2.5 16.75 28
      vertex 2.5 30.325 14
    endloop
  endfacet
  facet normal 1 0 0
    outer loop
      vertex 2.5 30.325 14
      vertex 2.5 16.75 28
      vertex 2.5 30.3466 13.5054
    endloop
  endfacet
  facet normal 1 0 0
    outer loop
      vertex 2.5 2.5 2.5
      vertex 2.5 30.3466 13.5054
      vertex 2.5 16.75 28
    endloop
  endfacet
  facet normal 1 0 0
    outer loop
      vertex 2.5 30.3466 13.5054
      vertex 2.5 2.5 2.5
      vertex 2.5 30.4112 13.0145
    endloop
  endfacet
  facet normal 1 0 0
    outer loop
      vertex 2.5 30.4112 13.0145
      vertex 2.5 2.5 2.5
      vertex 2.5 30.5184 12.5312
    endloop
  endfacet
  facet normal 1 0 0
    outer loop
      vertex 2.5 30.5184 12.5312
      vertex 2.5 2.5 2.5
      vertex 2.5 30.6672 12.059
    endloop
  endfacet
  facet normal 1 0 0
    outer loop
      vertex 2.5 30.6672 12.059
      vertex 2.5 2.5 2.5
      vertex 2.5 30.8567 11.6016
    endloop
  endfacet
  facet normal 1 0 0
    outer loop
      vertex 2.5 30.8567 11.6016
      vertex 2.5 2.5 2.5
      vertex 2.5 31.0853 11.1625
    endloop
  endfacet
  facet normal 1 0 0
    outer loop
      vertex 2.5 31.0853 11.1625
      vertex 2.5 2.5 2.5
      vertex 2.5 31.3513 10.745
    endloop
  endfacet
  facet normal 1 0 0
    outer loop
      vertex 2.5 36.4946 8.34659
      vertex 2.5 2.5 2.5
      vertex 2.5 87.5 2.5
    endloop
  endfacet
  facet normal 1 0 0
    outer loop
      vertex 2.5 35.0145 8.41122
      vertex 2.5 2.5 2.5
      vertex 2.5 35.5054 8.34659
    endloop
  endfacet
  facet normal 1 0 0
    outer loop
      vertex 2.5 34.5312 8.51837
      vertex 2.5 2.5 2.5
      vertex 2.5 35.0145 8.41122
    endloop
  endfacet
  facet normal 1 0 0
    outer loop
      vertex 2.5 34.059 8.66724
      vertex 2.5 2.5 2.5
      vertex 2.5 34.5312 8.51837
    endloop
  endfacet
  facet normal 1 0 0
    outer loop
      vertex 2.5 33.6016 8.8567
      vertex 2.5 2.5 2.5
      vertex 2.5 34.059 8.66724
    endloop
  endfacet
  facet normal 1 0 0
    outer loop
      vertex 2.5 33.1625 9.08531
      vertex 2.5 2.5 2.5
      vertex 2.5 33.6016 8.8567
    endloop
  endfacet
  facet normal 1 0 0
    outer loop
      vertex 2.5 32.745 9.35131
      vertex 2.5 2.5 2.5
      vertex 2.5 33.1625 9.08531
    endloop
  endfacet
  facet normal 1 0 0
    outer loop
      vertex 2.5 32.3522 9.6527
      vertex 2.5 2.5 2.5
      vertex 2.5 32.745 9.35131
    endloop
  endfacet
  facet normal 1 0 0
    outer loop
      vertex 2.5 31.9872 9.98717
      vertex 2.5 2.5 2.5
      vertex 2.5 32.3522 9.6527
    endloop
  endfacet
  facet normal 1 0 0
    outer loop
      vertex 2.5 31.6527 10.3522
      vertex 2.5 2.5 2.5
      vertex 2.5 31.9872 9.98717
    endloop
  endfacet
  facet normal 1 0 0
    outer loop
      vertex 2.5 31.3513 10.745
      vertex 2.5 2.5 2.5
      vertex 2.5 31.6527 10.3522
    endloop
  endfacet
  facet normal 1 0 0
    outer loop
      vertex 2.5 2.5 2.5
      vertex 2.5 16.75 28
      vertex 2.5 2.5 45
    endloop
  endfacet
  facet normal 0 -1 0
    outer loop
      vertex 2.5 87.5 2.5
      vertex 112.5 87.5 45
      vertex 2.5 87.5 45
    endloop
  endfacet
  facet normal 0 -1 -0
    outer loop
      vertex 112.5 87.5 45
      vertex 2.5 87.5 2.5
      vertex 112.5 87.5 2.5
    endloop
  endfacet
  facet normal 0 1 0
    outer loop
      vertex 112.5 2.5 45
      vertex 93.6 2.5 37.6
      vertex 2.5 2.5 45
    endloop
  endfacet
  facet normal 0 1 0
    outer loop
      vertex 106.671 2.5 28.7606
      vertex 112.5 2.5 45
      vertex 107 2.5 28.775
    endloop
  endfacet
  facet normal 0 1 0
    outer loop
      vertex 112.5 2.5 45
      vertex 107.329 2.5 28.7606
      vertex 107 2.5 28.775
    endloop
  endfacet
  facet normal 0 1 0
    outer loop
      vertex 112.5 2.5 45
      vertex 107.656 2.5 28.7176
      vertex 107.329 2.5 28.7606
    endloop
  endfacet
  facet normal 0 1 0
    outer loop
      vertex 112.5 2.5 45
      vertex 107.977 2.5 28.6464
      vertex 107.656 2.5 28.7176
    endloop
  endfacet
  facet normal 0 1 0
    outer loop
      vertex 112.5 2.5 45
      vertex 108.291 2.5 28.5473
      vertex 107.977 2.5 28.6464
    endloop
  endfacet
  facet normal 0 1 0
    outer loop
      vertex 112.5 2.5 45
      vertex 108.595 2.5 28.4213
      vertex 108.291 2.5 28.5473
    endloop
  endfacet
  facet normal 0 1 0
    outer loop
      vertex 112.5 2.5 45
      vertex 108.887 2.5 28.2692
      vertex 108.595 2.5 28.4213
    endloop
  endfacet
  facet normal 0 1 0
    outer loop
      vertex 112.5 2.5 45
      vertex 109.165 2.5 28.0923
      vertex 108.887 2.5 28.2692
    endloop
  endfacet
  facet normal 0 1 0
    outer loop
      vertex 112.5 2.5 45
      vertex 109.427 2.5 27.8918
      vertex 109.165 2.5 28.0923
    endloop
  endfacet
  facet normal 0 1 0
    outer loop
      vertex 112.5 2.5 45
      vertex 109.669 2.5 27.6693
      vertex 109.427 2.5 27.8918
    endloop
  endfacet
  facet normal 0 1 0
    outer loop
      vertex 112.5 2.5 45
      vertex 109.892 2.5 27.4265
      vertex 109.669 2.5 27.6693
    endloop
  endfacet
  facet normal 0 1 0
    outer loop
      vertex 112.5 2.5 45
      vertex 110.092 2.5 27.1653
      vertex 109.892 2.5 27.4265
    endloop
  endfacet
  facet normal 0 1 0
    outer loop
      vertex 112.5 2.5 45
      vertex 110.269 2.5 26.8875
      vertex 110.092 2.5 27.1653
    endloop
  endfacet
  facet normal 0 1 0
    outer loop
      vertex 112.5 2.5 45
      vertex 110.421 2.5 26.5954
      vertex 110.269 2.5 26.8875
    endloop
  endfacet
  facet normal 0 1 0
    outer loop
      vertex 112.5 2.5 45
      vertex 110.547 2.5 26.2911
      vertex 110.421 2.5 26.5954
    endloop
  endfacet
  facet normal 0 1 0
    outer loop
      vertex 112.5 2.5 45
      vertex 110.646 2.5 25.977
      vertex 110.547 2.5 26.2911
    endloop
  endfacet
  facet normal 0 1 0
    outer loop
      vertex 112.5 2.5 45
      vertex 110.718 2.5 25.6555
      vertex 110.646 2.5 25.977
    endloop
  endfacet
  facet normal 0 1 0
    outer loop
      vertex 112.5 2.5 45
      vertex 110.761 2.5 25.329
      vertex 110.718 2.5 25.6555
    endloop
  endfacet
  facet normal 0 1 0
    outer loop
      vertex 112.5 2.5 45
      vertex 110.775 2.5 25
      vertex 110.761 2.5 25.329
    endloop
  endfacet
  facet normal 0 1 -0
    outer loop
      vertex 112.5 2.5 2.5
      vertex 110.775 2.5 25
      vertex 112.5 2.5 45
    endloop
  endfacet
  facet normal 0 1 0
    outer loop
      vertex 112.5 2.5 2.5
      vertex 107 2.5 21.225
      vertex 107.329 2.5 21.2394
    endloop
  endfacet
  facet normal 0 1 0
    outer loop
      vertex 112.5 2.5 2.5
      vertex 107.329 2.5 21.2394
      vertex 107.656 2.5 21.2824
    endloop
  endfacet
  facet normal 0 1 0
    outer loop
      vertex 112.5 2.5 2.5
      vertex 107.656 2.5 21.2824
      vertex 107.977 2.5 21.3536
    endloop
  endfacet
  facet normal 0 1 0
    outer loop
      vertex 112.5 2.5 2.5
      vertex 107.977 2.5 21.3536
      vertex 108.291 2.5 21.4527
    endloop
  endfacet
  facet normal 0 1 0
    outer loop
      vertex 112.5 2.5 2.5
      vertex 108.291 2.5 21.4527
      vertex 108.595 2.5 21.5787
    endloop
  endfacet
  facet normal 0 1 0
    outer loop
      vertex 112.5 2.5 2.5
      vertex 108.595 2.5 21.5787
      vertex 108.887 2.5 21.7308
    endloop
  endfacet
  facet normal 0 1 0
    outer loop
      vertex 93.6 2.5 12.75
      vertex 112.5 2.5 2.5
      vertex 21.75 2.5 12.75
    endloop
  endfacet
  facet normal 0 1 0
    outer loop
      vertex 107 2.5 21.225
      vertex 112.5 2.5 2.5
      vertex 93.6 2.5 12.75
    endloop
  endfacet
  facet normal 0 1 0
    outer loop
      vertex 109.165 2.5 21.9077
      vertex 112.5 2.5 2.5
      vertex 108.887 2.5 21.7308
    endloop
  endfacet
  facet normal 0 1 0
    outer loop
      vertex 109.427 2.5 22.1082
      vertex 112.5 2.5 2.5
      vertex 109.165 2.5 21.9077
    endloop
  endfacet
  facet normal 0 1 0
    outer loop
      vertex 109.669 2.5 22.3307
      vertex 112.5 2.5 2.5
      vertex 109.427 2.5 22.1082
    endloop
  endfacet
  facet normal 0 1 0
    outer loop
      vertex 109.892 2.5 22.5735
      vertex 112.5 2.5 2.5
      vertex 109.669 2.5 22.3307
    endloop
  endfacet
  facet normal 0 1 0
    outer loop
      vertex 110.092 2.5 22.8347
      vertex 112.5 2.5 2.5
      vertex 109.892 2.5 22.5735
    endloop
  endfacet
  facet normal 0 1 0
    outer loop
      vertex 110.269 2.5 23.1125
      vertex 112.5 2.5 2.5
      vertex 110.092 2.5 22.8347
    endloop
  endfacet
  facet normal 0 1 0
    outer loop
      vertex 110.421 2.5 23.4046
      vertex 112.5 2.5 2.5
      vertex 110.269 2.5 23.1125
    endloop
  endfacet
  facet normal 0 1 0
    outer loop
      vertex 110.547 2.5 23.7089
      vertex 112.5 2.5 2.5
      vertex 110.421 2.5 23.4046
    endloop
  endfacet
  facet normal 0 1 0
    outer loop
      vertex 110.646 2.5 24.023
      vertex 112.5 2.5 2.5
      vertex 110.547 2.5 23.7089
    endloop
  endfacet
  facet normal 0 1 0
    outer loop
      vertex 110.718 2.5 24.3445
      vertex 112.5 2.5 2.5
      vertex 110.646 2.5 24.023
    endloop
  endfacet
  facet normal 0 1 0
    outer loop
      vertex 110.761 2.5 24.671
      vertex 112.5 2.5 2.5
      vertex 110.718 2.5 24.3445
    endloop
  endfacet
  facet normal 0 1 0
    outer loop
      vertex 110.775 2.5 25
      vertex 112.5 2.5 2.5
      vertex 110.761 2.5 24.671
    endloop
  endfacet
  facet normal 0 1 -0
    outer loop
      vertex 21.75 2.5 37.6
      vertex 2.5 2.5 45
      vertex 93.6 2.5 37.6
    endloop
  endfacet
  facet normal 0 1 -0
    outer loop
      vertex 21.75 2.5 12.75
      vertex 2.5 2.5 45
      vertex 21.75 2.5 37.6
    endloop
  endfacet
  facet normal 0 1 0
    outer loop
      vertex 21.75 2.5 12.75
      vertex 2.5 2.5 2.5
      vertex 2.5 2.5 45
    endloop
  endfacet
  facet normal 0 1 0
    outer loop
      vertex 2.5 2.5 2.5
      vertex 21.75 2.5 12.75
      vertex 112.5 2.5 2.5
    endloop
  endfacet
  facet normal 0 1 0
    outer loop
      vertex 106.344 2.5 28.7176
      vertex 112.5 2.5 45
      vertex 106.671 2.5 28.7606
    endloop
  endfacet
  facet normal 0 1 0
    outer loop
      vertex 112.5 2.5 45
      vertex 106.344 2.5 28.7176
      vertex 93.6 2.5 37.6
    endloop
  endfacet
  facet normal 0 1 -0
    outer loop
      vertex 106.023 2.5 28.6464
      vertex 93.6 2.5 37.6
      vertex 106.344 2.5 28.7176
    endloop
  endfacet
  facet normal 0 1 -0
    outer loop
      vertex 105.709 2.5 28.5473
      vertex 93.6 2.5 37.6
      vertex 106.023 2.5 28.6464
    endloop
  endfacet
  facet normal 0 1 -0
    outer loop
      vertex 105.405 2.5 28.4213
      vertex 93.6 2.5 37.6
      vertex 105.709 2.5 28.5473
    endloop
  endfacet
  facet normal 0 1 -0
    outer loop
      vertex 105.113 2.5 28.2692
      vertex 93.6 2.5 37.6
      vertex 105.405 2.5 28.4213
    endloop
  endfacet
  facet normal 0 1 -0
    outer loop
      vertex 104.835 2.5 28.0923
      vertex 93.6 2.5 37.6
      vertex 105.113 2.5 28.2692
    endloop
  endfacet
  facet normal 0 1 -0
    outer loop
      vertex 104.573 2.5 27.8918
      vertex 93.6 2.5 37.6
      vertex 104.835 2.5 28.0923
    endloop
  endfacet
  facet normal 0 1 -0
    outer loop
      vertex 104.331 2.5 27.6693
      vertex 93.6 2.5 37.6
      vertex 104.573 2.5 27.8918
    endloop
  endfacet
  facet normal 0 1 -0
    outer loop
      vertex 104.108 2.5 27.4265
      vertex 93.6 2.5 37.6
      vertex 104.331 2.5 27.6693
    endloop
  endfacet
  facet normal 0 1 -0
    outer loop
      vertex 103.908 2.5 27.1653
      vertex 93.6 2.5 37.6
      vertex 104.108 2.5 27.4265
    endloop
  endfacet
  facet normal 0 1 -0
    outer loop
      vertex 103.731 2.5 26.8875
      vertex 93.6 2.5 37.6
      vertex 103.908 2.5 27.1653
    endloop
  endfacet
  facet normal 0 1 -0
    outer loop
      vertex 103.579 2.5 26.5954
      vertex 93.6 2.5 37.6
      vertex 103.731 2.5 26.8875
    endloop
  endfacet
  facet normal 0 1 -0
    outer loop
      vertex 103.453 2.5 26.2911
      vertex 93.6 2.5 37.6
      vertex 103.579 2.5 26.5954
    endloop
  endfacet
  facet normal 0 1 -0
    outer loop
      vertex 103.354 2.5 25.977
      vertex 93.6 2.5 37.6
      vertex 103.453 2.5 26.2911
    endloop
  endfacet
  facet normal 0 1 -0
    outer loop
      vertex 103.282 2.5 25.6555
      vertex 93.6 2.5 37.6
      vertex 103.354 2.5 25.977
    endloop
  endfacet
  facet normal 0 1 -0
    outer loop
      vertex 103.239 2.5 25.329
      vertex 93.6 2.5 37.6
      vertex 103.282 2.5 25.6555
    endloop
  endfacet
  facet normal 0 1 -0
    outer loop
      vertex 103.225 2.5 25
      vertex 93.6 2.5 37.6
      vertex 103.239 2.5 25.329
    endloop
  endfacet
  facet normal 0 1 0
    outer loop
      vertex 93.6 2.5 12.75
      vertex 103.225 2.5 25
      vertex 103.239 2.5 24.671
    endloop
  endfacet
  facet normal 0 1 0
    outer loop
      vertex 93.6 2.5 12.75
      vertex 103.239 2.5 24.671
      vertex 103.282 2.5 24.3445
    endloop
  endfacet
  facet normal 0 1 0
    outer loop
      vertex 93.6 2.5 12.75
      vertex 103.282 2.5 24.3445
      vertex 103.354 2.5 24.023
    endloop
  endfacet
  facet normal 0 1 0
    outer loop
      vertex 93.6 2.5 12.75
      vertex 103.354 2.5 24.023
      vertex 103.453 2.5 23.7089
    endloop
  endfacet
  facet normal 0 1 0
    outer loop
      vertex 93.6 2.5 12.75
      vertex 103.453 2.5 23.7089
      vertex 103.579 2.5 23.4046
    endloop
  endfacet
  facet normal 0 1 0
    outer loop
      vertex 93.6 2.5 12.75
      vertex 103.579 2.5 23.4046
      vertex 103.731 2.5 23.1125
    endloop
  endfacet
  facet normal 0 1 0
    outer loop
      vertex 93.6 2.5 12.75
      vertex 103.731 2.5 23.1125
      vertex 103.908 2.5 22.8347
    endloop
  endfacet
  facet normal 0 1 0
    outer loop
      vertex 103.225 2.5 25
      vertex 93.6 2.5 12.75
      vertex 93.6 2.5 37.6
    endloop
  endfacet
  facet normal 0 1 0
    outer loop
      vertex 104.108 2.5 22.5735
      vertex 93.6 2.5 12.75
      vertex 103.908 2.5 22.8347
    endloop
  endfacet
  facet normal 0 1 0
    outer loop
      vertex 104.331 2.5 22.3307
      vertex 93.6 2.5 12.75
      vertex 104.108 2.5 22.5735
    endloop
  endfacet
  facet normal 0 1 0
    outer loop
      vertex 104.573 2.5 22.1082
      vertex 93.6 2.5 12.75
      vertex 104.331 2.5 22.3307
    endloop
  endfacet
  facet normal 0 1 0
    outer loop
      vertex 104.835 2.5 21.9077
      vertex 93.6 2.5 12.75
      vertex 104.573 2.5 22.1082
    endloop
  endfacet
  facet normal 0 1 0
    outer loop
      vertex 105.113 2.5 21.7308
      vertex 93.6 2.5 12.75
      vertex 104.835 2.5 21.9077
    endloop
  endfacet
  facet normal 0 1 0
    outer loop
      vertex 105.405 2.5 21.5787
      vertex 93.6 2.5 12.75
      vertex 105.113 2.5 21.7308
    endloop
  endfacet
  facet normal 0 1 0
    outer loop
      vertex 105.709 2.5 21.4527
      vertex 93.6 2.5 12.75
      vertex 105.405 2.5 21.5787
    endloop
  endfacet
  facet normal 0 1 0
    outer loop
      vertex 106.023 2.5 21.3536
      vertex 93.6 2.5 12.75
      vertex 105.709 2.5 21.4527
    endloop
  endfacet
  facet normal 0 1 0
    outer loop
      vertex 106.344 2.5 21.2824
      vertex 93.6 2.5 12.75
      vertex 106.023 2.5 21.3536
    endloop
  endfacet
  facet normal 0 1 0
    outer loop
      vertex 106.671 2.5 21.2394
      vertex 93.6 2.5 12.75
      vertex 106.344 2.5 21.2824
    endloop
  endfacet
  facet normal 0 1 0
    outer loop
      vertex 93.6 2.5 12.75
      vertex 106.671 2.5 21.2394
      vertex 107 2.5 21.225
    endloop
  endfacet
  facet normal 0 0 1
    outer loop
      vertex 115 90 45
      vertex 112.5 87.5 45
      vertex 115 0 45
    endloop
  endfacet
  facet normal 0 0 1
    outer loop
      vertex 115 90 45
      vertex 2.5 87.5 45
      vertex 112.5 87.5 45
    endloop
  endfacet
  facet normal 0 0 1
    outer loop
      vertex 2.5 87.5 45
      vertex 0 90 45
      vertex 2.5 2.5 45
    endloop
  endfacet
  facet normal -0 0 1
    outer loop
      vertex 0 90 45
      vertex 2.5 87.5 45
      vertex 115 90 45
    endloop
  endfacet
  facet normal -0 0 1
    outer loop
      vertex 112.5 2.5 45
      vertex 115 0 45
      vertex 112.5 87.5 45
    endloop
  endfacet
  facet normal -0 0 1
    outer loop
      vertex 2.5 2.5 45
      vertex 115 0 45
      vertex 112.5 2.5 45
    endloop
  endfacet
  facet normal 0 0 1
    outer loop
      vertex 2.5 2.5 45
      vertex 0 0 45
      vertex 115 0 45
    endloop
  endfacet
  facet normal 0 0 1
    outer loop
      vertex 0 0 45
      vertex 2.5 2.5 45
      vertex 0 90 45
    endloop
  endfacet
  facet normal 0.737269 -0.675599 0
    outer loop
      vertex 39.2506 25.4494 7.5
      vertex 39.4215 25.6359 2.5
      vertex 39.4215 25.6359 7.5
    endloop
  endfacet
  facet normal 0.737269 -0.675599 0
    outer loop
      vertex 39.4215 25.6359 2.5
      vertex 39.2506 25.4494 7.5
      vertex 39.2506 25.4494 2.5
    endloop
  endfacet
  facet normal 0.991403 0.130843 0
    outer loop
      vertex 40.089 27.7528 7.5
      vertex 40.0559 28.0036 2.5
      vertex 40.0559 28.0036 7.5
    endloop
  endfacet
  facet normal 0.991403 0.130843 0
    outer loop
      vertex 40.0559 28.0036 2.5
      vertex 40.089 27.7528 7.5
      vertex 40.089 27.7528 2.5
    endloop
  endfacet
  facet normal 0.999055 0.0434715 0
    outer loop
      vertex 40.1 27.5 7.5
      vertex 40.089 27.7528 2.5
      vertex 40.089 27.7528 7.5
    endloop
  endfacet
  facet normal 0.999055 0.0434715 0
    outer loop
      vertex 40.089 27.7528 2.5
      vertex 40.1 27.5 7.5
      vertex 40.1 27.5 2.5
    endloop
  endfacet
  facet normal 0.976345 0.216219 0
    outer loop
      vertex 40.0559 28.0036 7.5
      vertex 40.0012 28.2506 2.5
      vertex 40.0012 28.2506 7.5
    endloop
  endfacet
  facet normal 0.976345 0.216219 0
    outer loop
      vertex 40.0012 28.2506 2.5
      vertex 40.0559 28.0036 7.5
      vertex 40.0559 28.0036 2.5
    endloop
  endfacet
  facet normal 0.537438 -0.843303 0
    outer loop
      vertex 38.65 24.9885 2.5
      vertex 38.8634 25.1245 7.5
      vertex 38.65 24.9885 7.5
    endloop
  endfacet
  facet normal 0.537438 -0.843303 0
    outer loop
      vertex 38.8634 25.1245 7.5
      vertex 38.65 24.9885 2.5
      vertex 38.8634 25.1245 2.5
    endloop
  endfacet
  facet normal 0.461701 -0.887036 0
    outer loop
      vertex 38.4256 24.8717 2.5
      vertex 38.65 24.9885 7.5
      vertex 38.4256 24.8717 7.5
    endloop
  endfacet
  facet normal 0.461701 -0.887036 0
    outer loop
      vertex 38.65 24.9885 7.5
      vertex 38.4256 24.8717 2.5
      vertex 38.65 24.9885 2.5
    endloop
  endfacet
  facet normal 0.216219 -0.976345 0
    outer loop
      vertex 37.7036 24.6441 2.5
      vertex 37.9506 24.6988 7.5
      vertex 37.7036 24.6441 7.5
    endloop
  endfacet
  facet normal 0.216219 -0.976345 0
    outer loop
      vertex 37.9506 24.6988 7.5
      vertex 37.7036 24.6441 2.5
      vertex 37.9506 24.6988 2.5
    endloop
  endfacet
  facet normal -0.130792 0.99141 0
    outer loop
      vertex 36.9473 30.389 2.5
      vertex 36.6964 30.3559 7.5
      vertex 36.9473 30.389 7.5
    endloop
  endfacet
  facet normal -0.130792 0.99141 0
    outer loop
      vertex 36.6964 30.3559 7.5
      vertex 36.9473 30.389 2.5
      vertex 36.6964 30.3559 2.5
    endloop
  endfacet
  facet normal -0.843303 0.537438 0
    outer loop
      vertex 34.6885 28.95 2.5
      vertex 34.8245 29.1634 7.5
      vertex 34.8245 29.1634 2.5
    endloop
  endfacet
  facet normal -0.843303 0.537438 0
    outer loop
      vertex 34.8245 29.1634 7.5
      vertex 34.6885 28.95 2.5
      vertex 34.6885 28.95 7.5
    endloop
  endfacet
  facet normal -0.382678 0.923882 0
    outer loop
      vertex 36.2081 30.2251 2.5
      vertex 35.9744 30.1283 7.5
      vertex 36.2081 30.2251 7.5
    endloop
  endfacet
  facet normal -0.382678 0.923882 0
    outer loop
      vertex 35.9744 30.1283 7.5
      vertex 36.2081 30.2251 2.5
      vertex 35.9744 30.1283 2.5
    endloop
  endfacet
  facet normal 0.608755 0.793358 -0
    outer loop
      vertex 39.0641 29.7215 2.5
      vertex 38.8634 29.8755 7.5
      vertex 39.0641 29.7215 7.5
    endloop
  endfacet
  facet normal 0.608755 0.793358 0
    outer loop
      vertex 38.8634 29.8755 7.5
      vertex 39.0641 29.7215 2.5
      vertex 38.8634 29.8755 2.5
    endloop
  endfacet
  facet normal 0.216219 0.976345 -0
    outer loop
      vertex 37.9506 30.3012 2.5
      vertex 37.7036 30.3559 7.5
      vertex 37.9506 30.3012 7.5
    endloop
  endfacet
  facet normal 0.216219 0.976345 0
    outer loop
      vertex 37.7036 30.3559 7.5
      vertex 37.9506 30.3012 2.5
      vertex 37.7036 30.3559 2.5
    endloop
  endfacet
  facet normal -0.923882 -0.382678 0
    outer loop
      vertex 34.5717 26.2744 2.5
      vertex 34.4749 26.5081 7.5
      vertex 34.4749 26.5081 2.5
    endloop
  endfacet
  facet normal -0.923882 -0.382678 0
    outer loop
      vertex 34.4749 26.5081 7.5
      vertex 34.5717 26.2744 2.5
      vertex 34.5717 26.2744 7.5
    endloop
  endfacet
  facet normal -0.737269 -0.675599 0
    outer loop
      vertex 35.1494 25.4494 2.5
      vertex 34.9785 25.6359 7.5
      vertex 34.9785 25.6359 2.5
    endloop
  endfacet
  facet normal -0.737269 -0.675599 0
    outer loop
      vertex 34.9785 25.6359 7.5
      vertex 35.1494 25.4494 2.5
      vertex 35.1494 25.4494 7.5
    endloop
  endfacet
  facet normal 0.461701 0.887036 -0
    outer loop
      vertex 38.65 30.0115 2.5
      vertex 38.4256 30.1283 7.5
      vertex 38.65 30.0115 7.5
    endloop
  endfacet
  facet normal 0.461701 0.887036 0
    outer loop
      vertex 38.4256 30.1283 7.5
      vertex 38.65 30.0115 2.5
      vertex 38.4256 30.1283 2.5
    endloop
  endfacet
  facet normal 0.537438 0.843303 -0
    outer loop
      vertex 38.8634 29.8755 2.5
      vertex 38.65 30.0115 7.5
      vertex 38.8634 29.8755 7.5
    endloop
  endfacet
  facet normal 0.537438 0.843303 0
    outer loop
      vertex 38.65 30.0115 7.5
      vertex 38.8634 29.8755 2.5
      vertex 38.65 30.0115 2.5
    endloop
  endfacet
  facet normal -0.537438 0.843303 0
    outer loop
      vertex 35.75 30.0115 2.5
      vertex 35.5366 29.8755 7.5
      vertex 35.75 30.0115 7.5
    endloop
  endfacet
  facet normal -0.537438 0.843303 0
    outer loop
      vertex 35.5366 29.8755 7.5
      vertex 35.75 30.0115 2.5
      vertex 35.5366 29.8755 2.5
    endloop
  endfacet
  facet normal 0.953696 -0.300772 0
    outer loop
      vertex 39.9251 26.5081 7.5
      vertex 40.0012 26.7494 2.5
      vertex 40.0012 26.7494 7.5
    endloop
  endfacet
  facet normal 0.953696 -0.300772 0
    outer loop
      vertex 40.0012 26.7494 2.5
      vertex 39.9251 26.5081 7.5
      vertex 39.9251 26.5081 2.5
    endloop
  endfacet
  facet normal -0.675599 0.737269 0
    outer loop
      vertex 35.3359 29.7215 2.5
      vertex 35.1494 29.5506 7.5
      vertex 35.3359 29.7215 7.5
    endloop
  endfacet
  facet normal -0.675599 0.737269 0
    outer loop
      vertex 35.1494 29.5506 7.5
      vertex 35.3359 29.7215 2.5
      vertex 35.1494 29.5506 2.5
    endloop
  endfacet
  facet normal 0.300772 -0.953696 0
    outer loop
      vertex 37.9506 24.6988 2.5
      vertex 38.1919 24.7749 7.5
      vertex 37.9506 24.6988 7.5
    endloop
  endfacet
  facet normal 0.300772 -0.953696 0
    outer loop
      vertex 38.1919 24.7749 7.5
      vertex 37.9506 24.6988 2.5
      vertex 38.1919 24.7749 2.5
    endloop
  endfacet
  facet normal 0.130843 -0.991403 0
    outer loop
      vertex 37.4528 24.611 2.5
      vertex 37.7036 24.6441 7.5
      vertex 37.4528 24.611 7.5
    endloop
  endfacet
  facet normal 0.130843 -0.991403 0
    outer loop
      vertex 37.7036 24.6441 7.5
      vertex 37.4528 24.611 2.5
      vertex 37.7036 24.6441 2.5
    endloop
  endfacet
  facet normal -0.675599 -0.737269 0
    outer loop
      vertex 35.1494 25.4494 2.5
      vertex 35.3359 25.2785 7.5
      vertex 35.1494 25.4494 7.5
    endloop
  endfacet
  facet normal -0.675599 -0.737269 -0
    outer loop
      vertex 35.3359 25.2785 7.5
      vertex 35.1494 25.4494 2.5
      vertex 35.3359 25.2785 2.5
    endloop
  endfacet
  facet normal 0.0434715 -0.999055 0
    outer loop
      vertex 37.2 24.6 2.5
      vertex 37.4528 24.611 7.5
      vertex 37.2 24.6 7.5
    endloop
  endfacet
  facet normal 0.0434715 -0.999055 0
    outer loop
      vertex 37.4528 24.611 7.5
      vertex 37.2 24.6 2.5
      vertex 37.4528 24.611 2.5
    endloop
  endfacet
  facet normal -0.976345 0.216219 0
    outer loop
      vertex 34.3441 28.0036 2.5
      vertex 34.3988 28.2506 7.5
      vertex 34.3988 28.2506 2.5
    endloop
  endfacet
  facet normal -0.976345 0.216219 0
    outer loop
      vertex 34.3988 28.2506 7.5
      vertex 34.3441 28.0036 2.5
      vertex 34.3441 28.0036 7.5
    endloop
  endfacet
  facet normal -0.461701 0.887036 0
    outer loop
      vertex 35.9744 30.1283 2.5
      vertex 35.75 30.0115 7.5
      vertex 35.9744 30.1283 7.5
    endloop
  endfacet
  facet normal -0.461701 0.887036 0
    outer loop
      vertex 35.75 30.0115 7.5
      vertex 35.9744 30.1283 2.5
      vertex 35.75 30.0115 2.5
    endloop
  endfacet
  facet normal 0.843303 0.537438 0
    outer loop
      vertex 39.7115 28.95 7.5
      vertex 39.5755 29.1634 2.5
      vertex 39.5755 29.1634 7.5
    endloop
  endfacet
  facet normal 0.843303 0.537438 0
    outer loop
      vertex 39.5755 29.1634 2.5
      vertex 39.7115 28.95 7.5
      vertex 39.7115 28.95 2.5
    endloop
  endfacet
  facet normal 0.0434715 0.999055 -0
    outer loop
      vertex 37.4528 30.389 2.5
      vertex 37.2 30.4 7.5
      vertex 37.4528 30.389 7.5
    endloop
  endfacet
  facet normal 0.0434715 0.999055 0
    outer loop
      vertex 37.2 30.4 7.5
      vertex 37.4528 30.389 2.5
      vertex 37.2 30.4 2.5
    endloop
  endfacet
  facet normal -0.216219 0.976345 0
    outer loop
      vertex 36.6964 30.3559 2.5
      vertex 36.4494 30.3012 7.5
      vertex 36.6964 30.3559 7.5
    endloop
  endfacet
  facet normal -0.216219 0.976345 0
    outer loop
      vertex 36.4494 30.3012 7.5
      vertex 36.6964 30.3559 2.5
      vertex 36.4494 30.3012 2.5
    endloop
  endfacet
  facet normal 0.976345 -0.216219 0
    outer loop
      vertex 40.0012 26.7494 7.5
      vertex 40.0559 26.9964 2.5
      vertex 40.0559 26.9964 7.5
    endloop
  endfacet
  facet normal 0.976345 -0.216219 0
    outer loop
      vertex 40.0559 26.9964 2.5
      vertex 40.0012 26.7494 7.5
      vertex 40.0012 26.7494 2.5
    endloop
  endfacet
  facet normal 0.793358 -0.608755 0
    outer loop
      vertex 39.4215 25.6359 7.5
      vertex 39.5755 25.8366 2.5
      vertex 39.5755 25.8366 7.5
    endloop
  endfacet
  facet normal 0.793358 -0.608755 0
    outer loop
      vertex 39.5755 25.8366 2.5
      vertex 39.4215 25.6359 7.5
      vertex 39.4215 25.6359 2.5
    endloop
  endfacet
  facet normal 0.675599 0.737269 -0
    outer loop
      vertex 39.2506 29.5506 2.5
      vertex 39.0641 29.7215 7.5
      vertex 39.2506 29.5506 7.5
    endloop
  endfacet
  facet normal 0.675599 0.737269 0
    outer loop
      vertex 39.0641 29.7215 7.5
      vertex 39.2506 29.5506 2.5
      vertex 39.0641 29.7215 2.5
    endloop
  endfacet
  facet normal 0.887036 -0.461701 0
    outer loop
      vertex 39.7115 26.05 7.5
      vertex 39.8283 26.2744 2.5
      vertex 39.8283 26.2744 7.5
    endloop
  endfacet
  facet normal 0.887036 -0.461701 0
    outer loop
      vertex 39.8283 26.2744 2.5
      vertex 39.7115 26.05 7.5
      vertex 39.7115 26.05 2.5
    endloop
  endfacet
  facet normal -0.537438 -0.843303 0
    outer loop
      vertex 35.5366 25.1245 2.5
      vertex 35.75 24.9885 7.5
      vertex 35.5366 25.1245 7.5
    endloop
  endfacet
  facet normal -0.537438 -0.843303 -0
    outer loop
      vertex 35.75 24.9885 7.5
      vertex 35.5366 25.1245 2.5
      vertex 35.75 24.9885 2.5
    endloop
  endfacet
  facet normal -0.737269 0.675599 0
    outer loop
      vertex 34.9785 29.3641 2.5
      vertex 35.1494 29.5506 7.5
      vertex 35.1494 29.5506 2.5
    endloop
  endfacet
  facet normal -0.737269 0.675599 0
    outer loop
      vertex 35.1494 29.5506 7.5
      vertex 34.9785 29.3641 2.5
      vertex 34.9785 29.3641 7.5
    endloop
  endfacet
  facet normal 0.953696 0.300772 0
    outer loop
      vertex 40.0012 28.2506 7.5
      vertex 39.9251 28.4919 2.5
      vertex 39.9251 28.4919 7.5
    endloop
  endfacet
  facet normal 0.953696 0.300772 0
    outer loop
      vertex 39.9251 28.4919 2.5
      vertex 40.0012 28.2506 7.5
      vertex 40.0012 28.2506 2.5
    endloop
  endfacet
  facet normal 0.843303 -0.537438 0
    outer loop
      vertex 39.5755 25.8366 7.5
      vertex 39.7115 26.05 2.5
      vertex 39.7115 26.05 7.5
    endloop
  endfacet
  facet normal 0.843303 -0.537438 0
    outer loop
      vertex 39.7115 26.05 2.5
      vertex 39.5755 25.8366 7.5
      vertex 39.5755 25.8366 2.5
    endloop
  endfacet
  facet normal -0.991403 -0.130843 0
    outer loop
      vertex 34.3441 26.9964 2.5
      vertex 34.311 27.2472 7.5
      vertex 34.311 27.2472 2.5
    endloop
  endfacet
  facet normal -0.991403 -0.130843 0
    outer loop
      vertex 34.311 27.2472 7.5
      vertex 34.3441 26.9964 2.5
      vertex 34.3441 26.9964 7.5
    endloop
  endfacet
  facet normal -0.953696 0.300772 0
    outer loop
      vertex 34.3988 28.2506 2.5
      vertex 34.4749 28.4919 7.5
      vertex 34.4749 28.4919 2.5
    endloop
  endfacet
  facet normal -0.953696 0.300772 0
    outer loop
      vertex 34.4749 28.4919 7.5
      vertex 34.3988 28.2506 2.5
      vertex 34.3988 28.2506 7.5
    endloop
  endfacet
  facet normal -0.608755 0.793358 0
    outer loop
      vertex 35.5366 29.8755 2.5
      vertex 35.3359 29.7215 7.5
      vertex 35.5366 29.8755 7.5
    endloop
  endfacet
  facet normal -0.608755 0.793358 0
    outer loop
      vertex 35.3359 29.7215 7.5
      vertex 35.5366 29.8755 2.5
      vertex 35.3359 29.7215 2.5
    endloop
  endfacet
  facet normal 0.991403 -0.130843 0
    outer loop
      vertex 40.0559 26.9964 7.5
      vertex 40.089 27.2472 2.5
      vertex 40.089 27.2472 7.5
    endloop
  endfacet
  facet normal 0.991403 -0.130843 0
    outer loop
      vertex 40.089 27.2472 2.5
      vertex 40.0559 26.9964 7.5
      vertex 40.0559 26.9964 2.5
    endloop
  endfacet
  facet normal 0.999055 -0.0434715 0
    outer loop
      vertex 40.089 27.2472 7.5
      vertex 40.1 27.5 2.5
      vertex 40.1 27.5 7.5
    endloop
  endfacet
  facet normal 0.999055 -0.0434715 0
    outer loop
      vertex 40.1 27.5 2.5
      vertex 40.089 27.2472 7.5
      vertex 40.089 27.2472 2.5
    endloop
  endfacet
  facet normal -0.991403 0.130843 0
    outer loop
      vertex 34.311 27.7528 2.5
      vertex 34.3441 28.0036 7.5
      vertex 34.3441 28.0036 2.5
    endloop
  endfacet
  facet normal -0.991403 0.130843 0
    outer loop
      vertex 34.3441 28.0036 7.5
      vertex 34.311 27.7528 2.5
      vertex 34.311 27.7528 7.5
    endloop
  endfacet
  facet normal 0.923882 0.382678 0
    outer loop
      vertex 39.9251 28.4919 7.5
      vertex 39.8283 28.7256 2.5
      vertex 39.8283 28.7256 7.5
    endloop
  endfacet
  facet normal 0.923882 0.382678 0
    outer loop
      vertex 39.8283 28.7256 2.5
      vertex 39.9251 28.4919 7.5
      vertex 39.9251 28.4919 2.5
    endloop
  endfacet
  facet normal -0.976345 -0.216219 0
    outer loop
      vertex 34.3988 26.7494 2.5
      vertex 34.3441 26.9964 7.5
      vertex 34.3441 26.9964 2.5
    endloop
  endfacet
  facet normal -0.976345 -0.216219 0
    outer loop
      vertex 34.3441 26.9964 7.5
      vertex 34.3988 26.7494 2.5
      vertex 34.3988 26.7494 7.5
    endloop
  endfacet
  facet normal 0.887036 0.461701 0
    outer loop
      vertex 39.8283 28.7256 7.5
      vertex 39.7115 28.95 2.5
      vertex 39.7115 28.95 7.5
    endloop
  endfacet
  facet normal 0.887036 0.461701 0
    outer loop
      vertex 39.7115 28.95 2.5
      vertex 39.8283 28.7256 7.5
      vertex 39.8283 28.7256 2.5
    endloop
  endfacet
  facet normal -0.793358 0.608755 0
    outer loop
      vertex 34.8245 29.1634 2.5
      vertex 34.9785 29.3641 7.5
      vertex 34.9785 29.3641 2.5
    endloop
  endfacet
  facet normal -0.793358 0.608755 0
    outer loop
      vertex 34.9785 29.3641 7.5
      vertex 34.8245 29.1634 2.5
      vertex 34.8245 29.1634 7.5
    endloop
  endfacet
  facet normal -0.887036 -0.461701 0
    outer loop
      vertex 34.6885 26.05 2.5
      vertex 34.5717 26.2744 7.5
      vertex 34.5717 26.2744 2.5
    endloop
  endfacet
  facet normal -0.887036 -0.461701 0
    outer loop
      vertex 34.5717 26.2744 7.5
      vertex 34.6885 26.05 2.5
      vertex 34.6885 26.05 7.5
    endloop
  endfacet
  facet normal -0.300772 0.953696 0
    outer loop
      vertex 36.4494 30.3012 2.5
      vertex 36.2081 30.2251 7.5
      vertex 36.4494 30.3012 7.5
    endloop
  endfacet
  facet normal -0.300772 0.953696 0
    outer loop
      vertex 36.2081 30.2251 7.5
      vertex 36.4494 30.3012 2.5
      vertex 36.2081 30.2251 2.5
    endloop
  endfacet
  facet normal 0.737269 0.675599 0
    outer loop
      vertex 39.4215 29.3641 7.5
      vertex 39.2506 29.5506 2.5
      vertex 39.2506 29.5506 7.5
    endloop
  endfacet
  facet normal 0.737269 0.675599 0
    outer loop
      vertex 39.2506 29.5506 2.5
      vertex 39.4215 29.3641 7.5
      vertex 39.4215 29.3641 2.5
    endloop
  endfacet
  facet normal -0.953696 -0.300772 0
    outer loop
      vertex 34.4749 26.5081 2.5
      vertex 34.3988 26.7494 7.5
      vertex 34.3988 26.7494 2.5
    endloop
  endfacet
  facet normal -0.953696 -0.300772 0
    outer loop
      vertex 34.3988 26.7494 7.5
      vertex 34.4749 26.5081 2.5
      vertex 34.4749 26.5081 7.5
    endloop
  endfacet
  facet normal -0.793358 -0.608755 0
    outer loop
      vertex 34.9785 25.6359 2.5
      vertex 34.8245 25.8366 7.5
      vertex 34.8245 25.8366 2.5
    endloop
  endfacet
  facet normal -0.793358 -0.608755 0
    outer loop
      vertex 34.8245 25.8366 7.5
      vertex 34.9785 25.6359 2.5
      vertex 34.9785 25.6359 7.5
    endloop
  endfacet
  facet normal -0.0434887 -0.999054 0
    outer loop
      vertex 36.9473 24.611 2.5
      vertex 37.2 24.6 7.5
      vertex 36.9473 24.611 7.5
    endloop
  endfacet
  facet normal -0.0434887 -0.999054 -0
    outer loop
      vertex 37.2 24.6 7.5
      vertex 36.9473 24.611 2.5
      vertex 37.2 24.6 2.5
    endloop
  endfacet
  facet normal -0.461701 -0.887036 0
    outer loop
      vertex 35.75 24.9885 2.5
      vertex 35.9744 24.8717 7.5
      vertex 35.75 24.9885 7.5
    endloop
  endfacet
  facet normal -0.461701 -0.887036 -0
    outer loop
      vertex 35.9744 24.8717 7.5
      vertex 35.75 24.9885 2.5
      vertex 35.9744 24.8717 2.5
    endloop
  endfacet
  facet normal -0.608755 -0.793358 0
    outer loop
      vertex 35.3359 25.2785 2.5
      vertex 35.5366 25.1245 7.5
      vertex 35.3359 25.2785 7.5
    endloop
  endfacet
  facet normal -0.608755 -0.793358 -0
    outer loop
      vertex 35.5366 25.1245 7.5
      vertex 35.3359 25.2785 2.5
      vertex 35.5366 25.1245 2.5
    endloop
  endfacet
  facet normal -0.130792 -0.99141 0
    outer loop
      vertex 36.6964 24.6441 2.5
      vertex 36.9473 24.611 7.5
      vertex 36.6964 24.6441 7.5
    endloop
  endfacet
  facet normal -0.130792 -0.99141 -0
    outer loop
      vertex 36.9473 24.611 7.5
      vertex 36.6964 24.6441 2.5
      vertex 36.9473 24.611 2.5
    endloop
  endfacet
  facet normal 0.382678 -0.923882 0
    outer loop
      vertex 38.1919 24.7749 2.5
      vertex 38.4256 24.8717 7.5
      vertex 38.1919 24.7749 7.5
    endloop
  endfacet
  facet normal 0.382678 -0.923882 0
    outer loop
      vertex 38.4256 24.8717 7.5
      vertex 38.1919 24.7749 2.5
      vertex 38.4256 24.8717 2.5
    endloop
  endfacet
  facet normal 0.923882 -0.382678 0
    outer loop
      vertex 39.8283 26.2744 7.5
      vertex 39.9251 26.5081 2.5
      vertex 39.9251 26.5081 7.5
    endloop
  endfacet
  facet normal 0.923882 -0.382678 0
    outer loop
      vertex 39.9251 26.5081 2.5
      vertex 39.8283 26.2744 7.5
      vertex 39.8283 26.2744 2.5
    endloop
  endfacet
  facet normal -0.923882 0.382678 0
    outer loop
      vertex 34.4749 28.4919 2.5
      vertex 34.5717 28.7256 7.5
      vertex 34.5717 28.7256 2.5
    endloop
  endfacet
  facet normal -0.923882 0.382678 0
    outer loop
      vertex 34.5717 28.7256 7.5
      vertex 34.4749 28.4919 2.5
      vertex 34.4749 28.4919 7.5
    endloop
  endfacet
  facet normal 0.300772 0.953696 -0
    outer loop
      vertex 38.1919 30.2251 2.5
      vertex 37.9506 30.3012 7.5
      vertex 38.1919 30.2251 7.5
    endloop
  endfacet
  facet normal 0.300772 0.953696 0
    outer loop
      vertex 37.9506 30.3012 7.5
      vertex 38.1919 30.2251 2.5
      vertex 37.9506 30.3012 2.5
    endloop
  endfacet
  facet normal -0.0434887 0.999054 0
    outer loop
      vertex 37.2 30.4 2.5
      vertex 36.9473 30.389 7.5
      vertex 37.2 30.4 7.5
    endloop
  endfacet
  facet normal -0.0434887 0.999054 0
    outer loop
      vertex 36.9473 30.389 7.5
      vertex 37.2 30.4 2.5
      vertex 36.9473 30.389 2.5
    endloop
  endfacet
  facet normal 0.793358 0.608755 0
    outer loop
      vertex 39.5755 29.1634 7.5
      vertex 39.4215 29.3641 2.5
      vertex 39.4215 29.3641 7.5
    endloop
  endfacet
  facet normal 0.793358 0.608755 0
    outer loop
      vertex 39.4215 29.3641 2.5
      vertex 39.5755 29.1634 7.5
      vertex 39.5755 29.1634 2.5
    endloop
  endfacet
  facet normal 0 0 1
    outer loop
      vertex 38.775 27.5 7.5
      vertex 40.1 27.5 7.5
      vertex 40.089 27.7528 7.5
    endloop
  endfacet
  facet normal 0 0 1
    outer loop
      vertex 38.769 27.6373 7.5
      vertex 40.089 27.7528 7.5
      vertex 40.0559 28.0036 7.5
    endloop
  endfacet
  facet normal 0 0 1
    outer loop
      vertex 40.1 27.5 7.5
      vertex 38.775 27.5 7.5
      vertex 40.089 27.2472 7.5
    endloop
  endfacet
  facet normal 0 0 1
    outer loop
      vertex 38.7511 27.7735 7.5
      vertex 40.0559 28.0036 7.5
      vertex 40.0012 28.2506 7.5
    endloop
  endfacet
  facet normal -0 0 1
    outer loop
      vertex 38.769 27.3627 7.5
      vertex 40.089 27.2472 7.5
      vertex 38.775 27.5 7.5
    endloop
  endfacet
  facet normal 0 0 1
    outer loop
      vertex 38.7213 27.9076 7.5
      vertex 40.0012 28.2506 7.5
      vertex 39.9251 28.4919 7.5
    endloop
  endfacet
  facet normal 0 0 1
    outer loop
      vertex 40.089 27.2472 7.5
      vertex 38.769 27.3627 7.5
      vertex 40.0559 26.9964 7.5
    endloop
  endfacet
  facet normal 0 0 1
    outer loop
      vertex 38.68 28.0387 7.5
      vertex 39.9251 28.4919 7.5
      vertex 39.8283 28.7256 7.5
    endloop
  endfacet
  facet normal -0 0 1
    outer loop
      vertex 38.7511 27.2265 7.5
      vertex 40.0559 26.9964 7.5
      vertex 38.769 27.3627 7.5
    endloop
  endfacet
  facet normal 0 0 1
    outer loop
      vertex 38.6274 28.1656 7.5
      vertex 39.8283 28.7256 7.5
      vertex 39.7115 28.95 7.5
    endloop
  endfacet
  facet normal 0 0 1
    outer loop
      vertex 40.0559 26.9964 7.5
      vertex 38.7511 27.2265 7.5
      vertex 40.0012 26.7494 7.5
    endloop
  endfacet
  facet normal 0 0 1
    outer loop
      vertex 38.564 28.2875 7.5
      vertex 39.7115 28.95 7.5
      vertex 39.5755 29.1634 7.5
    endloop
  endfacet
  facet normal -0 0 1
    outer loop
      vertex 38.7213 27.0924 7.5
      vertex 40.0012 26.7494 7.5
      vertex 38.7511 27.2265 7.5
    endloop
  endfacet
  facet normal 0 0 1
    outer loop
      vertex 38.4902 28.4034 7.5
      vertex 39.5755 29.1634 7.5
      vertex 39.4215 29.3641 7.5
    endloop
  endfacet
  facet normal 0 0 1
    outer loop
      vertex 40.0012 26.7494 7.5
      vertex 38.7213 27.0924 7.5
      vertex 39.9251 26.5081 7.5
    endloop
  endfacet
  facet normal 0 0 1
    outer loop
      vertex 38.4065 28.5124 7.5
      vertex 39.4215 29.3641 7.5
      vertex 39.2506 29.5506 7.5
    endloop
  endfacet
  facet normal -0 0 1
    outer loop
      vertex 38.68 26.9613 7.5
      vertex 39.9251 26.5081 7.5
      vertex 38.7213 27.0924 7.5
    endloop
  endfacet
  facet normal 0 0 1
    outer loop
      vertex 38.3137 28.6137 7.5
      vertex 39.2506 29.5506 7.5
      vertex 39.0641 29.7215 7.5
    endloop
  endfacet
  facet normal 0 0 1
    outer loop
      vertex 39.9251 26.5081 7.5
      vertex 38.68 26.9613 7.5
      vertex 39.8283 26.2744 7.5
    endloop
  endfacet
  facet normal 0 0 1
    outer loop
      vertex 38.2124 28.7065 7.5
      vertex 39.0641 29.7215 7.5
      vertex 38.8634 29.8755 7.5
    endloop
  endfacet
  facet normal -0 0 1
    outer loop
      vertex 38.6274 26.8344 7.5
      vertex 39.8283 26.2744 7.5
      vertex 38.68 26.9613 7.5
    endloop
  endfacet
  facet normal 0 0 1
    outer loop
      vertex 39.8283 26.2744 7.5
      vertex 38.6274 26.8344 7.5
      vertex 39.7115 26.05 7.5
    endloop
  endfacet
  facet normal 0 0 1
    outer loop
      vertex 40.089 27.7528 7.5
      vertex 38.769 27.6373 7.5
      vertex 38.775 27.5 7.5
    endloop
  endfacet
  facet normal 0 0 1
    outer loop
      vertex 40.0559 28.0036 7.5
      vertex 38.7511 27.7735 7.5
      vertex 38.769 27.6373 7.5
    endloop
  endfacet
  facet normal 0 0 1
    outer loop
      vertex 40.0012 28.2506 7.5
      vertex 38.7213 27.9076 7.5
      vertex 38.7511 27.7735 7.5
    endloop
  endfacet
  facet normal 0 0 1
    outer loop
      vertex 39.9251 28.4919 7.5
      vertex 38.68 28.0387 7.5
      vertex 38.7213 27.9076 7.5
    endloop
  endfacet
  facet normal 0 0 1
    outer loop
      vertex 38.1034 28.7902 7.5
      vertex 38.8634 29.8755 7.5
      vertex 38.65 30.0115 7.5
    endloop
  endfacet
  facet normal 0 0 1
    outer loop
      vertex 39.8283 28.7256 7.5
      vertex 38.6274 28.1656 7.5
      vertex 38.68 28.0387 7.5
    endloop
  endfacet
  facet normal 0 0 1
    outer loop
      vertex 39.7115 28.95 7.5
      vertex 38.564 28.2875 7.5
      vertex 38.6274 28.1656 7.5
    endloop
  endfacet
  facet normal 0 0 1
    outer loop
      vertex 39.5755 29.1634 7.5
      vertex 38.4902 28.4034 7.5
      vertex 38.564 28.2875 7.5
    endloop
  endfacet
  facet normal 0 0 1
    outer loop
      vertex 37.9875 28.864 7.5
      vertex 38.65 30.0115 7.5
      vertex 38.4256 30.1283 7.5
    endloop
  endfacet
  facet normal 0 0 1
    outer loop
      vertex 39.4215 29.3641 7.5
      vertex 38.4065 28.5124 7.5
      vertex 38.4902 28.4034 7.5
    endloop
  endfacet
  facet normal 0 0 1
    outer loop
      vertex 39.2506 29.5506 7.5
      vertex 38.3137 28.6137 7.5
      vertex 38.4065 28.5124 7.5
    endloop
  endfacet
  facet normal 0 0 1
    outer loop
      vertex 39.0641 29.7215 7.5
      vertex 38.2124 28.7065 7.5
      vertex 38.3137 28.6137 7.5
    endloop
  endfacet
  facet normal 0 0 1
    outer loop
      vertex 37.8656 28.9274 7.5
      vertex 38.4256 30.1283 7.5
      vertex 38.1919 30.2251 7.5
    endloop
  endfacet
  facet normal 0 0 1
    outer loop
      vertex 38.8634 29.8755 7.5
      vertex 38.1034 28.7902 7.5
      vertex 38.2124 28.7065 7.5
    endloop
  endfacet
  facet normal 0 0 1
    outer loop
      vertex 38.65 30.0115 7.5
      vertex 37.9875 28.864 7.5
      vertex 38.1034 28.7902 7.5
    endloop
  endfacet
  facet normal 0 0 1
    outer loop
      vertex 37.7387 28.98 7.5
      vertex 38.1919 30.2251 7.5
      vertex 37.9506 30.3012 7.5
    endloop
  endfacet
  facet normal 0 0 1
    outer loop
      vertex 38.4256 30.1283 7.5
      vertex 37.8656 28.9274 7.5
      vertex 37.9875 28.864 7.5
    endloop
  endfacet
  facet normal 0 0 1
    outer loop
      vertex 38.1919 30.2251 7.5
      vertex 37.7387 28.98 7.5
      vertex 37.8656 28.9274 7.5
    endloop
  endfacet
  facet normal 0 0 1
    outer loop
      vertex 37.6076 29.0213 7.5
      vertex 37.9506 30.3012 7.5
      vertex 37.7036 30.3559 7.5
    endloop
  endfacet
  facet normal 0 0 1
    outer loop
      vertex 37.9506 30.3012 7.5
      vertex 37.6076 29.0213 7.5
      vertex 37.7387 28.98 7.5
    endloop
  endfacet
  facet normal 0 0 1
    outer loop
      vertex 37.7036 30.3559 7.5
      vertex 37.4735 29.0511 7.5
      vertex 37.6076 29.0213 7.5
    endloop
  endfacet
  facet normal 0 0 1
    outer loop
      vertex 37.4528 30.389 7.5
      vertex 37.4735 29.0511 7.5
      vertex 37.7036 30.3559 7.5
    endloop
  endfacet
  facet normal 0 0 1
    outer loop
      vertex 37.4528 30.389 7.5
      vertex 37.3373 29.069 7.5
      vertex 37.4735 29.0511 7.5
    endloop
  endfacet
  facet normal 0 0 1
    outer loop
      vertex 37.2 30.4 7.5
      vertex 37.3373 29.069 7.5
      vertex 37.4528 30.389 7.5
    endloop
  endfacet
  facet normal 0 0 1
    outer loop
      vertex 37.2 30.4 7.5
      vertex 37.2 29.075 7.5
      vertex 37.3373 29.069 7.5
    endloop
  endfacet
  facet normal 0 0 1
    outer loop
      vertex 37.2 30.4 7.5
      vertex 37.0627 29.069 7.5
      vertex 37.2 29.075 7.5
    endloop
  endfacet
  facet normal -0 0 1
    outer loop
      vertex 36.9473 30.389 7.5
      vertex 37.0627 29.069 7.5
      vertex 37.2 30.4 7.5
    endloop
  endfacet
  facet normal 0 0 1
    outer loop
      vertex 36.9473 30.389 7.5
      vertex 36.9265 29.0511 7.5
      vertex 37.0627 29.069 7.5
    endloop
  endfacet
  facet normal -0 0 1
    outer loop
      vertex 36.6964 30.3559 7.5
      vertex 36.9265 29.0511 7.5
      vertex 36.9473 30.389 7.5
    endloop
  endfacet
  facet normal 0 0 1
    outer loop
      vertex 36.9265 29.0511 7.5
      vertex 36.6964 30.3559 7.5
      vertex 36.7924 29.0213 7.5
    endloop
  endfacet
  facet normal -0 0 1
    outer loop
      vertex 36.4494 30.3012 7.5
      vertex 36.7924 29.0213 7.5
      vertex 36.6964 30.3559 7.5
    endloop
  endfacet
  facet normal 0 0 1
    outer loop
      vertex 36.7924 29.0213 7.5
      vertex 36.4494 30.3012 7.5
      vertex 36.6613 28.98 7.5
    endloop
  endfacet
  facet normal -0 0 1
    outer loop
      vertex 36.2081 30.2251 7.5
      vertex 36.6613 28.98 7.5
      vertex 36.4494 30.3012 7.5
    endloop
  endfacet
  facet normal 0 0 1
    outer loop
      vertex 36.6613 28.98 7.5
      vertex 36.2081 30.2251 7.5
      vertex 36.5344 28.9274 7.5
    endloop
  endfacet
  facet normal -0 0 1
    outer loop
      vertex 35.9744 30.1283 7.5
      vertex 36.5344 28.9274 7.5
      vertex 36.2081 30.2251 7.5
    endloop
  endfacet
  facet normal 0 0 1
    outer loop
      vertex 36.5344 28.9274 7.5
      vertex 35.9744 30.1283 7.5
      vertex 36.4125 28.864 7.5
    endloop
  endfacet
  facet normal -0 0 1
    outer loop
      vertex 35.75 30.0115 7.5
      vertex 36.4125 28.864 7.5
      vertex 35.9744 30.1283 7.5
    endloop
  endfacet
  facet normal 0 0 1
    outer loop
      vertex 36.4125 28.864 7.5
      vertex 35.75 30.0115 7.5
      vertex 36.2966 28.7902 7.5
    endloop
  endfacet
  facet normal -0 0 1
    outer loop
      vertex 35.5366 29.8755 7.5
      vertex 36.2966 28.7902 7.5
      vertex 35.75 30.0115 7.5
    endloop
  endfacet
  facet normal 0 0 1
    outer loop
      vertex 36.2966 28.7902 7.5
      vertex 35.5366 29.8755 7.5
      vertex 36.1876 28.7065 7.5
    endloop
  endfacet
  facet normal -0 0 1
    outer loop
      vertex 35.3359 29.7215 7.5
      vertex 36.1876 28.7065 7.5
      vertex 35.5366 29.8755 7.5
    endloop
  endfacet
  facet normal 0 0 1
    outer loop
      vertex 36.1876 28.7065 7.5
      vertex 35.3359 29.7215 7.5
      vertex 36.0863 28.6137 7.5
    endloop
  endfacet
  facet normal -0 0 1
    outer loop
      vertex 35.1494 29.5506 7.5
      vertex 36.0863 28.6137 7.5
      vertex 35.3359 29.7215 7.5
    endloop
  endfacet
  facet normal 0 0 1
    outer loop
      vertex 36.0863 28.6137 7.5
      vertex 35.1494 29.5506 7.5
      vertex 35.9935 28.5124 7.5
    endloop
  endfacet
  facet normal -0 0 1
    outer loop
      vertex 34.9785 29.3641 7.5
      vertex 35.9935 28.5124 7.5
      vertex 35.1494 29.5506 7.5
    endloop
  endfacet
  facet normal 0 0 1
    outer loop
      vertex 35.9935 28.5124 7.5
      vertex 34.9785 29.3641 7.5
      vertex 35.9098 28.4034 7.5
    endloop
  endfacet
  facet normal -0 0 1
    outer loop
      vertex 34.8245 29.1634 7.5
      vertex 35.9098 28.4034 7.5
      vertex 34.9785 29.3641 7.5
    endloop
  endfacet
  facet normal 0 0 1
    outer loop
      vertex 35.9098 28.4034 7.5
      vertex 34.8245 29.1634 7.5
      vertex 35.836 28.2875 7.5
    endloop
  endfacet
  facet normal 0 0 1
    outer loop
      vertex 35.836 28.2875 7.5
      vertex 34.6885 28.95 7.5
      vertex 35.7726 28.1656 7.5
    endloop
  endfacet
  facet normal -0 0 1
    outer loop
      vertex 34.6885 28.95 7.5
      vertex 35.836 28.2875 7.5
      vertex 34.8245 29.1634 7.5
    endloop
  endfacet
  facet normal -0 0 1
    outer loop
      vertex 38.564 26.7125 7.5
      vertex 39.7115 26.05 7.5
      vertex 38.6274 26.8344 7.5
    endloop
  endfacet
  facet normal 0 0 1
    outer loop
      vertex 39.7115 26.05 7.5
      vertex 38.564 26.7125 7.5
      vertex 39.5755 25.8366 7.5
    endloop
  endfacet
  facet normal -0 0 1
    outer loop
      vertex 38.4902 26.5966 7.5
      vertex 39.5755 25.8366 7.5
      vertex 38.564 26.7125 7.5
    endloop
  endfacet
  facet normal 0 0 1
    outer loop
      vertex 39.5755 25.8366 7.5
      vertex 38.4902 26.5966 7.5
      vertex 39.4215 25.6359 7.5
    endloop
  endfacet
  facet normal -0 0 1
    outer loop
      vertex 38.4065 26.4876 7.5
      vertex 39.4215 25.6359 7.5
      vertex 38.4902 26.5966 7.5
    endloop
  endfacet
  facet normal 0 0 1
    outer loop
      vertex 39.4215 25.6359 7.5
      vertex 38.4065 26.4876 7.5
      vertex 39.2506 25.4494 7.5
    endloop
  endfacet
  facet normal -0 0 1
    outer loop
      vertex 38.3137 26.3863 7.5
      vertex 39.2506 25.4494 7.5
      vertex 38.4065 26.4876 7.5
    endloop
  endfacet
  facet normal 0 0 1
    outer loop
      vertex 39.2506 25.4494 7.5
      vertex 38.3137 26.3863 7.5
      vertex 39.0641 25.2785 7.5
    endloop
  endfacet
  facet normal -0 0 1
    outer loop
      vertex 38.2124 26.2935 7.5
      vertex 39.0641 25.2785 7.5
      vertex 38.3137 26.3863 7.5
    endloop
  endfacet
  facet normal 0 0 1
    outer loop
      vertex 39.0641 25.2785 7.5
      vertex 38.2124 26.2935 7.5
      vertex 38.8634 25.1245 7.5
    endloop
  endfacet
  facet normal -0 0 1
    outer loop
      vertex 38.1034 26.2098 7.5
      vertex 38.8634 25.1245 7.5
      vertex 38.2124 26.2935 7.5
    endloop
  endfacet
  facet normal 0 0 1
    outer loop
      vertex 38.8634 25.1245 7.5
      vertex 38.1034 26.2098 7.5
      vertex 38.65 24.9885 7.5
    endloop
  endfacet
  facet normal -0 0 1
    outer loop
      vertex 37.9875 26.136 7.5
      vertex 38.65 24.9885 7.5
      vertex 38.1034 26.2098 7.5
    endloop
  endfacet
  facet normal 0 0 1
    outer loop
      vertex 38.65 24.9885 7.5
      vertex 37.9875 26.136 7.5
      vertex 38.4256 24.8717 7.5
    endloop
  endfacet
  facet normal -0 0 1
    outer loop
      vertex 37.8656 26.0726 7.5
      vertex 38.4256 24.8717 7.5
      vertex 37.9875 26.136 7.5
    endloop
  endfacet
  facet normal 0 0 1
    outer loop
      vertex 38.4256 24.8717 7.5
      vertex 37.8656 26.0726 7.5
      vertex 38.1919 24.7749 7.5
    endloop
  endfacet
  facet normal -0 0 1
    outer loop
      vertex 37.7387 26.02 7.5
      vertex 38.1919 24.7749 7.5
      vertex 37.8656 26.0726 7.5
    endloop
  endfacet
  facet normal 0 0 1
    outer loop
      vertex 38.1919 24.7749 7.5
      vertex 37.7387 26.02 7.5
      vertex 37.9506 24.6988 7.5
    endloop
  endfacet
  facet normal -0 0 1
    outer loop
      vertex 37.6076 25.9787 7.5
      vertex 37.9506 24.6988 7.5
      vertex 37.7387 26.02 7.5
    endloop
  endfacet
  facet normal 0 0 1
    outer loop
      vertex 37.9506 24.6988 7.5
      vertex 37.6076 25.9787 7.5
      vertex 37.7036 24.6441 7.5
    endloop
  endfacet
  facet normal -0 0 1
    outer loop
      vertex 37.4735 25.9489 7.5
      vertex 37.7036 24.6441 7.5
      vertex 37.6076 25.9787 7.5
    endloop
  endfacet
  facet normal 0 0 1
    outer loop
      vertex 37.4735 25.9489 7.5
      vertex 37.4528 24.611 7.5
      vertex 37.7036 24.6441 7.5
    endloop
  endfacet
  facet normal -0 0 1
    outer loop
      vertex 37.3373 25.931 7.5
      vertex 37.4528 24.611 7.5
      vertex 37.4735 25.9489 7.5
    endloop
  endfacet
  facet normal -0 0 1
    outer loop
      vertex 37.2 25.925 7.5
      vertex 37.4528 24.611 7.5
      vertex 37.3373 25.931 7.5
    endloop
  endfacet
  facet normal 0 0 1
    outer loop
      vertex 37.2 25.925 7.5
      vertex 37.2 24.6 7.5
      vertex 37.4528 24.611 7.5
    endloop
  endfacet
  facet normal 0 0 1
    outer loop
      vertex 37.0627 25.931 7.5
      vertex 37.2 24.6 7.5
      vertex 37.2 25.925 7.5
    endloop
  endfacet
  facet normal 0 0 1
    outer loop
      vertex 37.0627 25.931 7.5
      vertex 36.9473 24.611 7.5
      vertex 37.2 24.6 7.5
    endloop
  endfacet
  facet normal 0 0 1
    outer loop
      vertex 36.9265 25.9489 7.5
      vertex 36.9473 24.611 7.5
      vertex 37.0627 25.931 7.5
    endloop
  endfacet
  facet normal 0 0 1
    outer loop
      vertex 36.6964 24.6441 7.5
      vertex 36.9265 25.9489 7.5
      vertex 36.7924 25.9787 7.5
    endloop
  endfacet
  facet normal 0 0 1
    outer loop
      vertex 36.9265 25.9489 7.5
      vertex 36.6964 24.6441 7.5
      vertex 36.9473 24.611 7.5
    endloop
  endfacet
  facet normal 0 0 1
    outer loop
      vertex 36.4494 24.6988 7.5
      vertex 36.7924 25.9787 7.5
      vertex 36.6613 26.02 7.5
    endloop
  endfacet
  facet normal 0 0 1
    outer loop
      vertex 36.2081 24.7749 7.5
      vertex 36.6613 26.02 7.5
      vertex 36.5344 26.0726 7.5
    endloop
  endfacet
  facet normal 0 0 1
    outer loop
      vertex 36.7924 25.9787 7.5
      vertex 36.4494 24.6988 7.5
      vertex 36.6964 24.6441 7.5
    endloop
  endfacet
  facet normal 0 0 1
    outer loop
      vertex 35.9744 24.8717 7.5
      vertex 36.5344 26.0726 7.5
      vertex 36.4125 26.136 7.5
    endloop
  endfacet
  facet normal 0 0 1
    outer loop
      vertex 35.75 24.9885 7.5
      vertex 36.4125 26.136 7.5
      vertex 36.2966 26.2098 7.5
    endloop
  endfacet
  facet normal 0 0 1
    outer loop
      vertex 36.6613 26.02 7.5
      vertex 36.2081 24.7749 7.5
      vertex 36.4494 24.6988 7.5
    endloop
  endfacet
  facet normal 0 0 1
    outer loop
      vertex 35.5366 25.1245 7.5
      vertex 36.2966 26.2098 7.5
      vertex 36.1876 26.2935 7.5
    endloop
  endfacet
  facet normal 0 0 1
    outer loop
      vertex 35.3359 25.2785 7.5
      vertex 36.1876 26.2935 7.5
      vertex 36.0863 26.3863 7.5
    endloop
  endfacet
  facet normal 0 0 1
    outer loop
      vertex 35.1494 25.4494 7.5
      vertex 36.0863 26.3863 7.5
      vertex 35.9935 26.4876 7.5
    endloop
  endfacet
  facet normal 0 0 1
    outer loop
      vertex 36.5344 26.0726 7.5
      vertex 35.9744 24.8717 7.5
      vertex 36.2081 24.7749 7.5
    endloop
  endfacet
  facet normal 0 0 1
    outer loop
      vertex 34.9785 25.6359 7.5
      vertex 35.9935 26.4876 7.5
      vertex 35.9098 26.5966 7.5
    endloop
  endfacet
  facet normal 0 0 1
    outer loop
      vertex 34.8245 25.8366 7.5
      vertex 35.9098 26.5966 7.5
      vertex 35.836 26.7125 7.5
    endloop
  endfacet
  facet normal 0 0 1
    outer loop
      vertex 34.6885 26.05 7.5
      vertex 35.836 26.7125 7.5
      vertex 35.7726 26.8344 7.5
    endloop
  endfacet
  facet normal 0 0 1
    outer loop
      vertex 36.4125 26.136 7.5
      vertex 35.75 24.9885 7.5
      vertex 35.9744 24.8717 7.5
    endloop
  endfacet
  facet normal 0 0 1
    outer loop
      vertex 34.5717 26.2744 7.5
      vertex 35.7726 26.8344 7.5
      vertex 35.72 26.9613 7.5
    endloop
  endfacet
  facet normal 0 0 1
    outer loop
      vertex 34.4749 26.5081 7.5
      vertex 35.72 26.9613 7.5
      vertex 35.6787 27.0924 7.5
    endloop
  endfacet
  facet normal 0 0 1
    outer loop
      vertex 34.3988 26.7494 7.5
      vertex 35.6787 27.0924 7.5
      vertex 35.6489 27.2265 7.5
    endloop
  endfacet
  facet normal 0 0 1
    outer loop
      vertex 34.3441 26.9964 7.5
      vertex 35.6489 27.2265 7.5
      vertex 35.631 27.3627 7.5
    endloop
  endfacet
  facet normal 0 0 1
    outer loop
      vertex 36.2966 26.2098 7.5
      vertex 35.5366 25.1245 7.5
      vertex 35.75 24.9885 7.5
    endloop
  endfacet
  facet normal 0 0 1
    outer loop
      vertex 34.311 27.2472 7.5
      vertex 35.631 27.3627 7.5
      vertex 35.625 27.5 7.5
    endloop
  endfacet
  facet normal -0 0 1
    outer loop
      vertex 34.5717 28.7256 7.5
      vertex 35.7726 28.1656 7.5
      vertex 34.6885 28.95 7.5
    endloop
  endfacet
  facet normal 0 0 1
    outer loop
      vertex 35.7726 28.1656 7.5
      vertex 34.5717 28.7256 7.5
      vertex 35.72 28.0387 7.5
    endloop
  endfacet
  facet normal 0 0 1
    outer loop
      vertex 36.1876 26.2935 7.5
      vertex 35.3359 25.2785 7.5
      vertex 35.5366 25.1245 7.5
    endloop
  endfacet
  facet normal -0 0 1
    outer loop
      vertex 34.4749 28.4919 7.5
      vertex 35.72 28.0387 7.5
      vertex 34.5717 28.7256 7.5
    endloop
  endfacet
  facet normal 0 0 1
    outer loop
      vertex 36.0863 26.3863 7.5
      vertex 35.1494 25.4494 7.5
      vertex 35.3359 25.2785 7.5
    endloop
  endfacet
  facet normal 0 0 1
    outer loop
      vertex 35.72 28.0387 7.5
      vertex 34.4749 28.4919 7.5
      vertex 35.6787 27.9076 7.5
    endloop
  endfacet
  facet normal 0 0 1
    outer loop
      vertex 35.9935 26.4876 7.5
      vertex 34.9785 25.6359 7.5
      vertex 35.1494 25.4494 7.5
    endloop
  endfacet
  facet normal -0 0 1
    outer loop
      vertex 34.3988 28.2506 7.5
      vertex 35.6787 27.9076 7.5
      vertex 34.4749 28.4919 7.5
    endloop
  endfacet
  facet normal 0 0 1
    outer loop
      vertex 35.9098 26.5966 7.5
      vertex 34.8245 25.8366 7.5
      vertex 34.9785 25.6359 7.5
    endloop
  endfacet
  facet normal 0 0 1
    outer loop
      vertex 35.6787 27.9076 7.5
      vertex 34.3988 28.2506 7.5
      vertex 35.6489 27.7735 7.5
    endloop
  endfacet
  facet normal 0 0 1
    outer loop
      vertex 35.836 26.7125 7.5
      vertex 34.6885 26.05 7.5
      vertex 34.8245 25.8366 7.5
    endloop
  endfacet
  facet normal -0 0 1
    outer loop
      vertex 34.3441 28.0036 7.5
      vertex 35.6489 27.7735 7.5
      vertex 34.3988 28.2506 7.5
    endloop
  endfacet
  facet normal 0 0 1
    outer loop
      vertex 35.7726 26.8344 7.5
      vertex 34.5717 26.2744 7.5
      vertex 34.6885 26.05 7.5
    endloop
  endfacet
  facet normal 0 0 1
    outer loop
      vertex 35.6489 27.7735 7.5
      vertex 34.3441 28.0036 7.5
      vertex 35.631 27.6373 7.5
    endloop
  endfacet
  facet normal 0 0 1
    outer loop
      vertex 35.72 26.9613 7.5
      vertex 34.4749 26.5081 7.5
      vertex 34.5717 26.2744 7.5
    endloop
  endfacet
  facet normal -0 0 1
    outer loop
      vertex 34.311 27.7528 7.5
      vertex 35.631 27.6373 7.5
      vertex 34.3441 28.0036 7.5
    endloop
  endfacet
  facet normal 0 0 1
    outer loop
      vertex 35.6787 27.0924 7.5
      vertex 34.3988 26.7494 7.5
      vertex 34.4749 26.5081 7.5
    endloop
  endfacet
  facet normal 0 0 1
    outer loop
      vertex 35.631 27.6373 7.5
      vertex 34.311 27.7528 7.5
      vertex 35.625 27.5 7.5
    endloop
  endfacet
  facet normal 0 0 1
    outer loop
      vertex 35.6489 27.2265 7.5
      vertex 34.3441 26.9964 7.5
      vertex 34.3988 26.7494 7.5
    endloop
  endfacet
  facet normal 0 0 1
    outer loop
      vertex 34.3 27.5 7.5
      vertex 35.625 27.5 7.5
      vertex 34.311 27.7528 7.5
    endloop
  endfacet
  facet normal 0 0 1
    outer loop
      vertex 35.631 27.3627 7.5
      vertex 34.311 27.2472 7.5
      vertex 34.3441 26.9964 7.5
    endloop
  endfacet
  facet normal 0 0 1
    outer loop
      vertex 35.625 27.5 7.5
      vertex 34.3 27.5 7.5
      vertex 34.311 27.2472 7.5
    endloop
  endfacet
  facet normal -0.843303 -0.537438 0
    outer loop
      vertex 34.8245 25.8366 2.5
      vertex 34.6885 26.05 7.5
      vertex 34.6885 26.05 2.5
    endloop
  endfacet
  facet normal -0.843303 -0.537438 0
    outer loop
      vertex 34.6885 26.05 7.5
      vertex 34.8245 25.8366 2.5
      vertex 34.8245 25.8366 7.5
    endloop
  endfacet
  facet normal -0.999055 -0.0434715 0
    outer loop
      vertex 34.311 27.2472 2.5
      vertex 34.3 27.5 7.5
      vertex 34.3 27.5 2.5
    endloop
  endfacet
  facet normal -0.999055 -0.0434715 0
    outer loop
      vertex 34.3 27.5 7.5
      vertex 34.311 27.2472 2.5
      vertex 34.311 27.2472 7.5
    endloop
  endfacet
  facet normal -0.999055 0.0434715 0
    outer loop
      vertex 34.3 27.5 2.5
      vertex 34.311 27.7528 7.5
      vertex 34.311 27.7528 2.5
    endloop
  endfacet
  facet normal -0.999055 0.0434715 0
    outer loop
      vertex 34.311 27.7528 7.5
      vertex 34.3 27.5 2.5
      vertex 34.3 27.5 7.5
    endloop
  endfacet
  facet normal -0.382678 -0.923882 0
    outer loop
      vertex 35.9744 24.8717 2.5
      vertex 36.2081 24.7749 7.5
      vertex 35.9744 24.8717 7.5
    endloop
  endfacet
  facet normal -0.382678 -0.923882 -0
    outer loop
      vertex 36.2081 24.7749 7.5
      vertex 35.9744 24.8717 2.5
      vertex 36.2081 24.7749 2.5
    endloop
  endfacet
  facet normal -0.300772 -0.953696 0
    outer loop
      vertex 36.2081 24.7749 2.5
      vertex 36.4494 24.6988 7.5
      vertex 36.2081 24.7749 7.5
    endloop
  endfacet
  facet normal -0.300772 -0.953696 -0
    outer loop
      vertex 36.4494 24.6988 7.5
      vertex 36.2081 24.7749 2.5
      vertex 36.4494 24.6988 2.5
    endloop
  endfacet
  facet normal 0.382678 0.923882 -0
    outer loop
      vertex 38.4256 30.1283 2.5
      vertex 38.1919 30.2251 7.5
      vertex 38.4256 30.1283 7.5
    endloop
  endfacet
  facet normal 0.382678 0.923882 0
    outer loop
      vertex 38.1919 30.2251 7.5
      vertex 38.4256 30.1283 2.5
      vertex 38.1919 30.2251 2.5
    endloop
  endfacet
  facet normal -0.216219 -0.976345 0
    outer loop
      vertex 36.4494 24.6988 2.5
      vertex 36.6964 24.6441 7.5
      vertex 36.4494 24.6988 7.5
    endloop
  endfacet
  facet normal -0.216219 -0.976345 -0
    outer loop
      vertex 36.6964 24.6441 7.5
      vertex 36.4494 24.6988 2.5
      vertex 36.6964 24.6441 2.5
    endloop
  endfacet
  facet normal 0.675599 -0.737269 0
    outer loop
      vertex 39.0641 25.2785 2.5
      vertex 39.2506 25.4494 7.5
      vertex 39.0641 25.2785 7.5
    endloop
  endfacet
  facet normal 0.675599 -0.737269 0
    outer loop
      vertex 39.2506 25.4494 7.5
      vertex 39.0641 25.2785 2.5
      vertex 39.2506 25.4494 2.5
    endloop
  endfacet
  facet normal 0.608755 -0.793358 0
    outer loop
      vertex 38.8634 25.1245 2.5
      vertex 39.0641 25.2785 7.5
      vertex 38.8634 25.1245 7.5
    endloop
  endfacet
  facet normal 0.608755 -0.793358 0
    outer loop
      vertex 39.0641 25.2785 7.5
      vertex 38.8634 25.1245 2.5
      vertex 39.0641 25.2785 2.5
    endloop
  endfacet
  facet normal 0.130843 0.991403 -0
    outer loop
      vertex 37.7036 30.3559 2.5
      vertex 37.4528 30.389 7.5
      vertex 37.7036 30.3559 7.5
    endloop
  endfacet
  facet normal 0.130843 0.991403 0
    outer loop
      vertex 37.4528 30.389 7.5
      vertex 37.7036 30.3559 2.5
      vertex 37.4528 30.389 2.5
    endloop
  endfacet
  facet normal -0.887036 0.461701 0
    outer loop
      vertex 34.5717 28.7256 2.5
      vertex 34.6885 28.95 7.5
      vertex 34.6885 28.95 2.5
    endloop
  endfacet
  facet normal -0.887036 0.461701 0
    outer loop
      vertex 34.6885 28.95 7.5
      vertex 34.5717 28.7256 2.5
      vertex 34.5717 28.7256 7.5
    endloop
  endfacet
  facet normal 0.923786 -0.382909 0
    outer loop
      vertex 35.72 28.0387 7.5
      vertex 35.7726 28.1656 2.5
      vertex 35.7726 28.1656 7.5
    endloop
  endfacet
  facet normal 0.923786 -0.382909 0
    outer loop
      vertex 35.7726 28.1656 2.5
      vertex 35.72 28.0387 7.5
      vertex 35.72 28.0387 2.5
    endloop
  endfacet
  facet normal -0.999047 -0.0436583 0
    outer loop
      vertex 38.775 27.5 2.5
      vertex 38.769 27.6373 7.5
      vertex 38.769 27.6373 2.5
    endloop
  endfacet
  facet normal -0.999047 -0.0436583 0
    outer loop
      vertex 38.769 27.6373 7.5
      vertex 38.775 27.5 2.5
      vertex 38.775 27.5 7.5
    endloop
  endfacet
  facet normal 0.887181 -0.461421 0
    outer loop
      vertex 35.7726 28.1656 7.5
      vertex 35.836 28.2875 2.5
      vertex 35.836 28.2875 7.5
    endloop
  endfacet
  facet normal 0.887181 -0.461421 0
    outer loop
      vertex 35.836 28.2875 2.5
      vertex 35.7726 28.1656 7.5
      vertex 35.7726 28.1656 2.5
    endloop
  endfacet
  facet normal 0.21693 -0.976187 0
    outer loop
      vertex 36.7924 29.0213 2.5
      vertex 36.9265 29.0511 7.5
      vertex 36.7924 29.0213 7.5
    endloop
  endfacet
  facet normal 0.21693 -0.976187 0
    outer loop
      vertex 36.9265 29.0511 7.5
      vertex 36.7924 29.0213 2.5
      vertex 36.9265 29.0511 2.5
    endloop
  endfacet
  facet normal -0.991474 -0.130304 0
    outer loop
      vertex 38.769 27.6373 2.5
      vertex 38.7511 27.7735 7.5
      vertex 38.7511 27.7735 2.5
    endloop
  endfacet
  facet normal -0.991474 -0.130304 0
    outer loop
      vertex 38.7511 27.7735 7.5
      vertex 38.769 27.6373 2.5
      vertex 38.769 27.6373 7.5
    endloop
  endfacet
  facet normal 0.130304 0.991474 -0
    outer loop
      vertex 37.0627 25.931 2.5
      vertex 36.9265 25.9489 7.5
      vertex 37.0627 25.931 7.5
    endloop
  endfacet
  facet normal 0.130304 0.991474 0
    outer loop
      vertex 36.9265 25.9489 7.5
      vertex 37.0627 25.931 2.5
      vertex 36.9265 25.9489 2.5
    endloop
  endfacet
  facet normal -0.382909 0.923786 0
    outer loop
      vertex 37.8656 26.0726 2.5
      vertex 37.7387 26.02 7.5
      vertex 37.8656 26.0726 7.5
    endloop
  endfacet
  facet normal -0.382909 0.923786 0
    outer loop
      vertex 37.7387 26.02 7.5
      vertex 37.8656 26.0726 2.5
      vertex 37.7387 26.02 2.5
    endloop
  endfacet
  facet normal -0.461421 -0.887181 0
    outer loop
      vertex 37.8656 28.9274 2.5
      vertex 37.9875 28.864 7.5
      vertex 37.8656 28.9274 7.5
    endloop
  endfacet
  facet normal -0.461421 -0.887181 -0
    outer loop
      vertex 37.9875 28.864 7.5
      vertex 37.8656 28.9274 2.5
      vertex 37.9875 28.864 2.5
    endloop
  endfacet
  facet normal -0.0436583 -0.999047 0
    outer loop
      vertex 37.2 29.075 2.5
      vertex 37.3373 29.069 7.5
      vertex 37.2 29.075 7.5
    endloop
  endfacet
  facet normal -0.0436583 -0.999047 -0
    outer loop
      vertex 37.3373 29.069 7.5
      vertex 37.2 29.075 2.5
      vertex 37.3373 29.069 2.5
    endloop
  endfacet
  facet normal -0.537111 0.843512 0
    outer loop
      vertex 38.1034 26.2098 2.5
      vertex 37.9875 26.136 7.5
      vertex 38.1034 26.2098 7.5
    endloop
  endfacet
  facet normal -0.537111 0.843512 0
    outer loop
      vertex 37.9875 26.136 7.5
      vertex 38.1034 26.2098 2.5
      vertex 37.9875 26.136 2.5
    endloop
  endfacet
  facet normal -0.999047 0.0436583 0
    outer loop
      vertex 38.769 27.3627 2.5
      vertex 38.775 27.5 7.5
      vertex 38.775 27.5 2.5
    endloop
  endfacet
  facet normal -0.999047 0.0436583 0
    outer loop
      vertex 38.775 27.5 7.5
      vertex 38.769 27.3627 2.5
      vertex 38.769 27.3627 7.5
    endloop
  endfacet
  facet normal 0.21693 0.976187 -0
    outer loop
      vertex 36.9265 25.9489 2.5
      vertex 36.7924 25.9787 7.5
      vertex 36.9265 25.9489 7.5
    endloop
  endfacet
  facet normal 0.21693 0.976187 0
    outer loop
      vertex 36.7924 25.9787 7.5
      vertex 36.9265 25.9489 2.5
      vertex 36.7924 25.9787 2.5
    endloop
  endfacet
  facet normal 0.953791 0.30047 0
    outer loop
      vertex 35.72 26.9613 7.5
      vertex 35.6787 27.0924 2.5
      vertex 35.6787 27.0924 7.5
    endloop
  endfacet
  facet normal 0.953791 0.30047 0
    outer loop
      vertex 35.6787 27.0924 2.5
      vertex 35.72 26.9613 7.5
      vertex 35.72 26.9613 2.5
    endloop
  endfacet
  facet normal 0.999047 -0.0436583 0
    outer loop
      vertex 35.625 27.5 7.5
      vertex 35.631 27.6373 2.5
      vertex 35.631 27.6373 7.5
    endloop
  endfacet
  facet normal 0.999047 -0.0436583 0
    outer loop
      vertex 35.631 27.6373 2.5
      vertex 35.625 27.5 7.5
      vertex 35.625 27.5 2.5
    endloop
  endfacet
  facet normal -0.793138 -0.609042 0
    outer loop
      vertex 38.4902 28.4034 2.5
      vertex 38.4065 28.5124 7.5
      vertex 38.4065 28.5124 2.5
    endloop
  endfacet
  facet normal -0.793138 -0.609042 0
    outer loop
      vertex 38.4065 28.5124 7.5
      vertex 38.4902 28.4034 2.5
      vertex 38.4902 28.4034 7.5
    endloop
  endfacet
  facet normal -0.537111 -0.843512 0
    outer loop
      vertex 37.9875 28.864 2.5
      vertex 38.1034 28.7902 7.5
      vertex 37.9875 28.864 7.5
    endloop
  endfacet
  facet normal -0.537111 -0.843512 -0
    outer loop
      vertex 38.1034 28.7902 7.5
      vertex 37.9875 28.864 2.5
      vertex 38.1034 28.7902 2.5
    endloop
  endfacet
  facet normal -0.976187 -0.21693 0
    outer loop
      vertex 38.7511 27.7735 2.5
      vertex 38.7213 27.9076 7.5
      vertex 38.7213 27.9076 2.5
    endloop
  endfacet
  facet normal -0.976187 -0.21693 0
    outer loop
      vertex 38.7213 27.9076 7.5
      vertex 38.7511 27.7735 2.5
      vertex 38.7511 27.7735 7.5
    endloop
  endfacet
  facet normal -0.953791 0.30047 0
    outer loop
      vertex 38.68 26.9613 2.5
      vertex 38.7213 27.0924 7.5
      vertex 38.7213 27.0924 2.5
    endloop
  endfacet
  facet normal -0.953791 0.30047 0
    outer loop
      vertex 38.7213 27.0924 7.5
      vertex 38.68 26.9613 2.5
      vertex 38.68 26.9613 7.5
    endloop
  endfacet
  facet normal -0.30047 0.953791 0
    outer loop
      vertex 37.7387 26.02 2.5
      vertex 37.6076 25.9787 7.5
      vertex 37.7387 26.02 7.5
    endloop
  endfacet
  facet normal -0.30047 0.953791 0
    outer loop
      vertex 37.6076 25.9787 7.5
      vertex 37.7387 26.02 2.5
      vertex 37.6076 25.9787 2.5
    endloop
  endfacet
  facet normal 0.130304 -0.991474 0
    outer loop
      vertex 36.9265 29.0511 2.5
      vertex 37.0627 29.069 7.5
      vertex 36.9265 29.0511 7.5
    endloop
  endfacet
  facet normal 0.130304 -0.991474 0
    outer loop
      vertex 37.0627 29.069 7.5
      vertex 36.9265 29.0511 2.5
      vertex 37.0627 29.069 2.5
    endloop
  endfacet
  facet normal 0.923786 0.382909 0
    outer loop
      vertex 35.7726 26.8344 7.5
      vertex 35.72 26.9613 2.5
      vertex 35.72 26.9613 7.5
    endloop
  endfacet
  facet normal 0.923786 0.382909 0
    outer loop
      vertex 35.72 26.9613 2.5
      vertex 35.7726 26.8344 7.5
      vertex 35.7726 26.8344 2.5
    endloop
  endfacet
  facet normal 0.461421 -0.887181 0
    outer loop
      vertex 36.4125 28.864 2.5
      vertex 36.5344 28.9274 7.5
      vertex 36.4125 28.864 7.5
    endloop
  endfacet
  facet normal 0.461421 -0.887181 0
    outer loop
      vertex 36.5344 28.9274 7.5
      vertex 36.4125 28.864 2.5
      vertex 36.5344 28.9274 2.5
    endloop
  endfacet
  facet normal -0.130304 -0.991474 0
    outer loop
      vertex 37.3373 29.069 2.5
      vertex 37.4735 29.0511 7.5
      vertex 37.3373 29.069 7.5
    endloop
  endfacet
  facet normal -0.130304 -0.991474 -0
    outer loop
      vertex 37.4735 29.0511 7.5
      vertex 37.3373 29.069 2.5
      vertex 37.4735 29.0511 2.5
    endloop
  endfacet
  facet normal -0.130304 0.991474 0
    outer loop
      vertex 37.4735 25.9489 2.5
      vertex 37.3373 25.931 7.5
      vertex 37.4735 25.9489 7.5
    endloop
  endfacet
  facet normal -0.130304 0.991474 0
    outer loop
      vertex 37.3373 25.931 7.5
      vertex 37.4735 25.9489 2.5
      vertex 37.3373 25.931 2.5
    endloop
  endfacet
  facet normal 0.537111 -0.843512 0
    outer loop
      vertex 36.2966 28.7902 2.5
      vertex 36.4125 28.864 7.5
      vertex 36.2966 28.7902 7.5
    endloop
  endfacet
  facet normal 0.537111 -0.843512 0
    outer loop
      vertex 36.4125 28.864 7.5
      vertex 36.2966 28.7902 2.5
      vertex 36.4125 28.864 2.5
    endloop
  endfacet
  facet normal 0.609042 -0.793138 0
    outer loop
      vertex 36.1876 28.7065 2.5
      vertex 36.2966 28.7902 7.5
      vertex 36.1876 28.7065 7.5
    endloop
  endfacet
  facet normal 0.609042 -0.793138 0
    outer loop
      vertex 36.2966 28.7902 7.5
      vertex 36.1876 28.7065 2.5
      vertex 36.2966 28.7902 2.5
    endloop
  endfacet
  facet normal 0.382909 0.923786 -0
    outer loop
      vertex 36.6613 26.02 2.5
      vertex 36.5344 26.0726 7.5
      vertex 36.6613 26.02 7.5
    endloop
  endfacet
  facet normal 0.382909 0.923786 0
    outer loop
      vertex 36.5344 26.0726 7.5
      vertex 36.6613 26.02 2.5
      vertex 36.5344 26.0726 2.5
    endloop
  endfacet
  facet normal -0.976187 0.21693 0
    outer loop
      vertex 38.7213 27.0924 2.5
      vertex 38.7511 27.2265 7.5
      vertex 38.7511 27.2265 2.5
    endloop
  endfacet
  facet normal -0.976187 0.21693 0
    outer loop
      vertex 38.7511 27.2265 7.5
      vertex 38.7213 27.0924 2.5
      vertex 38.7213 27.0924 7.5
    endloop
  endfacet
  facet normal -0.843512 0.537111 0
    outer loop
      vertex 38.4902 26.5966 2.5
      vertex 38.564 26.7125 7.5
      vertex 38.564 26.7125 2.5
    endloop
  endfacet
  facet normal -0.843512 0.537111 0
    outer loop
      vertex 38.564 26.7125 7.5
      vertex 38.4902 26.5966 2.5
      vertex 38.4902 26.5966 7.5
    endloop
  endfacet
  facet normal -0.843512 -0.537111 0
    outer loop
      vertex 38.564 28.2875 2.5
      vertex 38.4902 28.4034 7.5
      vertex 38.4902 28.4034 2.5
    endloop
  endfacet
  facet normal -0.843512 -0.537111 0
    outer loop
      vertex 38.4902 28.4034 7.5
      vertex 38.564 28.2875 2.5
      vertex 38.564 28.2875 7.5
    endloop
  endfacet
  facet normal -0.887181 -0.461421 0
    outer loop
      vertex 38.6274 28.1656 2.5
      vertex 38.564 28.2875 7.5
      vertex 38.564 28.2875 2.5
    endloop
  endfacet
  facet normal -0.887181 -0.461421 0
    outer loop
      vertex 38.564 28.2875 7.5
      vertex 38.6274 28.1656 2.5
      vertex 38.6274 28.1656 7.5
    endloop
  endfacet
  facet normal 0.30047 -0.953791 0
    outer loop
      vertex 36.6613 28.98 2.5
      vertex 36.7924 29.0213 7.5
      vertex 36.6613 28.98 7.5
    endloop
  endfacet
  facet normal 0.30047 -0.953791 0
    outer loop
      vertex 36.7924 29.0213 7.5
      vertex 36.6613 28.98 2.5
      vertex 36.7924 29.0213 2.5
    endloop
  endfacet
  facet normal -0.793138 0.609042 0
    outer loop
      vertex 38.4065 26.4876 2.5
      vertex 38.4902 26.5966 7.5
      vertex 38.4902 26.5966 2.5
    endloop
  endfacet
  facet normal -0.793138 0.609042 0
    outer loop
      vertex 38.4902 26.5966 7.5
      vertex 38.4065 26.4876 2.5
      vertex 38.4065 26.4876 7.5
    endloop
  endfacet
  facet normal 0.537111 0.843512 -0
    outer loop
      vertex 36.4125 26.136 2.5
      vertex 36.2966 26.2098 7.5
      vertex 36.4125 26.136 7.5
    endloop
  endfacet
  facet normal 0.537111 0.843512 0
    outer loop
      vertex 36.2966 26.2098 7.5
      vertex 36.4125 26.136 2.5
      vertex 36.2966 26.2098 2.5
    endloop
  endfacet
  facet normal 0.382909 -0.923786 0
    outer loop
      vertex 36.5344 28.9274 2.5
      vertex 36.6613 28.98 7.5
      vertex 36.5344 28.9274 7.5
    endloop
  endfacet
  facet normal 0.382909 -0.923786 0
    outer loop
      vertex 36.6613 28.98 7.5
      vertex 36.5344 28.9274 2.5
      vertex 36.6613 28.98 2.5
    endloop
  endfacet
  facet normal -0.923786 -0.382909 0
    outer loop
      vertex 38.68 28.0387 2.5
      vertex 38.6274 28.1656 7.5
      vertex 38.6274 28.1656 2.5
    endloop
  endfacet
  facet normal -0.923786 -0.382909 0
    outer loop
      vertex 38.6274 28.1656 7.5
      vertex 38.68 28.0387 2.5
      vertex 38.68 28.0387 7.5
    endloop
  endfacet
  facet normal 0.991474 0.130304 0
    outer loop
      vertex 35.6489 27.2265 7.5
      vertex 35.631 27.3627 2.5
      vertex 35.631 27.3627 7.5
    endloop
  endfacet
  facet normal 0.991474 0.130304 0
    outer loop
      vertex 35.631 27.3627 2.5
      vertex 35.6489 27.2265 7.5
      vertex 35.6489 27.2265 2.5
    endloop
  endfacet
  facet normal 0.991474 -0.130304 0
    outer loop
      vertex 35.631 27.6373 7.5
      vertex 35.6489 27.7735 2.5
      vertex 35.6489 27.7735 7.5
    endloop
  endfacet
  facet normal 0.991474 -0.130304 0
    outer loop
      vertex 35.6489 27.7735 2.5
      vertex 35.631 27.6373 7.5
      vertex 35.631 27.6373 2.5
    endloop
  endfacet
  facet normal -0.737366 0.675494 0
    outer loop
      vertex 38.3137 26.3863 2.5
      vertex 38.4065 26.4876 7.5
      vertex 38.4065 26.4876 2.5
    endloop
  endfacet
  facet normal -0.737366 0.675494 0
    outer loop
      vertex 38.4065 26.4876 7.5
      vertex 38.3137 26.3863 2.5
      vertex 38.3137 26.3863 7.5
    endloop
  endfacet
  facet normal -0.382909 -0.923786 0
    outer loop
      vertex 37.7387 28.98 2.5
      vertex 37.8656 28.9274 7.5
      vertex 37.7387 28.98 7.5
    endloop
  endfacet
  facet normal -0.382909 -0.923786 -0
    outer loop
      vertex 37.8656 28.9274 7.5
      vertex 37.7387 28.98 2.5
      vertex 37.8656 28.9274 2.5
    endloop
  endfacet
  facet normal -0.0436583 0.999047 0
    outer loop
      vertex 37.3373 25.931 2.5
      vertex 37.2 25.925 7.5
      vertex 37.3373 25.931 7.5
    endloop
  endfacet
  facet normal -0.0436583 0.999047 0
    outer loop
      vertex 37.2 25.925 7.5
      vertex 37.3373 25.931 2.5
      vertex 37.2 25.925 2.5
    endloop
  endfacet
  facet normal -0.30047 -0.953791 0
    outer loop
      vertex 37.6076 29.0213 2.5
      vertex 37.7387 28.98 7.5
      vertex 37.6076 29.0213 7.5
    endloop
  endfacet
  facet normal -0.30047 -0.953791 -0
    outer loop
      vertex 37.7387 28.98 7.5
      vertex 37.6076 29.0213 2.5
      vertex 37.7387 28.98 2.5
    endloop
  endfacet
  facet normal 0.30047 0.953791 -0
    outer loop
      vertex 36.7924 25.9787 2.5
      vertex 36.6613 26.02 7.5
      vertex 36.7924 25.9787 7.5
    endloop
  endfacet
  facet normal 0.30047 0.953791 0
    outer loop
      vertex 36.6613 26.02 7.5
      vertex 36.7924 25.9787 2.5
      vertex 36.6613 26.02 2.5
    endloop
  endfacet
  facet normal 0.737366 -0.675494 0
    outer loop
      vertex 35.9935 28.5124 7.5
      vertex 36.0863 28.6137 2.5
      vertex 36.0863 28.6137 7.5
    endloop
  endfacet
  facet normal 0.737366 -0.675494 0
    outer loop
      vertex 36.0863 28.6137 2.5
      vertex 35.9935 28.5124 7.5
      vertex 35.9935 28.5124 2.5
    endloop
  endfacet
  facet normal 0.0436583 0.999047 -0
    outer loop
      vertex 37.2 25.925 2.5
      vertex 37.0627 25.931 7.5
      vertex 37.2 25.925 7.5
    endloop
  endfacet
  facet normal 0.0436583 0.999047 0
    outer loop
      vertex 37.0627 25.931 7.5
      vertex 37.2 25.925 2.5
      vertex 37.0627 25.931 2.5
    endloop
  endfacet
  facet normal -0.461421 0.887181 0
    outer loop
      vertex 37.9875 26.136 2.5
      vertex 37.8656 26.0726 7.5
      vertex 37.9875 26.136 7.5
    endloop
  endfacet
  facet normal -0.461421 0.887181 0
    outer loop
      vertex 37.8656 26.0726 7.5
      vertex 37.9875 26.136 2.5
      vertex 37.8656 26.0726 2.5
    endloop
  endfacet
  facet normal 0.675494 -0.737366 0
    outer loop
      vertex 36.0863 28.6137 2.5
      vertex 36.1876 28.7065 7.5
      vertex 36.0863 28.6137 7.5
    endloop
  endfacet
  facet normal 0.675494 -0.737366 0
    outer loop
      vertex 36.1876 28.7065 7.5
      vertex 36.0863 28.6137 2.5
      vertex 36.1876 28.7065 2.5
    endloop
  endfacet
  facet normal -0.609042 -0.793138 0
    outer loop
      vertex 38.1034 28.7902 2.5
      vertex 38.2124 28.7065 7.5
      vertex 38.1034 28.7902 7.5
    endloop
  endfacet
  facet normal -0.609042 -0.793138 -0
    outer loop
      vertex 38.2124 28.7065 7.5
      vertex 38.1034 28.7902 2.5
      vertex 38.2124 28.7065 2.5
    endloop
  endfacet
  facet normal 0.887181 0.461421 0
    outer loop
      vertex 35.836 26.7125 7.5
      vertex 35.7726 26.8344 2.5
      vertex 35.7726 26.8344 7.5
    endloop
  endfacet
  facet normal 0.887181 0.461421 0
    outer loop
      vertex 35.7726 26.8344 2.5
      vertex 35.836 26.7125 7.5
      vertex 35.836 26.7125 2.5
    endloop
  endfacet
  facet normal 0.0436583 -0.999047 0
    outer loop
      vertex 37.0627 29.069 2.5
      vertex 37.2 29.075 7.5
      vertex 37.0627 29.069 7.5
    endloop
  endfacet
  facet normal 0.0436583 -0.999047 0
    outer loop
      vertex 37.2 29.075 7.5
      vertex 37.0627 29.069 2.5
      vertex 37.2 29.075 2.5
    endloop
  endfacet
  facet normal 0.999047 0.0436583 0
    outer loop
      vertex 35.631 27.3627 7.5
      vertex 35.625 27.5 2.5
      vertex 35.625 27.5 7.5
    endloop
  endfacet
  facet normal 0.999047 0.0436583 0
    outer loop
      vertex 35.625 27.5 2.5
      vertex 35.631 27.3627 7.5
      vertex 35.631 27.3627 2.5
    endloop
  endfacet
  facet normal -0.737366 -0.675494 0
    outer loop
      vertex 38.4065 28.5124 2.5
      vertex 38.3137 28.6137 7.5
      vertex 38.3137 28.6137 2.5
    endloop
  endfacet
  facet normal -0.737366 -0.675494 0
    outer loop
      vertex 38.3137 28.6137 7.5
      vertex 38.4065 28.5124 2.5
      vertex 38.4065 28.5124 7.5
    endloop
  endfacet
  facet normal -0.675494 -0.737366 0
    outer loop
      vertex 38.2124 28.7065 2.5
      vertex 38.3137 28.6137 7.5
      vertex 38.2124 28.7065 7.5
    endloop
  endfacet
  facet normal -0.675494 -0.737366 -0
    outer loop
      vertex 38.3137 28.6137 7.5
      vertex 38.2124 28.7065 2.5
      vertex 38.3137 28.6137 2.5
    endloop
  endfacet
  facet normal -0.953791 -0.30047 0
    outer loop
      vertex 38.7213 27.9076 2.5
      vertex 38.68 28.0387 7.5
      vertex 38.68 28.0387 2.5
    endloop
  endfacet
  facet normal -0.953791 -0.30047 0
    outer loop
      vertex 38.68 28.0387 7.5
      vertex 38.7213 27.9076 2.5
      vertex 38.7213 27.9076 7.5
    endloop
  endfacet
  facet normal 0.976187 0.21693 0
    outer loop
      vertex 35.6787 27.0924 7.5
      vertex 35.6489 27.2265 2.5
      vertex 35.6489 27.2265 7.5
    endloop
  endfacet
  facet normal 0.976187 0.21693 0
    outer loop
      vertex 35.6489 27.2265 2.5
      vertex 35.6787 27.0924 7.5
      vertex 35.6787 27.0924 2.5
    endloop
  endfacet
  facet normal 0.675494 0.737366 -0
    outer loop
      vertex 36.1876 26.2935 2.5
      vertex 36.0863 26.3863 7.5
      vertex 36.1876 26.2935 7.5
    endloop
  endfacet
  facet normal 0.675494 0.737366 0
    outer loop
      vertex 36.0863 26.3863 7.5
      vertex 36.1876 26.2935 2.5
      vertex 36.0863 26.3863 2.5
    endloop
  endfacet
  facet normal 0.737366 0.675494 0
    outer loop
      vertex 36.0863 26.3863 7.5
      vertex 35.9935 26.4876 2.5
      vertex 35.9935 26.4876 7.5
    endloop
  endfacet
  facet normal 0.737366 0.675494 0
    outer loop
      vertex 35.9935 26.4876 2.5
      vertex 36.0863 26.3863 7.5
      vertex 36.0863 26.3863 2.5
    endloop
  endfacet
  facet normal 0.609042 0.793138 -0
    outer loop
      vertex 36.2966 26.2098 2.5
      vertex 36.1876 26.2935 7.5
      vertex 36.2966 26.2098 7.5
    endloop
  endfacet
  facet normal 0.609042 0.793138 0
    outer loop
      vertex 36.1876 26.2935 7.5
      vertex 36.2966 26.2098 2.5
      vertex 36.1876 26.2935 2.5
    endloop
  endfacet
  facet normal -0.991474 0.130304 0
    outer loop
      vertex 38.7511 27.2265 2.5
      vertex 38.769 27.3627 7.5
      vertex 38.769 27.3627 2.5
    endloop
  endfacet
  facet normal -0.991474 0.130304 0
    outer loop
      vertex 38.769 27.3627 7.5
      vertex 38.7511 27.2265 2.5
      vertex 38.7511 27.2265 7.5
    endloop
  endfacet
  facet normal 0.793138 -0.609042 0
    outer loop
      vertex 35.9098 28.4034 7.5
      vertex 35.9935 28.5124 2.5
      vertex 35.9935 28.5124 7.5
    endloop
  endfacet
  facet normal 0.793138 -0.609042 0
    outer loop
      vertex 35.9935 28.5124 2.5
      vertex 35.9098 28.4034 7.5
      vertex 35.9098 28.4034 2.5
    endloop
  endfacet
  facet normal -0.21693 -0.976187 0
    outer loop
      vertex 37.4735 29.0511 2.5
      vertex 37.6076 29.0213 7.5
      vertex 37.4735 29.0511 7.5
    endloop
  endfacet
  facet normal -0.21693 -0.976187 -0
    outer loop
      vertex 37.6076 29.0213 7.5
      vertex 37.4735 29.0511 2.5
      vertex 37.6076 29.0213 2.5
    endloop
  endfacet
  facet normal 0.461421 0.887181 -0
    outer loop
      vertex 36.5344 26.0726 2.5
      vertex 36.4125 26.136 7.5
      vertex 36.5344 26.0726 7.5
    endloop
  endfacet
  facet normal 0.461421 0.887181 0
    outer loop
      vertex 36.4125 26.136 7.5
      vertex 36.5344 26.0726 2.5
      vertex 36.4125 26.136 2.5
    endloop
  endfacet
  facet normal -0.887181 0.461421 0
    outer loop
      vertex 38.564 26.7125 2.5
      vertex 38.6274 26.8344 7.5
      vertex 38.6274 26.8344 2.5
    endloop
  endfacet
  facet normal -0.887181 0.461421 0
    outer loop
      vertex 38.6274 26.8344 7.5
      vertex 38.564 26.7125 2.5
      vertex 38.564 26.7125 7.5
    endloop
  endfacet
  facet normal -0.923786 0.382909 0
    outer loop
      vertex 38.6274 26.8344 2.5
      vertex 38.68 26.9613 7.5
      vertex 38.68 26.9613 2.5
    endloop
  endfacet
  facet normal -0.923786 0.382909 0
    outer loop
      vertex 38.68 26.9613 7.5
      vertex 38.6274 26.8344 2.5
      vertex 38.6274 26.8344 7.5
    endloop
  endfacet
  facet normal 0.976187 -0.21693 0
    outer loop
      vertex 35.6489 27.7735 7.5
      vertex 35.6787 27.9076 2.5
      vertex 35.6787 27.9076 7.5
    endloop
  endfacet
  facet normal 0.976187 -0.21693 0
    outer loop
      vertex 35.6787 27.9076 2.5
      vertex 35.6489 27.7735 7.5
      vertex 35.6489 27.7735 2.5
    endloop
  endfacet
  facet normal -0.609042 0.793138 0
    outer loop
      vertex 38.2124 26.2935 2.5
      vertex 38.1034 26.2098 7.5
      vertex 38.2124 26.2935 7.5
    endloop
  endfacet
  facet normal -0.609042 0.793138 0
    outer loop
      vertex 38.1034 26.2098 7.5
      vertex 38.2124 26.2935 2.5
      vertex 38.1034 26.2098 2.5
    endloop
  endfacet
  facet normal 0.953791 -0.30047 0
    outer loop
      vertex 35.6787 27.9076 7.5
      vertex 35.72 28.0387 2.5
      vertex 35.72 28.0387 7.5
    endloop
  endfacet
  facet normal 0.953791 -0.30047 0
    outer loop
      vertex 35.72 28.0387 2.5
      vertex 35.6787 27.9076 7.5
      vertex 35.6787 27.9076 2.5
    endloop
  endfacet
  facet normal 0.843512 -0.537111 0
    outer loop
      vertex 35.836 28.2875 7.5
      vertex 35.9098 28.4034 2.5
      vertex 35.9098 28.4034 7.5
    endloop
  endfacet
  facet normal 0.843512 -0.537111 0
    outer loop
      vertex 35.9098 28.4034 2.5
      vertex 35.836 28.2875 7.5
      vertex 35.836 28.2875 2.5
    endloop
  endfacet
  facet normal -0.675494 0.737366 0
    outer loop
      vertex 38.3137 26.3863 2.5
      vertex 38.2124 26.2935 7.5
      vertex 38.3137 26.3863 7.5
    endloop
  endfacet
  facet normal -0.675494 0.737366 0
    outer loop
      vertex 38.2124 26.2935 7.5
      vertex 38.3137 26.3863 2.5
      vertex 38.2124 26.2935 2.5
    endloop
  endfacet
  facet normal 0.843512 0.537111 0
    outer loop
      vertex 35.9098 26.5966 7.5
      vertex 35.836 26.7125 2.5
      vertex 35.836 26.7125 7.5
    endloop
  endfacet
  facet normal 0.843512 0.537111 0
    outer loop
      vertex 35.836 26.7125 2.5
      vertex 35.9098 26.5966 7.5
      vertex 35.9098 26.5966 2.5
    endloop
  endfacet
  facet normal 0.793138 0.609042 0
    outer loop
      vertex 35.9935 26.4876 7.5
      vertex 35.9098 26.5966 2.5
      vertex 35.9098 26.5966 7.5
    endloop
  endfacet
  facet normal 0.793138 0.609042 0
    outer loop
      vertex 35.9098 26.5966 2.5
      vertex 35.9935 26.4876 7.5
      vertex 35.9935 26.4876 2.5
    endloop
  endfacet
  facet normal -0.21693 0.976187 0
    outer loop
      vertex 37.6076 25.9787 2.5
      vertex 37.4735 25.9489 7.5
      vertex 37.6076 25.9787 7.5
    endloop
  endfacet
  facet normal -0.21693 0.976187 0
    outer loop
      vertex 37.4735 25.9489 7.5
      vertex 37.6076 25.9787 2.5
      vertex 37.4735 25.9489 2.5
    endloop
  endfacet
  facet normal 0.737269 -0.675599 0
    outer loop
      vertex 39.2506 73.7494 7.5
      vertex 39.4215 73.9359 2.5
      vertex 39.4215 73.9359 7.5
    endloop
  endfacet
  facet normal 0.737269 -0.675599 0
    outer loop
      vertex 39.4215 73.9359 2.5
      vertex 39.2506 73.7494 7.5
      vertex 39.2506 73.7494 2.5
    endloop
  endfacet
  facet normal 0.99141 0.130792 0
    outer loop
      vertex 40.089 76.0527 7.5
      vertex 40.0559 76.3036 2.5
      vertex 40.0559 76.3036 7.5
    endloop
  endfacet
  facet normal 0.99141 0.130792 0
    outer loop
      vertex 40.0559 76.3036 2.5
      vertex 40.089 76.0527 7.5
      vertex 40.089 76.0527 2.5
    endloop
  endfacet
  facet normal 0.999054 0.0434887 0
    outer loop
      vertex 40.1 75.8 7.5
      vertex 40.089 76.0527 2.5
      vertex 40.089 76.0527 7.5
    endloop
  endfacet
  facet normal 0.999054 0.0434887 0
    outer loop
      vertex 40.089 76.0527 2.5
      vertex 40.1 75.8 7.5
      vertex 40.1 75.8 2.5
    endloop
  endfacet
  facet normal 0.976345 0.216219 0
    outer loop
      vertex 40.0559 76.3036 7.5
      vertex 40.0012 76.5506 2.5
      vertex 40.0012 76.5506 7.5
    endloop
  endfacet
  facet normal 0.976345 0.216219 0
    outer loop
      vertex 40.0012 76.5506 2.5
      vertex 40.0559 76.3036 7.5
      vertex 40.0559 76.3036 2.5
    endloop
  endfacet
  facet normal 0.537438 -0.843303 0
    outer loop
      vertex 38.65 73.2885 2.5
      vertex 38.8634 73.4245 7.5
      vertex 38.65 73.2885 7.5
    endloop
  endfacet
  facet normal 0.537438 -0.843303 0
    outer loop
      vertex 38.8634 73.4245 7.5
      vertex 38.65 73.2885 2.5
      vertex 38.8634 73.4245 2.5
    endloop
  endfacet
  facet normal 0.461701 -0.887036 0
    outer loop
      vertex 38.4256 73.1717 2.5
      vertex 38.65 73.2885 7.5
      vertex 38.4256 73.1717 7.5
    endloop
  endfacet
  facet normal 0.461701 -0.887036 0
    outer loop
      vertex 38.65 73.2885 7.5
      vertex 38.4256 73.1717 2.5
      vertex 38.65 73.2885 2.5
    endloop
  endfacet
  facet normal 0.216219 -0.976345 0
    outer loop
      vertex 37.7036 72.9441 2.5
      vertex 37.9506 72.9988 7.5
      vertex 37.7036 72.9441 7.5
    endloop
  endfacet
  facet normal 0.216219 -0.976345 0
    outer loop
      vertex 37.9506 72.9988 7.5
      vertex 37.7036 72.9441 2.5
      vertex 37.9506 72.9988 2.5
    endloop
  endfacet
  facet normal -0.130792 0.99141 0
    outer loop
      vertex 36.9473 78.689 2.5
      vertex 36.6964 78.6559 7.5
      vertex 36.9473 78.689 7.5
    endloop
  endfacet
  facet normal -0.130792 0.99141 0
    outer loop
      vertex 36.6964 78.6559 7.5
      vertex 36.9473 78.689 2.5
      vertex 36.6964 78.6559 2.5
    endloop
  endfacet
  facet normal -0.843303 0.537438 0
    outer loop
      vertex 34.6885 77.25 2.5
      vertex 34.8245 77.4634 7.5
      vertex 34.8245 77.4634 2.5
    endloop
  endfacet
  facet normal -0.843303 0.537438 0
    outer loop
      vertex 34.8245 77.4634 7.5
      vertex 34.6885 77.25 2.5
      vertex 34.6885 77.25 7.5
    endloop
  endfacet
  facet normal -0.382678 0.923882 0
    outer loop
      vertex 36.2081 78.5251 2.5
      vertex 35.9744 78.4283 7.5
      vertex 36.2081 78.5251 7.5
    endloop
  endfacet
  facet normal -0.382678 0.923882 0
    outer loop
      vertex 35.9744 78.4283 7.5
      vertex 36.2081 78.5251 2.5
      vertex 35.9744 78.4283 2.5
    endloop
  endfacet
  facet normal 0.608755 0.793358 -0
    outer loop
      vertex 39.0641 78.0215 2.5
      vertex 38.8634 78.1755 7.5
      vertex 39.0641 78.0215 7.5
    endloop
  endfacet
  facet normal 0.608755 0.793358 0
    outer loop
      vertex 38.8634 78.1755 7.5
      vertex 39.0641 78.0215 2.5
      vertex 38.8634 78.1755 2.5
    endloop
  endfacet
  facet normal 0.216219 0.976345 -0
    outer loop
      vertex 37.9506 78.6012 2.5
      vertex 37.7036 78.6559 7.5
      vertex 37.9506 78.6012 7.5
    endloop
  endfacet
  facet normal 0.216219 0.976345 0
    outer loop
      vertex 37.7036 78.6559 7.5
      vertex 37.9506 78.6012 2.5
      vertex 37.7036 78.6559 2.5
    endloop
  endfacet
  facet normal -0.923882 -0.382678 0
    outer loop
      vertex 34.5717 74.5744 2.5
      vertex 34.4749 74.8081 7.5
      vertex 34.4749 74.8081 2.5
    endloop
  endfacet
  facet normal -0.923882 -0.382678 0
    outer loop
      vertex 34.4749 74.8081 7.5
      vertex 34.5717 74.5744 2.5
      vertex 34.5717 74.5744 7.5
    endloop
  endfacet
  facet normal -0.737269 -0.675599 0
    outer loop
      vertex 35.1494 73.7494 2.5
      vertex 34.9785 73.9359 7.5
      vertex 34.9785 73.9359 2.5
    endloop
  endfacet
  facet normal -0.737269 -0.675599 0
    outer loop
      vertex 34.9785 73.9359 7.5
      vertex 35.1494 73.7494 2.5
      vertex 35.1494 73.7494 7.5
    endloop
  endfacet
  facet normal 0.461701 0.887036 -0
    outer loop
      vertex 38.65 78.3115 2.5
      vertex 38.4256 78.4283 7.5
      vertex 38.65 78.3115 7.5
    endloop
  endfacet
  facet normal 0.461701 0.887036 0
    outer loop
      vertex 38.4256 78.4283 7.5
      vertex 38.65 78.3115 2.5
      vertex 38.4256 78.4283 2.5
    endloop
  endfacet
  facet normal 0.537438 0.843303 -0
    outer loop
      vertex 38.8634 78.1755 2.5
      vertex 38.65 78.3115 7.5
      vertex 38.8634 78.1755 7.5
    endloop
  endfacet
  facet normal 0.537438 0.843303 0
    outer loop
      vertex 38.65 78.3115 7.5
      vertex 38.8634 78.1755 2.5
      vertex 38.65 78.3115 2.5
    endloop
  endfacet
  facet normal -0.537438 0.843303 0
    outer loop
      vertex 35.75 78.3115 2.5
      vertex 35.5366 78.1755 7.5
      vertex 35.75 78.3115 7.5
    endloop
  endfacet
  facet normal -0.537438 0.843303 0
    outer loop
      vertex 35.5366 78.1755 7.5
      vertex 35.75 78.3115 2.5
      vertex 35.5366 78.1755 2.5
    endloop
  endfacet
  facet normal 0.953696 -0.300772 0
    outer loop
      vertex 39.9251 74.8081 7.5
      vertex 40.0012 75.0494 2.5
      vertex 40.0012 75.0494 7.5
    endloop
  endfacet
  facet normal 0.953696 -0.300772 0
    outer loop
      vertex 40.0012 75.0494 2.5
      vertex 39.9251 74.8081 7.5
      vertex 39.9251 74.8081 2.5
    endloop
  endfacet
  facet normal -0.675599 0.737269 0
    outer loop
      vertex 35.3359 78.0215 2.5
      vertex 35.1494 77.8506 7.5
      vertex 35.3359 78.0215 7.5
    endloop
  endfacet
  facet normal -0.675599 0.737269 0
    outer loop
      vertex 35.1494 77.8506 7.5
      vertex 35.3359 78.0215 2.5
      vertex 35.1494 77.8506 2.5
    endloop
  endfacet
  facet normal 0.300772 -0.953696 0
    outer loop
      vertex 37.9506 72.9988 2.5
      vertex 38.1919 73.0749 7.5
      vertex 37.9506 72.9988 7.5
    endloop
  endfacet
  facet normal 0.300772 -0.953696 0
    outer loop
      vertex 38.1919 73.0749 7.5
      vertex 37.9506 72.9988 2.5
      vertex 38.1919 73.0749 2.5
    endloop
  endfacet
  facet normal 0.130843 -0.991403 0
    outer loop
      vertex 37.4528 72.911 2.5
      vertex 37.7036 72.9441 7.5
      vertex 37.4528 72.911 7.5
    endloop
  endfacet
  facet normal 0.130843 -0.991403 0
    outer loop
      vertex 37.7036 72.9441 7.5
      vertex 37.4528 72.911 2.5
      vertex 37.7036 72.9441 2.5
    endloop
  endfacet
  facet normal -0.675599 -0.737269 0
    outer loop
      vertex 35.1494 73.7494 2.5
      vertex 35.3359 73.5785 7.5
      vertex 35.1494 73.7494 7.5
    endloop
  endfacet
  facet normal -0.675599 -0.737269 -0
    outer loop
      vertex 35.3359 73.5785 7.5
      vertex 35.1494 73.7494 2.5
      vertex 35.3359 73.5785 2.5
    endloop
  endfacet
  facet normal 0.0434715 -0.999055 0
    outer loop
      vertex 37.2 72.9 2.5
      vertex 37.4528 72.911 7.5
      vertex 37.2 72.9 7.5
    endloop
  endfacet
  facet normal 0.0434715 -0.999055 0
    outer loop
      vertex 37.4528 72.911 7.5
      vertex 37.2 72.9 2.5
      vertex 37.4528 72.911 2.5
    endloop
  endfacet
  facet normal -0.976345 0.216219 0
    outer loop
      vertex 34.3441 76.3036 2.5
      vertex 34.3988 76.5506 7.5
      vertex 34.3988 76.5506 2.5
    endloop
  endfacet
  facet normal -0.976345 0.216219 0
    outer loop
      vertex 34.3988 76.5506 7.5
      vertex 34.3441 76.3036 2.5
      vertex 34.3441 76.3036 7.5
    endloop
  endfacet
  facet normal -0.461701 0.887036 0
    outer loop
      vertex 35.9744 78.4283 2.5
      vertex 35.75 78.3115 7.5
      vertex 35.9744 78.4283 7.5
    endloop
  endfacet
  facet normal -0.461701 0.887036 0
    outer loop
      vertex 35.75 78.3115 7.5
      vertex 35.9744 78.4283 2.5
      vertex 35.75 78.3115 2.5
    endloop
  endfacet
  facet normal 0.843303 0.537438 0
    outer loop
      vertex 39.7115 77.25 7.5
      vertex 39.5755 77.4634 2.5
      vertex 39.5755 77.4634 7.5
    endloop
  endfacet
  facet normal 0.843303 0.537438 0
    outer loop
      vertex 39.5755 77.4634 2.5
      vertex 39.7115 77.25 7.5
      vertex 39.7115 77.25 2.5
    endloop
  endfacet
  facet normal 0.0434715 0.999055 -0
    outer loop
      vertex 37.4528 78.689 2.5
      vertex 37.2 78.7 7.5
      vertex 37.4528 78.689 7.5
    endloop
  endfacet
  facet normal 0.0434715 0.999055 0
    outer loop
      vertex 37.2 78.7 7.5
      vertex 37.4528 78.689 2.5
      vertex 37.2 78.7 2.5
    endloop
  endfacet
  facet normal -0.216219 0.976345 0
    outer loop
      vertex 36.6964 78.6559 2.5
      vertex 36.4494 78.6012 7.5
      vertex 36.6964 78.6559 7.5
    endloop
  endfacet
  facet normal -0.216219 0.976345 0
    outer loop
      vertex 36.4494 78.6012 7.5
      vertex 36.6964 78.6559 2.5
      vertex 36.4494 78.6012 2.5
    endloop
  endfacet
  facet normal 0.976345 -0.216219 0
    outer loop
      vertex 40.0012 75.0494 7.5
      vertex 40.0559 75.2964 2.5
      vertex 40.0559 75.2964 7.5
    endloop
  endfacet
  facet normal 0.976345 -0.216219 0
    outer loop
      vertex 40.0559 75.2964 2.5
      vertex 40.0012 75.0494 7.5
      vertex 40.0012 75.0494 2.5
    endloop
  endfacet
  facet normal 0.793358 -0.608755 0
    outer loop
      vertex 39.4215 73.9359 7.5
      vertex 39.5755 74.1366 2.5
      vertex 39.5755 74.1366 7.5
    endloop
  endfacet
  facet normal 0.793358 -0.608755 0
    outer loop
      vertex 39.5755 74.1366 2.5
      vertex 39.4215 73.9359 7.5
      vertex 39.4215 73.9359 2.5
    endloop
  endfacet
  facet normal 0.675599 0.737269 -0
    outer loop
      vertex 39.2506 77.8506 2.5
      vertex 39.0641 78.0215 7.5
      vertex 39.2506 77.8506 7.5
    endloop
  endfacet
  facet normal 0.675599 0.737269 0
    outer loop
      vertex 39.0641 78.0215 7.5
      vertex 39.2506 77.8506 2.5
      vertex 39.0641 78.0215 2.5
    endloop
  endfacet
  facet normal 0.887036 -0.461701 0
    outer loop
      vertex 39.7115 74.35 7.5
      vertex 39.8283 74.5744 2.5
      vertex 39.8283 74.5744 7.5
    endloop
  endfacet
  facet normal 0.887036 -0.461701 0
    outer loop
      vertex 39.8283 74.5744 2.5
      vertex 39.7115 74.35 7.5
      vertex 39.7115 74.35 2.5
    endloop
  endfacet
  facet normal -0.537438 -0.843303 0
    outer loop
      vertex 35.5366 73.4245 2.5
      vertex 35.75 73.2885 7.5
      vertex 35.5366 73.4245 7.5
    endloop
  endfacet
  facet normal -0.537438 -0.843303 -0
    outer loop
      vertex 35.75 73.2885 7.5
      vertex 35.5366 73.4245 2.5
      vertex 35.75 73.2885 2.5
    endloop
  endfacet
  facet normal -0.737269 0.675599 0
    outer loop
      vertex 34.9785 77.6641 2.5
      vertex 35.1494 77.8506 7.5
      vertex 35.1494 77.8506 2.5
    endloop
  endfacet
  facet normal -0.737269 0.675599 0
    outer loop
      vertex 35.1494 77.8506 7.5
      vertex 34.9785 77.6641 2.5
      vertex 34.9785 77.6641 7.5
    endloop
  endfacet
  facet normal 0.953696 0.300772 0
    outer loop
      vertex 40.0012 76.5506 7.5
      vertex 39.9251 76.7919 2.5
      vertex 39.9251 76.7919 7.5
    endloop
  endfacet
  facet normal 0.953696 0.300772 0
    outer loop
      vertex 39.9251 76.7919 2.5
      vertex 40.0012 76.5506 7.5
      vertex 40.0012 76.5506 2.5
    endloop
  endfacet
  facet normal 0.843303 -0.537438 0
    outer loop
      vertex 39.5755 74.1366 7.5
      vertex 39.7115 74.35 2.5
      vertex 39.7115 74.35 7.5
    endloop
  endfacet
  facet normal 0.843303 -0.537438 0
    outer loop
      vertex 39.7115 74.35 2.5
      vertex 39.5755 74.1366 7.5
      vertex 39.5755 74.1366 2.5
    endloop
  endfacet
  facet normal -0.991403 -0.130843 0
    outer loop
      vertex 34.3441 75.2964 2.5
      vertex 34.311 75.5472 7.5
      vertex 34.311 75.5472 2.5
    endloop
  endfacet
  facet normal -0.991403 -0.130843 0
    outer loop
      vertex 34.311 75.5472 7.5
      vertex 34.3441 75.2964 2.5
      vertex 34.3441 75.2964 7.5
    endloop
  endfacet
  facet normal -0.953696 0.300772 0
    outer loop
      vertex 34.3988 76.5506 2.5
      vertex 34.4749 76.7919 7.5
      vertex 34.4749 76.7919 2.5
    endloop
  endfacet
  facet normal -0.953696 0.300772 0
    outer loop
      vertex 34.4749 76.7919 7.5
      vertex 34.3988 76.5506 2.5
      vertex 34.3988 76.5506 7.5
    endloop
  endfacet
  facet normal -0.608755 0.793358 0
    outer loop
      vertex 35.5366 78.1755 2.5
      vertex 35.3359 78.0215 7.5
      vertex 35.5366 78.1755 7.5
    endloop
  endfacet
  facet normal -0.608755 0.793358 0
    outer loop
      vertex 35.3359 78.0215 7.5
      vertex 35.5366 78.1755 2.5
      vertex 35.3359 78.0215 2.5
    endloop
  endfacet
  facet normal 0.991403 -0.130843 0
    outer loop
      vertex 40.0559 75.2964 7.5
      vertex 40.089 75.5472 2.5
      vertex 40.089 75.5472 7.5
    endloop
  endfacet
  facet normal 0.991403 -0.130843 0
    outer loop
      vertex 40.089 75.5472 2.5
      vertex 40.0559 75.2964 7.5
      vertex 40.0559 75.2964 2.5
    endloop
  endfacet
  facet normal 0.999055 -0.0434715 0
    outer loop
      vertex 40.089 75.5472 7.5
      vertex 40.1 75.8 2.5
      vertex 40.1 75.8 7.5
    endloop
  endfacet
  facet normal 0.999055 -0.0434715 0
    outer loop
      vertex 40.1 75.8 2.5
      vertex 40.089 75.5472 7.5
      vertex 40.089 75.5472 2.5
    endloop
  endfacet
  facet normal -0.99141 0.130792 0
    outer loop
      vertex 34.311 76.0527 2.5
      vertex 34.3441 76.3036 7.5
      vertex 34.3441 76.3036 2.5
    endloop
  endfacet
  facet normal -0.99141 0.130792 0
    outer loop
      vertex 34.3441 76.3036 7.5
      vertex 34.311 76.0527 2.5
      vertex 34.311 76.0527 7.5
    endloop
  endfacet
  facet normal 0.923882 0.382678 0
    outer loop
      vertex 39.9251 76.7919 7.5
      vertex 39.8283 77.0256 2.5
      vertex 39.8283 77.0256 7.5
    endloop
  endfacet
  facet normal 0.923882 0.382678 0
    outer loop
      vertex 39.8283 77.0256 2.5
      vertex 39.9251 76.7919 7.5
      vertex 39.9251 76.7919 2.5
    endloop
  endfacet
  facet normal -0.976345 -0.216219 0
    outer loop
      vertex 34.3988 75.0494 2.5
      vertex 34.3441 75.2964 7.5
      vertex 34.3441 75.2964 2.5
    endloop
  endfacet
  facet normal -0.976345 -0.216219 0
    outer loop
      vertex 34.3441 75.2964 7.5
      vertex 34.3988 75.0494 2.5
      vertex 34.3988 75.0494 7.5
    endloop
  endfacet
  facet normal 0.887036 0.461701 0
    outer loop
      vertex 39.8283 77.0256 7.5
      vertex 39.7115 77.25 2.5
      vertex 39.7115 77.25 7.5
    endloop
  endfacet
  facet normal 0.887036 0.461701 0
    outer loop
      vertex 39.7115 77.25 2.5
      vertex 39.8283 77.0256 7.5
      vertex 39.8283 77.0256 2.5
    endloop
  endfacet
  facet normal -0.793358 0.608755 0
    outer loop
      vertex 34.8245 77.4634 2.5
      vertex 34.9785 77.6641 7.5
      vertex 34.9785 77.6641 2.5
    endloop
  endfacet
  facet normal -0.793358 0.608755 0
    outer loop
      vertex 34.9785 77.6641 7.5
      vertex 34.8245 77.4634 2.5
      vertex 34.8245 77.4634 7.5
    endloop
  endfacet
  facet normal -0.887036 -0.461701 0
    outer loop
      vertex 34.6885 74.35 2.5
      vertex 34.5717 74.5744 7.5
      vertex 34.5717 74.5744 2.5
    endloop
  endfacet
  facet normal -0.887036 -0.461701 0
    outer loop
      vertex 34.5717 74.5744 7.5
      vertex 34.6885 74.35 2.5
      vertex 34.6885 74.35 7.5
    endloop
  endfacet
  facet normal -0.300772 0.953696 0
    outer loop
      vertex 36.4494 78.6012 2.5
      vertex 36.2081 78.5251 7.5
      vertex 36.4494 78.6012 7.5
    endloop
  endfacet
  facet normal -0.300772 0.953696 0
    outer loop
      vertex 36.2081 78.5251 7.5
      vertex 36.4494 78.6012 2.5
      vertex 36.2081 78.5251 2.5
    endloop
  endfacet
  facet normal 0.737269 0.675599 0
    outer loop
      vertex 39.4215 77.6641 7.5
      vertex 39.2506 77.8506 2.5
      vertex 39.2506 77.8506 7.5
    endloop
  endfacet
  facet normal 0.737269 0.675599 0
    outer loop
      vertex 39.2506 77.8506 2.5
      vertex 39.4215 77.6641 7.5
      vertex 39.4215 77.6641 2.5
    endloop
  endfacet
  facet normal -0.953696 -0.300772 0
    outer loop
      vertex 34.4749 74.8081 2.5
      vertex 34.3988 75.0494 7.5
      vertex 34.3988 75.0494 2.5
    endloop
  endfacet
  facet normal -0.953696 -0.300772 0
    outer loop
      vertex 34.3988 75.0494 7.5
      vertex 34.4749 74.8081 2.5
      vertex 34.4749 74.8081 7.5
    endloop
  endfacet
  facet normal -0.793358 -0.608755 0
    outer loop
      vertex 34.9785 73.9359 2.5
      vertex 34.8245 74.1366 7.5
      vertex 34.8245 74.1366 2.5
    endloop
  endfacet
  facet normal -0.793358 -0.608755 0
    outer loop
      vertex 34.8245 74.1366 7.5
      vertex 34.9785 73.9359 2.5
      vertex 34.9785 73.9359 7.5
    endloop
  endfacet
  facet normal -0.0434887 -0.999054 0
    outer loop
      vertex 36.9473 72.911 2.5
      vertex 37.2 72.9 7.5
      vertex 36.9473 72.911 7.5
    endloop
  endfacet
  facet normal -0.0434887 -0.999054 -0
    outer loop
      vertex 37.2 72.9 7.5
      vertex 36.9473 72.911 2.5
      vertex 37.2 72.9 2.5
    endloop
  endfacet
  facet normal -0.461701 -0.887036 0
    outer loop
      vertex 35.75 73.2885 2.5
      vertex 35.9744 73.1717 7.5
      vertex 35.75 73.2885 7.5
    endloop
  endfacet
  facet normal -0.461701 -0.887036 -0
    outer loop
      vertex 35.9744 73.1717 7.5
      vertex 35.75 73.2885 2.5
      vertex 35.9744 73.1717 2.5
    endloop
  endfacet
  facet normal -0.608755 -0.793358 0
    outer loop
      vertex 35.3359 73.5785 2.5
      vertex 35.5366 73.4245 7.5
      vertex 35.3359 73.5785 7.5
    endloop
  endfacet
  facet normal -0.608755 -0.793358 -0
    outer loop
      vertex 35.5366 73.4245 7.5
      vertex 35.3359 73.5785 2.5
      vertex 35.5366 73.4245 2.5
    endloop
  endfacet
  facet normal -0.130792 -0.99141 0
    outer loop
      vertex 36.6964 72.9441 2.5
      vertex 36.9473 72.911 7.5
      vertex 36.6964 72.9441 7.5
    endloop
  endfacet
  facet normal -0.130792 -0.99141 -0
    outer loop
      vertex 36.9473 72.911 7.5
      vertex 36.6964 72.9441 2.5
      vertex 36.9473 72.911 2.5
    endloop
  endfacet
  facet normal 0.382678 -0.923882 0
    outer loop
      vertex 38.1919 73.0749 2.5
      vertex 38.4256 73.1717 7.5
      vertex 38.1919 73.0749 7.5
    endloop
  endfacet
  facet normal 0.382678 -0.923882 0
    outer loop
      vertex 38.4256 73.1717 7.5
      vertex 38.1919 73.0749 2.5
      vertex 38.4256 73.1717 2.5
    endloop
  endfacet
  facet normal 0.923882 -0.382678 0
    outer loop
      vertex 39.8283 74.5744 7.5
      vertex 39.9251 74.8081 2.5
      vertex 39.9251 74.8081 7.5
    endloop
  endfacet
  facet normal 0.923882 -0.382678 0
    outer loop
      vertex 39.9251 74.8081 2.5
      vertex 39.8283 74.5744 7.5
      vertex 39.8283 74.5744 2.5
    endloop
  endfacet
  facet normal -0.923882 0.382678 0
    outer loop
      vertex 34.4749 76.7919 2.5
      vertex 34.5717 77.0256 7.5
      vertex 34.5717 77.0256 2.5
    endloop
  endfacet
  facet normal -0.923882 0.382678 0
    outer loop
      vertex 34.5717 77.0256 7.5
      vertex 34.4749 76.7919 2.5
      vertex 34.4749 76.7919 7.5
    endloop
  endfacet
  facet normal 0.300772 0.953696 -0
    outer loop
      vertex 38.1919 78.5251 2.5
      vertex 37.9506 78.6012 7.5
      vertex 38.1919 78.5251 7.5
    endloop
  endfacet
  facet normal 0.300772 0.953696 0
    outer loop
      vertex 37.9506 78.6012 7.5
      vertex 38.1919 78.5251 2.5
      vertex 37.9506 78.6012 2.5
    endloop
  endfacet
  facet normal -0.0434887 0.999054 0
    outer loop
      vertex 37.2 78.7 2.5
      vertex 36.9473 78.689 7.5
      vertex 37.2 78.7 7.5
    endloop
  endfacet
  facet normal -0.0434887 0.999054 0
    outer loop
      vertex 36.9473 78.689 7.5
      vertex 37.2 78.7 2.5
      vertex 36.9473 78.689 2.5
    endloop
  endfacet
  facet normal 0.793358 0.608755 0
    outer loop
      vertex 39.5755 77.4634 7.5
      vertex 39.4215 77.6641 2.5
      vertex 39.4215 77.6641 7.5
    endloop
  endfacet
  facet normal 0.793358 0.608755 0
    outer loop
      vertex 39.4215 77.6641 2.5
      vertex 39.5755 77.4634 7.5
      vertex 39.5755 77.4634 2.5
    endloop
  endfacet
  facet normal 0 0 1
    outer loop
      vertex 38.775 75.8 7.5
      vertex 40.1 75.8 7.5
      vertex 40.089 76.0527 7.5
    endloop
  endfacet
  facet normal 0 0 1
    outer loop
      vertex 38.769 75.9373 7.5
      vertex 40.089 76.0527 7.5
      vertex 40.0559 76.3036 7.5
    endloop
  endfacet
  facet normal 0 0 1
    outer loop
      vertex 40.1 75.8 7.5
      vertex 38.775 75.8 7.5
      vertex 40.089 75.5472 7.5
    endloop
  endfacet
  facet normal 0 0 1
    outer loop
      vertex 38.7511 76.0735 7.5
      vertex 40.0559 76.3036 7.5
      vertex 40.0012 76.5506 7.5
    endloop
  endfacet
  facet normal -0 0 1
    outer loop
      vertex 38.769 75.6627 7.5
      vertex 40.089 75.5472 7.5
      vertex 38.775 75.8 7.5
    endloop
  endfacet
  facet normal 0 0 1
    outer loop
      vertex 38.7213 76.2076 7.5
      vertex 40.0012 76.5506 7.5
      vertex 39.9251 76.7919 7.5
    endloop
  endfacet
  facet normal 0 0 1
    outer loop
      vertex 40.089 75.5472 7.5
      vertex 38.769 75.6627 7.5
      vertex 40.0559 75.2964 7.5
    endloop
  endfacet
  facet normal 0 0 1
    outer loop
      vertex 38.68 76.3387 7.5
      vertex 39.9251 76.7919 7.5
      vertex 39.8283 77.0256 7.5
    endloop
  endfacet
  facet normal -0 0 1
    outer loop
      vertex 38.7511 75.5265 7.5
      vertex 40.0559 75.2964 7.5
      vertex 38.769 75.6627 7.5
    endloop
  endfacet
  facet normal 0 0 1
    outer loop
      vertex 38.6274 76.4656 7.5
      vertex 39.8283 77.0256 7.5
      vertex 39.7115 77.25 7.5
    endloop
  endfacet
  facet normal 0 0 1
    outer loop
      vertex 40.0559 75.2964 7.5
      vertex 38.7511 75.5265 7.5
      vertex 40.0012 75.0494 7.5
    endloop
  endfacet
  facet normal 0 0 1
    outer loop
      vertex 38.564 76.5875 7.5
      vertex 39.7115 77.25 7.5
      vertex 39.5755 77.4634 7.5
    endloop
  endfacet
  facet normal -0 0 1
    outer loop
      vertex 38.7213 75.3924 7.5
      vertex 40.0012 75.0494 7.5
      vertex 38.7511 75.5265 7.5
    endloop
  endfacet
  facet normal 0 0 1
    outer loop
      vertex 38.4902 76.7034 7.5
      vertex 39.5755 77.4634 7.5
      vertex 39.4215 77.6641 7.5
    endloop
  endfacet
  facet normal 0 0 1
    outer loop
      vertex 40.0012 75.0494 7.5
      vertex 38.7213 75.3924 7.5
      vertex 39.9251 74.8081 7.5
    endloop
  endfacet
  facet normal 0 0 1
    outer loop
      vertex 38.4065 76.8124 7.5
      vertex 39.4215 77.6641 7.5
      vertex 39.2506 77.8506 7.5
    endloop
  endfacet
  facet normal -0 0 1
    outer loop
      vertex 38.68 75.2613 7.5
      vertex 39.9251 74.8081 7.5
      vertex 38.7213 75.3924 7.5
    endloop
  endfacet
  facet normal 0 0 1
    outer loop
      vertex 38.3137 76.9137 7.5
      vertex 39.2506 77.8506 7.5
      vertex 39.0641 78.0215 7.5
    endloop
  endfacet
  facet normal 0 0 1
    outer loop
      vertex 39.9251 74.8081 7.5
      vertex 38.68 75.2613 7.5
      vertex 39.8283 74.5744 7.5
    endloop
  endfacet
  facet normal 0 0 1
    outer loop
      vertex 38.2124 77.0065 7.5
      vertex 39.0641 78.0215 7.5
      vertex 38.8634 78.1755 7.5
    endloop
  endfacet
  facet normal -0 0 1
    outer loop
      vertex 38.6274 75.1344 7.5
      vertex 39.8283 74.5744 7.5
      vertex 38.68 75.2613 7.5
    endloop
  endfacet
  facet normal 0 0 1
    outer loop
      vertex 39.8283 74.5744 7.5
      vertex 38.6274 75.1344 7.5
      vertex 39.7115 74.35 7.5
    endloop
  endfacet
  facet normal 0 0 1
    outer loop
      vertex 40.089 76.0527 7.5
      vertex 38.769 75.9373 7.5
      vertex 38.775 75.8 7.5
    endloop
  endfacet
  facet normal 0 0 1
    outer loop
      vertex 40.0559 76.3036 7.5
      vertex 38.7511 76.0735 7.5
      vertex 38.769 75.9373 7.5
    endloop
  endfacet
  facet normal 0 0 1
    outer loop
      vertex 40.0012 76.5506 7.5
      vertex 38.7213 76.2076 7.5
      vertex 38.7511 76.0735 7.5
    endloop
  endfacet
  facet normal 0 0 1
    outer loop
      vertex 39.9251 76.7919 7.5
      vertex 38.68 76.3387 7.5
      vertex 38.7213 76.2076 7.5
    endloop
  endfacet
  facet normal 0 0 1
    outer loop
      vertex 38.1034 77.0902 7.5
      vertex 38.8634 78.1755 7.5
      vertex 38.65 78.3115 7.5
    endloop
  endfacet
  facet normal 0 0 1
    outer loop
      vertex 39.8283 77.0256 7.5
      vertex 38.6274 76.4656 7.5
      vertex 38.68 76.3387 7.5
    endloop
  endfacet
  facet normal 0 0 1
    outer loop
      vertex 39.7115 77.25 7.5
      vertex 38.564 76.5875 7.5
      vertex 38.6274 76.4656 7.5
    endloop
  endfacet
  facet normal 0 0 1
    outer loop
      vertex 39.5755 77.4634 7.5
      vertex 38.4902 76.7034 7.5
      vertex 38.564 76.5875 7.5
    endloop
  endfacet
  facet normal 0 0 1
    outer loop
      vertex 37.9875 77.164 7.5
      vertex 38.65 78.3115 7.5
      vertex 38.4256 78.4283 7.5
    endloop
  endfacet
  facet normal 0 0 1
    outer loop
      vertex 39.4215 77.6641 7.5
      vertex 38.4065 76.8124 7.5
      vertex 38.4902 76.7034 7.5
    endloop
  endfacet
  facet normal 0 0 1
    outer loop
      vertex 39.2506 77.8506 7.5
      vertex 38.3137 76.9137 7.5
      vertex 38.4065 76.8124 7.5
    endloop
  endfacet
  facet normal 0 0 1
    outer loop
      vertex 39.0641 78.0215 7.5
      vertex 38.2124 77.0065 7.5
      vertex 38.3137 76.9137 7.5
    endloop
  endfacet
  facet normal 0 0 1
    outer loop
      vertex 37.8656 77.2274 7.5
      vertex 38.4256 78.4283 7.5
      vertex 38.1919 78.5251 7.5
    endloop
  endfacet
  facet normal 0 0 1
    outer loop
      vertex 38.8634 78.1755 7.5
      vertex 38.1034 77.0902 7.5
      vertex 38.2124 77.0065 7.5
    endloop
  endfacet
  facet normal 0 0 1
    outer loop
      vertex 38.65 78.3115 7.5
      vertex 37.9875 77.164 7.5
      vertex 38.1034 77.0902 7.5
    endloop
  endfacet
  facet normal 0 0 1
    outer loop
      vertex 37.7387 77.28 7.5
      vertex 38.1919 78.5251 7.5
      vertex 37.9506 78.6012 7.5
    endloop
  endfacet
  facet normal 0 0 1
    outer loop
      vertex 38.4256 78.4283 7.5
      vertex 37.8656 77.2274 7.5
      vertex 37.9875 77.164 7.5
    endloop
  endfacet
  facet normal 0 0 1
    outer loop
      vertex 38.1919 78.5251 7.5
      vertex 37.7387 77.28 7.5
      vertex 37.8656 77.2274 7.5
    endloop
  endfacet
  facet normal 0 0 1
    outer loop
      vertex 37.6076 77.3213 7.5
      vertex 37.9506 78.6012 7.5
      vertex 37.7036 78.6559 7.5
    endloop
  endfacet
  facet normal 0 0 1
    outer loop
      vertex 37.9506 78.6012 7.5
      vertex 37.6076 77.3213 7.5
      vertex 37.7387 77.28 7.5
    endloop
  endfacet
  facet normal 0 0 1
    outer loop
      vertex 37.7036 78.6559 7.5
      vertex 37.4735 77.3511 7.5
      vertex 37.6076 77.3213 7.5
    endloop
  endfacet
  facet normal 0 0 1
    outer loop
      vertex 37.4528 78.689 7.5
      vertex 37.4735 77.3511 7.5
      vertex 37.7036 78.6559 7.5
    endloop
  endfacet
  facet normal 0 0 1
    outer loop
      vertex 37.4528 78.689 7.5
      vertex 37.3373 77.369 7.5
      vertex 37.4735 77.3511 7.5
    endloop
  endfacet
  facet normal 0 0 1
    outer loop
      vertex 37.2 78.7 7.5
      vertex 37.3373 77.369 7.5
      vertex 37.4528 78.689 7.5
    endloop
  endfacet
  facet normal 0 0 1
    outer loop
      vertex 37.2 78.7 7.5
      vertex 37.2 77.375 7.5
      vertex 37.3373 77.369 7.5
    endloop
  endfacet
  facet normal 0 0 1
    outer loop
      vertex 37.2 78.7 7.5
      vertex 37.0627 77.369 7.5
      vertex 37.2 77.375 7.5
    endloop
  endfacet
  facet normal -0 0 1
    outer loop
      vertex 36.9473 78.689 7.5
      vertex 37.0627 77.369 7.5
      vertex 37.2 78.7 7.5
    endloop
  endfacet
  facet normal 0 0 1
    outer loop
      vertex 36.9473 78.689 7.5
      vertex 36.9265 77.3511 7.5
      vertex 37.0627 77.369 7.5
    endloop
  endfacet
  facet normal -0 0 1
    outer loop
      vertex 36.6964 78.6559 7.5
      vertex 36.9265 77.3511 7.5
      vertex 36.9473 78.689 7.5
    endloop
  endfacet
  facet normal 0 0 1
    outer loop
      vertex 36.9265 77.3511 7.5
      vertex 36.6964 78.6559 7.5
      vertex 36.7924 77.3213 7.5
    endloop
  endfacet
  facet normal -0 0 1
    outer loop
      vertex 36.4494 78.6012 7.5
      vertex 36.7924 77.3213 7.5
      vertex 36.6964 78.6559 7.5
    endloop
  endfacet
  facet normal 0 0 1
    outer loop
      vertex 36.7924 77.3213 7.5
      vertex 36.4494 78.6012 7.5
      vertex 36.6613 77.28 7.5
    endloop
  endfacet
  facet normal -0 0 1
    outer loop
      vertex 36.2081 78.5251 7.5
      vertex 36.6613 77.28 7.5
      vertex 36.4494 78.6012 7.5
    endloop
  endfacet
  facet normal 0 0 1
    outer loop
      vertex 36.6613 77.28 7.5
      vertex 36.2081 78.5251 7.5
      vertex 36.5344 77.2274 7.5
    endloop
  endfacet
  facet normal -0 0 1
    outer loop
      vertex 35.9744 78.4283 7.5
      vertex 36.5344 77.2274 7.5
      vertex 36.2081 78.5251 7.5
    endloop
  endfacet
  facet normal 0 0 1
    outer loop
      vertex 36.5344 77.2274 7.5
      vertex 35.9744 78.4283 7.5
      vertex 36.4125 77.164 7.5
    endloop
  endfacet
  facet normal -0 0 1
    outer loop
      vertex 35.75 78.3115 7.5
      vertex 36.4125 77.164 7.5
      vertex 35.9744 78.4283 7.5
    endloop
  endfacet
  facet normal 0 0 1
    outer loop
      vertex 36.4125 77.164 7.5
      vertex 35.75 78.3115 7.5
      vertex 36.2966 77.0902 7.5
    endloop
  endfacet
  facet normal -0 0 1
    outer loop
      vertex 35.5366 78.1755 7.5
      vertex 36.2966 77.0902 7.5
      vertex 35.75 78.3115 7.5
    endloop
  endfacet
  facet normal 0 0 1
    outer loop
      vertex 36.2966 77.0902 7.5
      vertex 35.5366 78.1755 7.5
      vertex 36.1876 77.0065 7.5
    endloop
  endfacet
  facet normal -0 0 1
    outer loop
      vertex 35.3359 78.0215 7.5
      vertex 36.1876 77.0065 7.5
      vertex 35.5366 78.1755 7.5
    endloop
  endfacet
  facet normal 0 0 1
    outer loop
      vertex 36.1876 77.0065 7.5
      vertex 35.3359 78.0215 7.5
      vertex 36.0863 76.9137 7.5
    endloop
  endfacet
  facet normal -0 0 1
    outer loop
      vertex 35.1494 77.8506 7.5
      vertex 36.0863 76.9137 7.5
      vertex 35.3359 78.0215 7.5
    endloop
  endfacet
  facet normal 0 0 1
    outer loop
      vertex 36.0863 76.9137 7.5
      vertex 35.1494 77.8506 7.5
      vertex 35.9935 76.8124 7.5
    endloop
  endfacet
  facet normal -0 0 1
    outer loop
      vertex 34.9785 77.6641 7.5
      vertex 35.9935 76.8124 7.5
      vertex 35.1494 77.8506 7.5
    endloop
  endfacet
  facet normal 0 0 1
    outer loop
      vertex 35.9935 76.8124 7.5
      vertex 34.9785 77.6641 7.5
      vertex 35.9098 76.7034 7.5
    endloop
  endfacet
  facet normal -0 0 1
    outer loop
      vertex 34.8245 77.4634 7.5
      vertex 35.9098 76.7034 7.5
      vertex 34.9785 77.6641 7.5
    endloop
  endfacet
  facet normal 0 0 1
    outer loop
      vertex 35.9098 76.7034 7.5
      vertex 34.8245 77.4634 7.5
      vertex 35.836 76.5875 7.5
    endloop
  endfacet
  facet normal 0 0 1
    outer loop
      vertex 35.836 76.5875 7.5
      vertex 34.6885 77.25 7.5
      vertex 35.7726 76.4656 7.5
    endloop
  endfacet
  facet normal -0 0 1
    outer loop
      vertex 34.6885 77.25 7.5
      vertex 35.836 76.5875 7.5
      vertex 34.8245 77.4634 7.5
    endloop
  endfacet
  facet normal -0 0 1
    outer loop
      vertex 38.564 75.0125 7.5
      vertex 39.7115 74.35 7.5
      vertex 38.6274 75.1344 7.5
    endloop
  endfacet
  facet normal 0 0 1
    outer loop
      vertex 39.7115 74.35 7.5
      vertex 38.564 75.0125 7.5
      vertex 39.5755 74.1366 7.5
    endloop
  endfacet
  facet normal -0 0 1
    outer loop
      vertex 38.4902 74.8966 7.5
      vertex 39.5755 74.1366 7.5
      vertex 38.564 75.0125 7.5
    endloop
  endfacet
  facet normal 0 0 1
    outer loop
      vertex 39.5755 74.1366 7.5
      vertex 38.4902 74.8966 7.5
      vertex 39.4215 73.9359 7.5
    endloop
  endfacet
  facet normal -0 0 1
    outer loop
      vertex 38.4065 74.7876 7.5
      vertex 39.4215 73.9359 7.5
      vertex 38.4902 74.8966 7.5
    endloop
  endfacet
  facet normal 0 0 1
    outer loop
      vertex 39.4215 73.9359 7.5
      vertex 38.4065 74.7876 7.5
      vertex 39.2506 73.7494 7.5
    endloop
  endfacet
  facet normal -0 0 1
    outer loop
      vertex 38.3137 74.6863 7.5
      vertex 39.2506 73.7494 7.5
      vertex 38.4065 74.7876 7.5
    endloop
  endfacet
  facet normal 0 0 1
    outer loop
      vertex 39.2506 73.7494 7.5
      vertex 38.3137 74.6863 7.5
      vertex 39.0641 73.5785 7.5
    endloop
  endfacet
  facet normal -0 0 1
    outer loop
      vertex 38.2124 74.5935 7.5
      vertex 39.0641 73.5785 7.5
      vertex 38.3137 74.6863 7.5
    endloop
  endfacet
  facet normal 0 0 1
    outer loop
      vertex 39.0641 73.5785 7.5
      vertex 38.2124 74.5935 7.5
      vertex 38.8634 73.4245 7.5
    endloop
  endfacet
  facet normal -0 0 1
    outer loop
      vertex 38.1034 74.5098 7.5
      vertex 38.8634 73.4245 7.5
      vertex 38.2124 74.5935 7.5
    endloop
  endfacet
  facet normal 0 0 1
    outer loop
      vertex 38.8634 73.4245 7.5
      vertex 38.1034 74.5098 7.5
      vertex 38.65 73.2885 7.5
    endloop
  endfacet
  facet normal -0 0 1
    outer loop
      vertex 37.9875 74.436 7.5
      vertex 38.65 73.2885 7.5
      vertex 38.1034 74.5098 7.5
    endloop
  endfacet
  facet normal 0 0 1
    outer loop
      vertex 38.65 73.2885 7.5
      vertex 37.9875 74.436 7.5
      vertex 38.4256 73.1717 7.5
    endloop
  endfacet
  facet normal -0 0 1
    outer loop
      vertex 37.8656 74.3726 7.5
      vertex 38.4256 73.1717 7.5
      vertex 37.9875 74.436 7.5
    endloop
  endfacet
  facet normal 0 0 1
    outer loop
      vertex 38.4256 73.1717 7.5
      vertex 37.8656 74.3726 7.5
      vertex 38.1919 73.0749 7.5
    endloop
  endfacet
  facet normal -0 0 1
    outer loop
      vertex 37.7387 74.32 7.5
      vertex 38.1919 73.0749 7.5
      vertex 37.8656 74.3726 7.5
    endloop
  endfacet
  facet normal 0 0 1
    outer loop
      vertex 38.1919 73.0749 7.5
      vertex 37.7387 74.32 7.5
      vertex 37.9506 72.9988 7.5
    endloop
  endfacet
  facet normal -0 0 1
    outer loop
      vertex 37.6076 74.2787 7.5
      vertex 37.9506 72.9988 7.5
      vertex 37.7387 74.32 7.5
    endloop
  endfacet
  facet normal 0 0 1
    outer loop
      vertex 37.9506 72.9988 7.5
      vertex 37.6076 74.2787 7.5
      vertex 37.7036 72.9441 7.5
    endloop
  endfacet
  facet normal -0 0 1
    outer loop
      vertex 37.4735 74.2489 7.5
      vertex 37.7036 72.9441 7.5
      vertex 37.6076 74.2787 7.5
    endloop
  endfacet
  facet normal 0 0 1
    outer loop
      vertex 37.4735 74.2489 7.5
      vertex 37.4528 72.911 7.5
      vertex 37.7036 72.9441 7.5
    endloop
  endfacet
  facet normal -0 0 1
    outer loop
      vertex 37.3373 74.231 7.5
      vertex 37.4528 72.911 7.5
      vertex 37.4735 74.2489 7.5
    endloop
  endfacet
  facet normal -0 0 1
    outer loop
      vertex 37.2 74.225 7.5
      vertex 37.4528 72.911 7.5
      vertex 37.3373 74.231 7.5
    endloop
  endfacet
  facet normal 0 0 1
    outer loop
      vertex 37.2 74.225 7.5
      vertex 37.2 72.9 7.5
      vertex 37.4528 72.911 7.5
    endloop
  endfacet
  facet normal 0 0 1
    outer loop
      vertex 37.0627 74.231 7.5
      vertex 37.2 72.9 7.5
      vertex 37.2 74.225 7.5
    endloop
  endfacet
  facet normal 0 0 1
    outer loop
      vertex 37.0627 74.231 7.5
      vertex 36.9473 72.911 7.5
      vertex 37.2 72.9 7.5
    endloop
  endfacet
  facet normal 0 0 1
    outer loop
      vertex 36.9265 74.2489 7.5
      vertex 36.9473 72.911 7.5
      vertex 37.0627 74.231 7.5
    endloop
  endfacet
  facet normal 0 0 1
    outer loop
      vertex 36.6964 72.9441 7.5
      vertex 36.9265 74.2489 7.5
      vertex 36.7924 74.2787 7.5
    endloop
  endfacet
  facet normal 0 0 1
    outer loop
      vertex 36.9265 74.2489 7.5
      vertex 36.6964 72.9441 7.5
      vertex 36.9473 72.911 7.5
    endloop
  endfacet
  facet normal 0 0 1
    outer loop
      vertex 36.4494 72.9988 7.5
      vertex 36.7924 74.2787 7.5
      vertex 36.6613 74.32 7.5
    endloop
  endfacet
  facet normal 0 0 1
    outer loop
      vertex 36.2081 73.0749 7.5
      vertex 36.6613 74.32 7.5
      vertex 36.5344 74.3726 7.5
    endloop
  endfacet
  facet normal 0 0 1
    outer loop
      vertex 36.7924 74.2787 7.5
      vertex 36.4494 72.9988 7.5
      vertex 36.6964 72.9441 7.5
    endloop
  endfacet
  facet normal 0 0 1
    outer loop
      vertex 35.9744 73.1717 7.5
      vertex 36.5344 74.3726 7.5
      vertex 36.4125 74.436 7.5
    endloop
  endfacet
  facet normal 0 0 1
    outer loop
      vertex 35.75 73.2885 7.5
      vertex 36.4125 74.436 7.5
      vertex 36.2966 74.5098 7.5
    endloop
  endfacet
  facet normal 0 0 1
    outer loop
      vertex 36.6613 74.32 7.5
      vertex 36.2081 73.0749 7.5
      vertex 36.4494 72.9988 7.5
    endloop
  endfacet
  facet normal 0 0 1
    outer loop
      vertex 35.5366 73.4245 7.5
      vertex 36.2966 74.5098 7.5
      vertex 36.1876 74.5935 7.5
    endloop
  endfacet
  facet normal 0 0 1
    outer loop
      vertex 35.3359 73.5785 7.5
      vertex 36.1876 74.5935 7.5
      vertex 36.0863 74.6863 7.5
    endloop
  endfacet
  facet normal 0 0 1
    outer loop
      vertex 35.1494 73.7494 7.5
      vertex 36.0863 74.6863 7.5
      vertex 35.9935 74.7876 7.5
    endloop
  endfacet
  facet normal 0 0 1
    outer loop
      vertex 36.5344 74.3726 7.5
      vertex 35.9744 73.1717 7.5
      vertex 36.2081 73.0749 7.5
    endloop
  endfacet
  facet normal 0 0 1
    outer loop
      vertex 34.9785 73.9359 7.5
      vertex 35.9935 74.7876 7.5
      vertex 35.9098 74.8966 7.5
    endloop
  endfacet
  facet normal 0 0 1
    outer loop
      vertex 34.8245 74.1366 7.5
      vertex 35.9098 74.8966 7.5
      vertex 35.836 75.0125 7.5
    endloop
  endfacet
  facet normal 0 0 1
    outer loop
      vertex 34.6885 74.35 7.5
      vertex 35.836 75.0125 7.5
      vertex 35.7726 75.1344 7.5
    endloop
  endfacet
  facet normal 0 0 1
    outer loop
      vertex 36.4125 74.436 7.5
      vertex 35.75 73.2885 7.5
      vertex 35.9744 73.1717 7.5
    endloop
  endfacet
  facet normal 0 0 1
    outer loop
      vertex 34.5717 74.5744 7.5
      vertex 35.7726 75.1344 7.5
      vertex 35.72 75.2613 7.5
    endloop
  endfacet
  facet normal 0 0 1
    outer loop
      vertex 34.4749 74.8081 7.5
      vertex 35.72 75.2613 7.5
      vertex 35.6787 75.3924 7.5
    endloop
  endfacet
  facet normal 0 0 1
    outer loop
      vertex 34.3988 75.0494 7.5
      vertex 35.6787 75.3924 7.5
      vertex 35.6489 75.5265 7.5
    endloop
  endfacet
  facet normal 0 0 1
    outer loop
      vertex 34.3441 75.2964 7.5
      vertex 35.6489 75.5265 7.5
      vertex 35.631 75.6627 7.5
    endloop
  endfacet
  facet normal 0 0 1
    outer loop
      vertex 36.2966 74.5098 7.5
      vertex 35.5366 73.4245 7.5
      vertex 35.75 73.2885 7.5
    endloop
  endfacet
  facet normal 0 0 1
    outer loop
      vertex 34.311 75.5472 7.5
      vertex 35.631 75.6627 7.5
      vertex 35.625 75.8 7.5
    endloop
  endfacet
  facet normal -0 0 1
    outer loop
      vertex 34.5717 77.0256 7.5
      vertex 35.7726 76.4656 7.5
      vertex 34.6885 77.25 7.5
    endloop
  endfacet
  facet normal 0 0 1
    outer loop
      vertex 35.7726 76.4656 7.5
      vertex 34.5717 77.0256 7.5
      vertex 35.72 76.3387 7.5
    endloop
  endfacet
  facet normal 0 0 1
    outer loop
      vertex 36.1876 74.5935 7.5
      vertex 35.3359 73.5785 7.5
      vertex 35.5366 73.4245 7.5
    endloop
  endfacet
  facet normal -0 0 1
    outer loop
      vertex 34.4749 76.7919 7.5
      vertex 35.72 76.3387 7.5
      vertex 34.5717 77.0256 7.5
    endloop
  endfacet
  facet normal 0 0 1
    outer loop
      vertex 36.0863 74.6863 7.5
      vertex 35.1494 73.7494 7.5
      vertex 35.3359 73.5785 7.5
    endloop
  endfacet
  facet normal 0 0 1
    outer loop
      vertex 35.72 76.3387 7.5
      vertex 34.4749 76.7919 7.5
      vertex 35.6787 76.2076 7.5
    endloop
  endfacet
  facet normal 0 0 1
    outer loop
      vertex 35.9935 74.7876 7.5
      vertex 34.9785 73.9359 7.5
      vertex 35.1494 73.7494 7.5
    endloop
  endfacet
  facet normal -0 0 1
    outer loop
      vertex 34.3988 76.5506 7.5
      vertex 35.6787 76.2076 7.5
      vertex 34.4749 76.7919 7.5
    endloop
  endfacet
  facet normal 0 0 1
    outer loop
      vertex 35.9098 74.8966 7.5
      vertex 34.8245 74.1366 7.5
      vertex 34.9785 73.9359 7.5
    endloop
  endfacet
  facet normal 0 0 1
    outer loop
      vertex 35.6787 76.2076 7.5
      vertex 34.3988 76.5506 7.5
      vertex 35.6489 76.0735 7.5
    endloop
  endfacet
  facet normal 0 0 1
    outer loop
      vertex 35.836 75.0125 7.5
      vertex 34.6885 74.35 7.5
      vertex 34.8245 74.1366 7.5
    endloop
  endfacet
  facet normal -0 0 1
    outer loop
      vertex 34.3441 76.3036 7.5
      vertex 35.6489 76.0735 7.5
      vertex 34.3988 76.5506 7.5
    endloop
  endfacet
  facet normal 0 0 1
    outer loop
      vertex 35.7726 75.1344 7.5
      vertex 34.5717 74.5744 7.5
      vertex 34.6885 74.35 7.5
    endloop
  endfacet
  facet normal 0 0 1
    outer loop
      vertex 35.6489 76.0735 7.5
      vertex 34.3441 76.3036 7.5
      vertex 35.631 75.9373 7.5
    endloop
  endfacet
  facet normal 0 0 1
    outer loop
      vertex 35.72 75.2613 7.5
      vertex 34.4749 74.8081 7.5
      vertex 34.5717 74.5744 7.5
    endloop
  endfacet
  facet normal -0 0 1
    outer loop
      vertex 34.311 76.0527 7.5
      vertex 35.631 75.9373 7.5
      vertex 34.3441 76.3036 7.5
    endloop
  endfacet
  facet normal 0 0 1
    outer loop
      vertex 35.6787 75.3924 7.5
      vertex 34.3988 75.0494 7.5
      vertex 34.4749 74.8081 7.5
    endloop
  endfacet
  facet normal 0 0 1
    outer loop
      vertex 35.631 75.9373 7.5
      vertex 34.311 76.0527 7.5
      vertex 35.625 75.8 7.5
    endloop
  endfacet
  facet normal 0 0 1
    outer loop
      vertex 35.6489 75.5265 7.5
      vertex 34.3441 75.2964 7.5
      vertex 34.3988 75.0494 7.5
    endloop
  endfacet
  facet normal 0 0 1
    outer loop
      vertex 34.3 75.8 7.5
      vertex 35.625 75.8 7.5
      vertex 34.311 76.0527 7.5
    endloop
  endfacet
  facet normal 0 0 1
    outer loop
      vertex 35.631 75.6627 7.5
      vertex 34.311 75.5472 7.5
      vertex 34.3441 75.2964 7.5
    endloop
  endfacet
  facet normal 0 0 1
    outer loop
      vertex 35.625 75.8 7.5
      vertex 34.3 75.8 7.5
      vertex 34.311 75.5472 7.5
    endloop
  endfacet
  facet normal -0.843303 -0.537438 0
    outer loop
      vertex 34.8245 74.1366 2.5
      vertex 34.6885 74.35 7.5
      vertex 34.6885 74.35 2.5
    endloop
  endfacet
  facet normal -0.843303 -0.537438 0
    outer loop
      vertex 34.6885 74.35 7.5
      vertex 34.8245 74.1366 2.5
      vertex 34.8245 74.1366 7.5
    endloop
  endfacet
  facet normal -0.999055 -0.0434715 0
    outer loop
      vertex 34.311 75.5472 2.5
      vertex 34.3 75.8 7.5
      vertex 34.3 75.8 2.5
    endloop
  endfacet
  facet normal -0.999055 -0.0434715 0
    outer loop
      vertex 34.3 75.8 7.5
      vertex 34.311 75.5472 2.5
      vertex 34.311 75.5472 7.5
    endloop
  endfacet
  facet normal -0.999054 0.0434887 0
    outer loop
      vertex 34.3 75.8 2.5
      vertex 34.311 76.0527 7.5
      vertex 34.311 76.0527 2.5
    endloop
  endfacet
  facet normal -0.999054 0.0434887 0
    outer loop
      vertex 34.311 76.0527 7.5
      vertex 34.3 75.8 2.5
      vertex 34.3 75.8 7.5
    endloop
  endfacet
  facet normal -0.382678 -0.923882 0
    outer loop
      vertex 35.9744 73.1717 2.5
      vertex 36.2081 73.0749 7.5
      vertex 35.9744 73.1717 7.5
    endloop
  endfacet
  facet normal -0.382678 -0.923882 -0
    outer loop
      vertex 36.2081 73.0749 7.5
      vertex 35.9744 73.1717 2.5
      vertex 36.2081 73.0749 2.5
    endloop
  endfacet
  facet normal -0.300772 -0.953696 0
    outer loop
      vertex 36.2081 73.0749 2.5
      vertex 36.4494 72.9988 7.5
      vertex 36.2081 73.0749 7.5
    endloop
  endfacet
  facet normal -0.300772 -0.953696 -0
    outer loop
      vertex 36.4494 72.9988 7.5
      vertex 36.2081 73.0749 2.5
      vertex 36.4494 72.9988 2.5
    endloop
  endfacet
  facet normal 0.382678 0.923882 -0
    outer loop
      vertex 38.4256 78.4283 2.5
      vertex 38.1919 78.5251 7.5
      vertex 38.4256 78.4283 7.5
    endloop
  endfacet
  facet normal 0.382678 0.923882 0
    outer loop
      vertex 38.1919 78.5251 7.5
      vertex 38.4256 78.4283 2.5
      vertex 38.1919 78.5251 2.5
    endloop
  endfacet
  facet normal -0.216219 -0.976345 0
    outer loop
      vertex 36.4494 72.9988 2.5
      vertex 36.6964 72.9441 7.5
      vertex 36.4494 72.9988 7.5
    endloop
  endfacet
  facet normal -0.216219 -0.976345 -0
    outer loop
      vertex 36.6964 72.9441 7.5
      vertex 36.4494 72.9988 2.5
      vertex 36.6964 72.9441 2.5
    endloop
  endfacet
  facet normal 0.675599 -0.737269 0
    outer loop
      vertex 39.0641 73.5785 2.5
      vertex 39.2506 73.7494 7.5
      vertex 39.0641 73.5785 7.5
    endloop
  endfacet
  facet normal 0.675599 -0.737269 0
    outer loop
      vertex 39.2506 73.7494 7.5
      vertex 39.0641 73.5785 2.5
      vertex 39.2506 73.7494 2.5
    endloop
  endfacet
  facet normal 0.608755 -0.793358 0
    outer loop
      vertex 38.8634 73.4245 2.5
      vertex 39.0641 73.5785 7.5
      vertex 38.8634 73.4245 7.5
    endloop
  endfacet
  facet normal 0.608755 -0.793358 0
    outer loop
      vertex 39.0641 73.5785 7.5
      vertex 38.8634 73.4245 2.5
      vertex 39.0641 73.5785 2.5
    endloop
  endfacet
  facet normal 0.130843 0.991403 -0
    outer loop
      vertex 37.7036 78.6559 2.5
      vertex 37.4528 78.689 7.5
      vertex 37.7036 78.6559 7.5
    endloop
  endfacet
  facet normal 0.130843 0.991403 0
    outer loop
      vertex 37.4528 78.689 7.5
      vertex 37.7036 78.6559 2.5
      vertex 37.4528 78.689 2.5
    endloop
  endfacet
  facet normal -0.887036 0.461701 0
    outer loop
      vertex 34.5717 77.0256 2.5
      vertex 34.6885 77.25 7.5
      vertex 34.6885 77.25 2.5
    endloop
  endfacet
  facet normal -0.887036 0.461701 0
    outer loop
      vertex 34.6885 77.25 7.5
      vertex 34.5717 77.0256 2.5
      vertex 34.5717 77.0256 7.5
    endloop
  endfacet
  facet normal 0.923786 -0.382909 0
    outer loop
      vertex 35.72 76.3387 7.5
      vertex 35.7726 76.4656 2.5
      vertex 35.7726 76.4656 7.5
    endloop
  endfacet
  facet normal 0.923786 -0.382909 0
    outer loop
      vertex 35.7726 76.4656 2.5
      vertex 35.72 76.3387 7.5
      vertex 35.72 76.3387 2.5
    endloop
  endfacet
  facet normal -0.999047 -0.0436583 0
    outer loop
      vertex 38.775 75.8 2.5
      vertex 38.769 75.9373 7.5
      vertex 38.769 75.9373 2.5
    endloop
  endfacet
  facet normal -0.999047 -0.0436583 0
    outer loop
      vertex 38.769 75.9373 7.5
      vertex 38.775 75.8 2.5
      vertex 38.775 75.8 7.5
    endloop
  endfacet
  facet normal 0.887181 -0.461421 0
    outer loop
      vertex 35.7726 76.4656 7.5
      vertex 35.836 76.5875 2.5
      vertex 35.836 76.5875 7.5
    endloop
  endfacet
  facet normal 0.887181 -0.461421 0
    outer loop
      vertex 35.836 76.5875 2.5
      vertex 35.7726 76.4656 7.5
      vertex 35.7726 76.4656 2.5
    endloop
  endfacet
  facet normal 0.21693 -0.976187 0
    outer loop
      vertex 36.7924 77.3213 2.5
      vertex 36.9265 77.3511 7.5
      vertex 36.7924 77.3213 7.5
    endloop
  endfacet
  facet normal 0.21693 -0.976187 0
    outer loop
      vertex 36.9265 77.3511 7.5
      vertex 36.7924 77.3213 2.5
      vertex 36.9265 77.3511 2.5
    endloop
  endfacet
  facet normal -0.991474 -0.130304 0
    outer loop
      vertex 38.769 75.9373 2.5
      vertex 38.7511 76.0735 7.5
      vertex 38.7511 76.0735 2.5
    endloop
  endfacet
  facet normal -0.991474 -0.130304 0
    outer loop
      vertex 38.7511 76.0735 7.5
      vertex 38.769 75.9373 2.5
      vertex 38.769 75.9373 7.5
    endloop
  endfacet
  facet normal 0.130304 0.991474 -0
    outer loop
      vertex 37.0627 74.231 2.5
      vertex 36.9265 74.2489 7.5
      vertex 37.0627 74.231 7.5
    endloop
  endfacet
  facet normal 0.130304 0.991474 0
    outer loop
      vertex 36.9265 74.2489 7.5
      vertex 37.0627 74.231 2.5
      vertex 36.9265 74.2489 2.5
    endloop
  endfacet
  facet normal -0.382909 0.923786 0
    outer loop
      vertex 37.8656 74.3726 2.5
      vertex 37.7387 74.32 7.5
      vertex 37.8656 74.3726 7.5
    endloop
  endfacet
  facet normal -0.382909 0.923786 0
    outer loop
      vertex 37.7387 74.32 7.5
      vertex 37.8656 74.3726 2.5
      vertex 37.7387 74.32 2.5
    endloop
  endfacet
  facet normal -0.461421 -0.887181 0
    outer loop
      vertex 37.8656 77.2274 2.5
      vertex 37.9875 77.164 7.5
      vertex 37.8656 77.2274 7.5
    endloop
  endfacet
  facet normal -0.461421 -0.887181 -0
    outer loop
      vertex 37.9875 77.164 7.5
      vertex 37.8656 77.2274 2.5
      vertex 37.9875 77.164 2.5
    endloop
  endfacet
  facet normal -0.0436583 -0.999047 0
    outer loop
      vertex 37.2 77.375 2.5
      vertex 37.3373 77.369 7.5
      vertex 37.2 77.375 7.5
    endloop
  endfacet
  facet normal -0.0436583 -0.999047 -0
    outer loop
      vertex 37.3373 77.369 7.5
      vertex 37.2 77.375 2.5
      vertex 37.3373 77.369 2.5
    endloop
  endfacet
  facet normal -0.537111 0.843512 0
    outer loop
      vertex 38.1034 74.5098 2.5
      vertex 37.9875 74.436 7.5
      vertex 38.1034 74.5098 7.5
    endloop
  endfacet
  facet normal -0.537111 0.843512 0
    outer loop
      vertex 37.9875 74.436 7.5
      vertex 38.1034 74.5098 2.5
      vertex 37.9875 74.436 2.5
    endloop
  endfacet
  facet normal -0.999047 0.0436583 0
    outer loop
      vertex 38.769 75.6627 2.5
      vertex 38.775 75.8 7.5
      vertex 38.775 75.8 2.5
    endloop
  endfacet
  facet normal -0.999047 0.0436583 0
    outer loop
      vertex 38.775 75.8 7.5
      vertex 38.769 75.6627 2.5
      vertex 38.769 75.6627 7.5
    endloop
  endfacet
  facet normal 0.21693 0.976187 -0
    outer loop
      vertex 36.9265 74.2489 2.5
      vertex 36.7924 74.2787 7.5
      vertex 36.9265 74.2489 7.5
    endloop
  endfacet
  facet normal 0.21693 0.976187 0
    outer loop
      vertex 36.7924 74.2787 7.5
      vertex 36.9265 74.2489 2.5
      vertex 36.7924 74.2787 2.5
    endloop
  endfacet
  facet normal 0.953791 0.30047 0
    outer loop
      vertex 35.72 75.2613 7.5
      vertex 35.6787 75.3924 2.5
      vertex 35.6787 75.3924 7.5
    endloop
  endfacet
  facet normal 0.953791 0.30047 0
    outer loop
      vertex 35.6787 75.3924 2.5
      vertex 35.72 75.2613 7.5
      vertex 35.72 75.2613 2.5
    endloop
  endfacet
  facet normal 0.999047 -0.0436583 0
    outer loop
      vertex 35.625 75.8 7.5
      vertex 35.631 75.9373 2.5
      vertex 35.631 75.9373 7.5
    endloop
  endfacet
  facet normal 0.999047 -0.0436583 0
    outer loop
      vertex 35.631 75.9373 2.5
      vertex 35.625 75.8 7.5
      vertex 35.625 75.8 2.5
    endloop
  endfacet
  facet normal -0.793138 -0.609042 0
    outer loop
      vertex 38.4902 76.7034 2.5
      vertex 38.4065 76.8124 7.5
      vertex 38.4065 76.8124 2.5
    endloop
  endfacet
  facet normal -0.793138 -0.609042 0
    outer loop
      vertex 38.4065 76.8124 7.5
      vertex 38.4902 76.7034 2.5
      vertex 38.4902 76.7034 7.5
    endloop
  endfacet
  facet normal -0.537111 -0.843512 0
    outer loop
      vertex 37.9875 77.164 2.5
      vertex 38.1034 77.0902 7.5
      vertex 37.9875 77.164 7.5
    endloop
  endfacet
  facet normal -0.537111 -0.843512 -0
    outer loop
      vertex 38.1034 77.0902 7.5
      vertex 37.9875 77.164 2.5
      vertex 38.1034 77.0902 2.5
    endloop
  endfacet
  facet normal -0.976187 -0.21693 0
    outer loop
      vertex 38.7511 76.0735 2.5
      vertex 38.7213 76.2076 7.5
      vertex 38.7213 76.2076 2.5
    endloop
  endfacet
  facet normal -0.976187 -0.21693 0
    outer loop
      vertex 38.7213 76.2076 7.5
      vertex 38.7511 76.0735 2.5
      vertex 38.7511 76.0735 7.5
    endloop
  endfacet
  facet normal -0.953791 0.30047 0
    outer loop
      vertex 38.68 75.2613 2.5
      vertex 38.7213 75.3924 7.5
      vertex 38.7213 75.3924 2.5
    endloop
  endfacet
  facet normal -0.953791 0.30047 0
    outer loop
      vertex 38.7213 75.3924 7.5
      vertex 38.68 75.2613 2.5
      vertex 38.68 75.2613 7.5
    endloop
  endfacet
  facet normal -0.30047 0.953791 0
    outer loop
      vertex 37.7387 74.32 2.5
      vertex 37.6076 74.2787 7.5
      vertex 37.7387 74.32 7.5
    endloop
  endfacet
  facet normal -0.30047 0.953791 0
    outer loop
      vertex 37.6076 74.2787 7.5
      vertex 37.7387 74.32 2.5
      vertex 37.6076 74.2787 2.5
    endloop
  endfacet
  facet normal 0.130304 -0.991474 0
    outer loop
      vertex 36.9265 77.3511 2.5
      vertex 37.0627 77.369 7.5
      vertex 36.9265 77.3511 7.5
    endloop
  endfacet
  facet normal 0.130304 -0.991474 0
    outer loop
      vertex 37.0627 77.369 7.5
      vertex 36.9265 77.3511 2.5
      vertex 37.0627 77.369 2.5
    endloop
  endfacet
  facet normal 0.923786 0.382909 0
    outer loop
      vertex 35.7726 75.1344 7.5
      vertex 35.72 75.2613 2.5
      vertex 35.72 75.2613 7.5
    endloop
  endfacet
  facet normal 0.923786 0.382909 0
    outer loop
      vertex 35.72 75.2613 2.5
      vertex 35.7726 75.1344 7.5
      vertex 35.7726 75.1344 2.5
    endloop
  endfacet
  facet normal 0.461421 -0.887181 0
    outer loop
      vertex 36.4125 77.164 2.5
      vertex 36.5344 77.2274 7.5
      vertex 36.4125 77.164 7.5
    endloop
  endfacet
  facet normal 0.461421 -0.887181 0
    outer loop
      vertex 36.5344 77.2274 7.5
      vertex 36.4125 77.164 2.5
      vertex 36.5344 77.2274 2.5
    endloop
  endfacet
  facet normal -0.130304 -0.991474 0
    outer loop
      vertex 37.3373 77.369 2.5
      vertex 37.4735 77.3511 7.5
      vertex 37.3373 77.369 7.5
    endloop
  endfacet
  facet normal -0.130304 -0.991474 -0
    outer loop
      vertex 37.4735 77.3511 7.5
      vertex 37.3373 77.369 2.5
      vertex 37.4735 77.3511 2.5
    endloop
  endfacet
  facet normal -0.130304 0.991474 0
    outer loop
      vertex 37.4735 74.2489 2.5
      vertex 37.3373 74.231 7.5
      vertex 37.4735 74.2489 7.5
    endloop
  endfacet
  facet normal -0.130304 0.991474 0
    outer loop
      vertex 37.3373 74.231 7.5
      vertex 37.4735 74.2489 2.5
      vertex 37.3373 74.231 2.5
    endloop
  endfacet
  facet normal 0.537111 -0.843512 0
    outer loop
      vertex 36.2966 77.0902 2.5
      vertex 36.4125 77.164 7.5
      vertex 36.2966 77.0902 7.5
    endloop
  endfacet
  facet normal 0.537111 -0.843512 0
    outer loop
      vertex 36.4125 77.164 7.5
      vertex 36.2966 77.0902 2.5
      vertex 36.4125 77.164 2.5
    endloop
  endfacet
  facet normal 0.609042 -0.793138 0
    outer loop
      vertex 36.1876 77.0065 2.5
      vertex 36.2966 77.0902 7.5
      vertex 36.1876 77.0065 7.5
    endloop
  endfacet
  facet normal 0.609042 -0.793138 0
    outer loop
      vertex 36.2966 77.0902 7.5
      vertex 36.1876 77.0065 2.5
      vertex 36.2966 77.0902 2.5
    endloop
  endfacet
  facet normal 0.382909 0.923786 -0
    outer loop
      vertex 36.6613 74.32 2.5
      vertex 36.5344 74.3726 7.5
      vertex 36.6613 74.32 7.5
    endloop
  endfacet
  facet normal 0.382909 0.923786 0
    outer loop
      vertex 36.5344 74.3726 7.5
      vertex 36.6613 74.32 2.5
      vertex 36.5344 74.3726 2.5
    endloop
  endfacet
  facet normal -0.976187 0.21693 0
    outer loop
      vertex 38.7213 75.3924 2.5
      vertex 38.7511 75.5265 7.5
      vertex 38.7511 75.5265 2.5
    endloop
  endfacet
  facet normal -0.976187 0.21693 0
    outer loop
      vertex 38.7511 75.5265 7.5
      vertex 38.7213 75.3924 2.5
      vertex 38.7213 75.3924 7.5
    endloop
  endfacet
  facet normal -0.843512 0.537111 0
    outer loop
      vertex 38.4902 74.8966 2.5
      vertex 38.564 75.0125 7.5
      vertex 38.564 75.0125 2.5
    endloop
  endfacet
  facet normal -0.843512 0.537111 0
    outer loop
      vertex 38.564 75.0125 7.5
      vertex 38.4902 74.8966 2.5
      vertex 38.4902 74.8966 7.5
    endloop
  endfacet
  facet normal -0.843512 -0.537111 0
    outer loop
      vertex 38.564 76.5875 2.5
      vertex 38.4902 76.7034 7.5
      vertex 38.4902 76.7034 2.5
    endloop
  endfacet
  facet normal -0.843512 -0.537111 0
    outer loop
      vertex 38.4902 76.7034 7.5
      vertex 38.564 76.5875 2.5
      vertex 38.564 76.5875 7.5
    endloop
  endfacet
  facet normal -0.887181 -0.461421 0
    outer loop
      vertex 38.6274 76.4656 2.5
      vertex 38.564 76.5875 7.5
      vertex 38.564 76.5875 2.5
    endloop
  endfacet
  facet normal -0.887181 -0.461421 0
    outer loop
      vertex 38.564 76.5875 7.5
      vertex 38.6274 76.4656 2.5
      vertex 38.6274 76.4656 7.5
    endloop
  endfacet
  facet normal 0.30047 -0.953791 0
    outer loop
      vertex 36.6613 77.28 2.5
      vertex 36.7924 77.3213 7.5
      vertex 36.6613 77.28 7.5
    endloop
  endfacet
  facet normal 0.30047 -0.953791 0
    outer loop
      vertex 36.7924 77.3213 7.5
      vertex 36.6613 77.28 2.5
      vertex 36.7924 77.3213 2.5
    endloop
  endfacet
  facet normal -0.793138 0.609042 0
    outer loop
      vertex 38.4065 74.7876 2.5
      vertex 38.4902 74.8966 7.5
      vertex 38.4902 74.8966 2.5
    endloop
  endfacet
  facet normal -0.793138 0.609042 0
    outer loop
      vertex 38.4902 74.8966 7.5
      vertex 38.4065 74.7876 2.5
      vertex 38.4065 74.7876 7.5
    endloop
  endfacet
  facet normal 0.537111 0.843512 -0
    outer loop
      vertex 36.4125 74.436 2.5
      vertex 36.2966 74.5098 7.5
      vertex 36.4125 74.436 7.5
    endloop
  endfacet
  facet normal 0.537111 0.843512 0
    outer loop
      vertex 36.2966 74.5098 7.5
      vertex 36.4125 74.436 2.5
      vertex 36.2966 74.5098 2.5
    endloop
  endfacet
  facet normal 0.382909 -0.923786 0
    outer loop
      vertex 36.5344 77.2274 2.5
      vertex 36.6613 77.28 7.5
      vertex 36.5344 77.2274 7.5
    endloop
  endfacet
  facet normal 0.382909 -0.923786 0
    outer loop
      vertex 36.6613 77.28 7.5
      vertex 36.5344 77.2274 2.5
      vertex 36.6613 77.28 2.5
    endloop
  endfacet
  facet normal -0.923786 -0.382909 0
    outer loop
      vertex 38.68 76.3387 2.5
      vertex 38.6274 76.4656 7.5
      vertex 38.6274 76.4656 2.5
    endloop
  endfacet
  facet normal -0.923786 -0.382909 0
    outer loop
      vertex 38.6274 76.4656 7.5
      vertex 38.68 76.3387 2.5
      vertex 38.68 76.3387 7.5
    endloop
  endfacet
  facet normal 0.991474 0.130304 0
    outer loop
      vertex 35.6489 75.5265 7.5
      vertex 35.631 75.6627 2.5
      vertex 35.631 75.6627 7.5
    endloop
  endfacet
  facet normal 0.991474 0.130304 0
    outer loop
      vertex 35.631 75.6627 2.5
      vertex 35.6489 75.5265 7.5
      vertex 35.6489 75.5265 2.5
    endloop
  endfacet
  facet normal 0.991474 -0.130304 0
    outer loop
      vertex 35.631 75.9373 7.5
      vertex 35.6489 76.0735 2.5
      vertex 35.6489 76.0735 7.5
    endloop
  endfacet
  facet normal 0.991474 -0.130304 0
    outer loop
      vertex 35.6489 76.0735 2.5
      vertex 35.631 75.9373 7.5
      vertex 35.631 75.9373 2.5
    endloop
  endfacet
  facet normal -0.737366 0.675494 0
    outer loop
      vertex 38.3137 74.6863 2.5
      vertex 38.4065 74.7876 7.5
      vertex 38.4065 74.7876 2.5
    endloop
  endfacet
  facet normal -0.737366 0.675494 0
    outer loop
      vertex 38.4065 74.7876 7.5
      vertex 38.3137 74.6863 2.5
      vertex 38.3137 74.6863 7.5
    endloop
  endfacet
  facet normal -0.382909 -0.923786 0
    outer loop
      vertex 37.7387 77.28 2.5
      vertex 37.8656 77.2274 7.5
      vertex 37.7387 77.28 7.5
    endloop
  endfacet
  facet normal -0.382909 -0.923786 -0
    outer loop
      vertex 37.8656 77.2274 7.5
      vertex 37.7387 77.28 2.5
      vertex 37.8656 77.2274 2.5
    endloop
  endfacet
  facet normal -0.0436583 0.999047 0
    outer loop
      vertex 37.3373 74.231 2.5
      vertex 37.2 74.225 7.5
      vertex 37.3373 74.231 7.5
    endloop
  endfacet
  facet normal -0.0436583 0.999047 0
    outer loop
      vertex 37.2 74.225 7.5
      vertex 37.3373 74.231 2.5
      vertex 37.2 74.225 2.5
    endloop
  endfacet
  facet normal -0.30047 -0.953791 0
    outer loop
      vertex 37.6076 77.3213 2.5
      vertex 37.7387 77.28 7.5
      vertex 37.6076 77.3213 7.5
    endloop
  endfacet
  facet normal -0.30047 -0.953791 -0
    outer loop
      vertex 37.7387 77.28 7.5
      vertex 37.6076 77.3213 2.5
      vertex 37.7387 77.28 2.5
    endloop
  endfacet
  facet normal 0.30047 0.953791 -0
    outer loop
      vertex 36.7924 74.2787 2.5
      vertex 36.6613 74.32 7.5
      vertex 36.7924 74.2787 7.5
    endloop
  endfacet
  facet normal 0.30047 0.953791 0
    outer loop
      vertex 36.6613 74.32 7.5
      vertex 36.7924 74.2787 2.5
      vertex 36.6613 74.32 2.5
    endloop
  endfacet
  facet normal 0.737366 -0.675494 0
    outer loop
      vertex 35.9935 76.8124 7.5
      vertex 36.0863 76.9137 2.5
      vertex 36.0863 76.9137 7.5
    endloop
  endfacet
  facet normal 0.737366 -0.675494 0
    outer loop
      vertex 36.0863 76.9137 2.5
      vertex 35.9935 76.8124 7.5
      vertex 35.9935 76.8124 2.5
    endloop
  endfacet
  facet normal 0.0436583 0.999047 -0
    outer loop
      vertex 37.2 74.225 2.5
      vertex 37.0627 74.231 7.5
      vertex 37.2 74.225 7.5
    endloop
  endfacet
  facet normal 0.0436583 0.999047 0
    outer loop
      vertex 37.0627 74.231 7.5
      vertex 37.2 74.225 2.5
      vertex 37.0627 74.231 2.5
    endloop
  endfacet
  facet normal -0.461421 0.887181 0
    outer loop
      vertex 37.9875 74.436 2.5
      vertex 37.8656 74.3726 7.5
      vertex 37.9875 74.436 7.5
    endloop
  endfacet
  facet normal -0.461421 0.887181 0
    outer loop
      vertex 37.8656 74.3726 7.5
      vertex 37.9875 74.436 2.5
      vertex 37.8656 74.3726 2.5
    endloop
  endfacet
  facet normal 0.675494 -0.737366 0
    outer loop
      vertex 36.0863 76.9137 2.5
      vertex 36.1876 77.0065 7.5
      vertex 36.0863 76.9137 7.5
    endloop
  endfacet
  facet normal 0.675494 -0.737366 0
    outer loop
      vertex 36.1876 77.0065 7.5
      vertex 36.0863 76.9137 2.5
      vertex 36.1876 77.0065 2.5
    endloop
  endfacet
  facet normal -0.609042 -0.793138 0
    outer loop
      vertex 38.1034 77.0902 2.5
      vertex 38.2124 77.0065 7.5
      vertex 38.1034 77.0902 7.5
    endloop
  endfacet
  facet normal -0.609042 -0.793138 -0
    outer loop
      vertex 38.2124 77.0065 7.5
      vertex 38.1034 77.0902 2.5
      vertex 38.2124 77.0065 2.5
    endloop
  endfacet
  facet normal 0.887181 0.461421 0
    outer loop
      vertex 35.836 75.0125 7.5
      vertex 35.7726 75.1344 2.5
      vertex 35.7726 75.1344 7.5
    endloop
  endfacet
  facet normal 0.887181 0.461421 0
    outer loop
      vertex 35.7726 75.1344 2.5
      vertex 35.836 75.0125 7.5
      vertex 35.836 75.0125 2.5
    endloop
  endfacet
  facet normal 0.0436583 -0.999047 0
    outer loop
      vertex 37.0627 77.369 2.5
      vertex 37.2 77.375 7.5
      vertex 37.0627 77.369 7.5
    endloop
  endfacet
  facet normal 0.0436583 -0.999047 0
    outer loop
      vertex 37.2 77.375 7.5
      vertex 37.0627 77.369 2.5
      vertex 37.2 77.375 2.5
    endloop
  endfacet
  facet normal 0.999047 0.0436583 0
    outer loop
      vertex 35.631 75.6627 7.5
      vertex 35.625 75.8 2.5
      vertex 35.625 75.8 7.5
    endloop
  endfacet
  facet normal 0.999047 0.0436583 0
    outer loop
      vertex 35.625 75.8 2.5
      vertex 35.631 75.6627 7.5
      vertex 35.631 75.6627 2.5
    endloop
  endfacet
  facet normal -0.737366 -0.675494 0
    outer loop
      vertex 38.4065 76.8124 2.5
      vertex 38.3137 76.9137 7.5
      vertex 38.3137 76.9137 2.5
    endloop
  endfacet
  facet normal -0.737366 -0.675494 0
    outer loop
      vertex 38.3137 76.9137 7.5
      vertex 38.4065 76.8124 2.5
      vertex 38.4065 76.8124 7.5
    endloop
  endfacet
  facet normal -0.675494 -0.737366 0
    outer loop
      vertex 38.2124 77.0065 2.5
      vertex 38.3137 76.9137 7.5
      vertex 38.2124 77.0065 7.5
    endloop
  endfacet
  facet normal -0.675494 -0.737366 -0
    outer loop
      vertex 38.3137 76.9137 7.5
      vertex 38.2124 77.0065 2.5
      vertex 38.3137 76.9137 2.5
    endloop
  endfacet
  facet normal -0.953791 -0.30047 0
    outer loop
      vertex 38.7213 76.2076 2.5
      vertex 38.68 76.3387 7.5
      vertex 38.68 76.3387 2.5
    endloop
  endfacet
  facet normal -0.953791 -0.30047 0
    outer loop
      vertex 38.68 76.3387 7.5
      vertex 38.7213 76.2076 2.5
      vertex 38.7213 76.2076 7.5
    endloop
  endfacet
  facet normal 0.976187 0.21693 0
    outer loop
      vertex 35.6787 75.3924 7.5
      vertex 35.6489 75.5265 2.5
      vertex 35.6489 75.5265 7.5
    endloop
  endfacet
  facet normal 0.976187 0.21693 0
    outer loop
      vertex 35.6489 75.5265 2.5
      vertex 35.6787 75.3924 7.5
      vertex 35.6787 75.3924 2.5
    endloop
  endfacet
  facet normal 0.675494 0.737366 -0
    outer loop
      vertex 36.1876 74.5935 2.5
      vertex 36.0863 74.6863 7.5
      vertex 36.1876 74.5935 7.5
    endloop
  endfacet
  facet normal 0.675494 0.737366 0
    outer loop
      vertex 36.0863 74.6863 7.5
      vertex 36.1876 74.5935 2.5
      vertex 36.0863 74.6863 2.5
    endloop
  endfacet
  facet normal 0.737366 0.675494 0
    outer loop
      vertex 36.0863 74.6863 7.5
      vertex 35.9935 74.7876 2.5
      vertex 35.9935 74.7876 7.5
    endloop
  endfacet
  facet normal 0.737366 0.675494 0
    outer loop
      vertex 35.9935 74.7876 2.5
      vertex 36.0863 74.6863 7.5
      vertex 36.0863 74.6863 2.5
    endloop
  endfacet
  facet normal 0.609042 0.793138 -0
    outer loop
      vertex 36.2966 74.5098 2.5
      vertex 36.1876 74.5935 7.5
      vertex 36.2966 74.5098 7.5
    endloop
  endfacet
  facet normal 0.609042 0.793138 0
    outer loop
      vertex 36.1876 74.5935 7.5
      vertex 36.2966 74.5098 2.5
      vertex 36.1876 74.5935 2.5
    endloop
  endfacet
  facet normal -0.991474 0.130304 0
    outer loop
      vertex 38.7511 75.5265 2.5
      vertex 38.769 75.6627 7.5
      vertex 38.769 75.6627 2.5
    endloop
  endfacet
  facet normal -0.991474 0.130304 0
    outer loop
      vertex 38.769 75.6627 7.5
      vertex 38.7511 75.5265 2.5
      vertex 38.7511 75.5265 7.5
    endloop
  endfacet
  facet normal 0.793138 -0.609042 0
    outer loop
      vertex 35.9098 76.7034 7.5
      vertex 35.9935 76.8124 2.5
      vertex 35.9935 76.8124 7.5
    endloop
  endfacet
  facet normal 0.793138 -0.609042 0
    outer loop
      vertex 35.9935 76.8124 2.5
      vertex 35.9098 76.7034 7.5
      vertex 35.9098 76.7034 2.5
    endloop
  endfacet
  facet normal -0.21693 -0.976187 0
    outer loop
      vertex 37.4735 77.3511 2.5
      vertex 37.6076 77.3213 7.5
      vertex 37.4735 77.3511 7.5
    endloop
  endfacet
  facet normal -0.21693 -0.976187 -0
    outer loop
      vertex 37.6076 77.3213 7.5
      vertex 37.4735 77.3511 2.5
      vertex 37.6076 77.3213 2.5
    endloop
  endfacet
  facet normal 0.461421 0.887181 -0
    outer loop
      vertex 36.5344 74.3726 2.5
      vertex 36.4125 74.436 7.5
      vertex 36.5344 74.3726 7.5
    endloop
  endfacet
  facet normal 0.461421 0.887181 0
    outer loop
      vertex 36.4125 74.436 7.5
      vertex 36.5344 74.3726 2.5
      vertex 36.4125 74.436 2.5
    endloop
  endfacet
  facet normal -0.887181 0.461421 0
    outer loop
      vertex 38.564 75.0125 2.5
      vertex 38.6274 75.1344 7.5
      vertex 38.6274 75.1344 2.5
    endloop
  endfacet
  facet normal -0.887181 0.461421 0
    outer loop
      vertex 38.6274 75.1344 7.5
      vertex 38.564 75.0125 2.5
      vertex 38.564 75.0125 7.5
    endloop
  endfacet
  facet normal -0.923786 0.382909 0
    outer loop
      vertex 38.6274 75.1344 2.5
      vertex 38.68 75.2613 7.5
      vertex 38.68 75.2613 2.5
    endloop
  endfacet
  facet normal -0.923786 0.382909 0
    outer loop
      vertex 38.68 75.2613 7.5
      vertex 38.6274 75.1344 2.5
      vertex 38.6274 75.1344 7.5
    endloop
  endfacet
  facet normal 0.976187 -0.21693 0
    outer loop
      vertex 35.6489 76.0735 7.5
      vertex 35.6787 76.2076 2.5
      vertex 35.6787 76.2076 7.5
    endloop
  endfacet
  facet normal 0.976187 -0.21693 0
    outer loop
      vertex 35.6787 76.2076 2.5
      vertex 35.6489 76.0735 7.5
      vertex 35.6489 76.0735 2.5
    endloop
  endfacet
  facet normal -0.609042 0.793138 0
    outer loop
      vertex 38.2124 74.5935 2.5
      vertex 38.1034 74.5098 7.5
      vertex 38.2124 74.5935 7.5
    endloop
  endfacet
  facet normal -0.609042 0.793138 0
    outer loop
      vertex 38.1034 74.5098 7.5
      vertex 38.2124 74.5935 2.5
      vertex 38.1034 74.5098 2.5
    endloop
  endfacet
  facet normal 0.953791 -0.30047 0
    outer loop
      vertex 35.6787 76.2076 7.5
      vertex 35.72 76.3387 2.5
      vertex 35.72 76.3387 7.5
    endloop
  endfacet
  facet normal 0.953791 -0.30047 0
    outer loop
      vertex 35.72 76.3387 2.5
      vertex 35.6787 76.2076 7.5
      vertex 35.6787 76.2076 2.5
    endloop
  endfacet
  facet normal 0.843512 -0.537111 0
    outer loop
      vertex 35.836 76.5875 7.5
      vertex 35.9098 76.7034 2.5
      vertex 35.9098 76.7034 7.5
    endloop
  endfacet
  facet normal 0.843512 -0.537111 0
    outer loop
      vertex 35.9098 76.7034 2.5
      vertex 35.836 76.5875 7.5
      vertex 35.836 76.5875 2.5
    endloop
  endfacet
  facet normal -0.675494 0.737366 0
    outer loop
      vertex 38.3137 74.6863 2.5
      vertex 38.2124 74.5935 7.5
      vertex 38.3137 74.6863 7.5
    endloop
  endfacet
  facet normal -0.675494 0.737366 0
    outer loop
      vertex 38.2124 74.5935 7.5
      vertex 38.3137 74.6863 2.5
      vertex 38.2124 74.5935 2.5
    endloop
  endfacet
  facet normal 0.843512 0.537111 0
    outer loop
      vertex 35.9098 74.8966 7.5
      vertex 35.836 75.0125 2.5
      vertex 35.836 75.0125 7.5
    endloop
  endfacet
  facet normal 0.843512 0.537111 0
    outer loop
      vertex 35.836 75.0125 2.5
      vertex 35.9098 74.8966 7.5
      vertex 35.9098 74.8966 2.5
    endloop
  endfacet
  facet normal 0.793138 0.609042 0
    outer loop
      vertex 35.9935 74.7876 7.5
      vertex 35.9098 74.8966 2.5
      vertex 35.9098 74.8966 7.5
    endloop
  endfacet
  facet normal 0.793138 0.609042 0
    outer loop
      vertex 35.9098 74.8966 2.5
      vertex 35.9935 74.7876 7.5
      vertex 35.9935 74.7876 2.5
    endloop
  endfacet
  facet normal -0.21693 0.976187 0
    outer loop
      vertex 37.6076 74.2787 2.5
      vertex 37.4735 74.2489 7.5
      vertex 37.6076 74.2787 7.5
    endloop
  endfacet
  facet normal -0.21693 0.976187 0
    outer loop
      vertex 37.4735 74.2489 7.5
      vertex 37.6076 74.2787 2.5
      vertex 37.4735 74.2489 2.5
    endloop
  endfacet
  facet normal 0.737269 -0.675599 0
    outer loop
      vertex 91.2506 25.4494 7.5
      vertex 91.4215 25.6359 2.5
      vertex 91.4215 25.6359 7.5
    endloop
  endfacet
  facet normal 0.737269 -0.675599 0
    outer loop
      vertex 91.4215 25.6359 2.5
      vertex 91.2506 25.4494 7.5
      vertex 91.2506 25.4494 2.5
    endloop
  endfacet
  facet normal 0.991403 0.130843 0
    outer loop
      vertex 92.089 27.7528 7.5
      vertex 92.0559 28.0036 2.5
      vertex 92.0559 28.0036 7.5
    endloop
  endfacet
  facet normal 0.991403 0.130843 0
    outer loop
      vertex 92.0559 28.0036 2.5
      vertex 92.089 27.7528 7.5
      vertex 92.089 27.7528 2.5
    endloop
  endfacet
  facet normal 0.999055 0.0434715 0
    outer loop
      vertex 92.1 27.5 7.5
      vertex 92.089 27.7528 2.5
      vertex 92.089 27.7528 7.5
    endloop
  endfacet
  facet normal 0.999055 0.0434715 0
    outer loop
      vertex 92.089 27.7528 2.5
      vertex 92.1 27.5 7.5
      vertex 92.1 27.5 2.5
    endloop
  endfacet
  facet normal 0.976345 0.216219 0
    outer loop
      vertex 92.0559 28.0036 7.5
      vertex 92.0012 28.2506 2.5
      vertex 92.0012 28.2506 7.5
    endloop
  endfacet
  facet normal 0.976345 0.216219 0
    outer loop
      vertex 92.0012 28.2506 2.5
      vertex 92.0559 28.0036 7.5
      vertex 92.0559 28.0036 2.5
    endloop
  endfacet
  facet normal 0.537438 -0.843303 0
    outer loop
      vertex 90.65 24.9885 2.5
      vertex 90.8634 25.1245 7.5
      vertex 90.65 24.9885 7.5
    endloop
  endfacet
  facet normal 0.537438 -0.843303 0
    outer loop
      vertex 90.8634 25.1245 7.5
      vertex 90.65 24.9885 2.5
      vertex 90.8634 25.1245 2.5
    endloop
  endfacet
  facet normal 0.461701 -0.887036 0
    outer loop
      vertex 90.4256 24.8717 2.5
      vertex 90.65 24.9885 7.5
      vertex 90.4256 24.8717 7.5
    endloop
  endfacet
  facet normal 0.461701 -0.887036 0
    outer loop
      vertex 90.65 24.9885 7.5
      vertex 90.4256 24.8717 2.5
      vertex 90.65 24.9885 2.5
    endloop
  endfacet
  facet normal 0.216219 -0.976345 0
    outer loop
      vertex 89.7036 24.6441 2.5
      vertex 89.9506 24.6988 7.5
      vertex 89.7036 24.6441 7.5
    endloop
  endfacet
  facet normal 0.216219 -0.976345 0
    outer loop
      vertex 89.9506 24.6988 7.5
      vertex 89.7036 24.6441 2.5
      vertex 89.9506 24.6988 2.5
    endloop
  endfacet
  facet normal -0.130792 0.99141 0
    outer loop
      vertex 88.9473 30.389 2.5
      vertex 88.6964 30.3559 7.5
      vertex 88.9473 30.389 7.5
    endloop
  endfacet
  facet normal -0.130792 0.99141 0
    outer loop
      vertex 88.6964 30.3559 7.5
      vertex 88.9473 30.389 2.5
      vertex 88.6964 30.3559 2.5
    endloop
  endfacet
  facet normal -0.843303 0.537438 0
    outer loop
      vertex 86.6885 28.95 2.5
      vertex 86.8245 29.1634 7.5
      vertex 86.8245 29.1634 2.5
    endloop
  endfacet
  facet normal -0.843303 0.537438 0
    outer loop
      vertex 86.8245 29.1634 7.5
      vertex 86.6885 28.95 2.5
      vertex 86.6885 28.95 7.5
    endloop
  endfacet
  facet normal -0.382678 0.923882 0
    outer loop
      vertex 88.2081 30.2251 2.5
      vertex 87.9744 30.1283 7.5
      vertex 88.2081 30.2251 7.5
    endloop
  endfacet
  facet normal -0.382678 0.923882 0
    outer loop
      vertex 87.9744 30.1283 7.5
      vertex 88.2081 30.2251 2.5
      vertex 87.9744 30.1283 2.5
    endloop
  endfacet
  facet normal 0.608755 0.793358 -0
    outer loop
      vertex 91.0641 29.7215 2.5
      vertex 90.8634 29.8755 7.5
      vertex 91.0641 29.7215 7.5
    endloop
  endfacet
  facet normal 0.608755 0.793358 0
    outer loop
      vertex 90.8634 29.8755 7.5
      vertex 91.0641 29.7215 2.5
      vertex 90.8634 29.8755 2.5
    endloop
  endfacet
  facet normal 0.216219 0.976345 -0
    outer loop
      vertex 89.9506 30.3012 2.5
      vertex 89.7036 30.3559 7.5
      vertex 89.9506 30.3012 7.5
    endloop
  endfacet
  facet normal 0.216219 0.976345 0
    outer loop
      vertex 89.7036 30.3559 7.5
      vertex 89.9506 30.3012 2.5
      vertex 89.7036 30.3559 2.5
    endloop
  endfacet
  facet normal -0.923882 -0.382678 0
    outer loop
      vertex 86.5717 26.2744 2.5
      vertex 86.4749 26.5081 7.5
      vertex 86.4749 26.5081 2.5
    endloop
  endfacet
  facet normal -0.923882 -0.382678 0
    outer loop
      vertex 86.4749 26.5081 7.5
      vertex 86.5717 26.2744 2.5
      vertex 86.5717 26.2744 7.5
    endloop
  endfacet
  facet normal -0.737269 -0.675599 0
    outer loop
      vertex 87.1494 25.4494 2.5
      vertex 86.9785 25.6359 7.5
      vertex 86.9785 25.6359 2.5
    endloop
  endfacet
  facet normal -0.737269 -0.675599 0
    outer loop
      vertex 86.9785 25.6359 7.5
      vertex 87.1494 25.4494 2.5
      vertex 87.1494 25.4494 7.5
    endloop
  endfacet
  facet normal 0.461701 0.887036 -0
    outer loop
      vertex 90.65 30.0115 2.5
      vertex 90.4256 30.1283 7.5
      vertex 90.65 30.0115 7.5
    endloop
  endfacet
  facet normal 0.461701 0.887036 0
    outer loop
      vertex 90.4256 30.1283 7.5
      vertex 90.65 30.0115 2.5
      vertex 90.4256 30.1283 2.5
    endloop
  endfacet
  facet normal 0.537438 0.843303 -0
    outer loop
      vertex 90.8634 29.8755 2.5
      vertex 90.65 30.0115 7.5
      vertex 90.8634 29.8755 7.5
    endloop
  endfacet
  facet normal 0.537438 0.843303 0
    outer loop
      vertex 90.65 30.0115 7.5
      vertex 90.8634 29.8755 2.5
      vertex 90.65 30.0115 2.5
    endloop
  endfacet
  facet normal -0.537438 0.843303 0
    outer loop
      vertex 87.75 30.0115 2.5
      vertex 87.5366 29.8755 7.5
      vertex 87.75 30.0115 7.5
    endloop
  endfacet
  facet normal -0.537438 0.843303 0
    outer loop
      vertex 87.5366 29.8755 7.5
      vertex 87.75 30.0115 2.5
      vertex 87.5366 29.8755 2.5
    endloop
  endfacet
  facet normal 0.953696 -0.300772 0
    outer loop
      vertex 91.9251 26.5081 7.5
      vertex 92.0012 26.7494 2.5
      vertex 92.0012 26.7494 7.5
    endloop
  endfacet
  facet normal 0.953696 -0.300772 0
    outer loop
      vertex 92.0012 26.7494 2.5
      vertex 91.9251 26.5081 7.5
      vertex 91.9251 26.5081 2.5
    endloop
  endfacet
  facet normal -0.675599 0.737269 0
    outer loop
      vertex 87.3359 29.7215 2.5
      vertex 87.1494 29.5506 7.5
      vertex 87.3359 29.7215 7.5
    endloop
  endfacet
  facet normal -0.675599 0.737269 0
    outer loop
      vertex 87.1494 29.5506 7.5
      vertex 87.3359 29.7215 2.5
      vertex 87.1494 29.5506 2.5
    endloop
  endfacet
  facet normal 0.300772 -0.953696 0
    outer loop
      vertex 89.9506 24.6988 2.5
      vertex 90.1919 24.7749 7.5
      vertex 89.9506 24.6988 7.5
    endloop
  endfacet
  facet normal 0.300772 -0.953696 0
    outer loop
      vertex 90.1919 24.7749 7.5
      vertex 89.9506 24.6988 2.5
      vertex 90.1919 24.7749 2.5
    endloop
  endfacet
  facet normal 0.130843 -0.991403 0
    outer loop
      vertex 89.4528 24.611 2.5
      vertex 89.7036 24.6441 7.5
      vertex 89.4528 24.611 7.5
    endloop
  endfacet
  facet normal 0.130843 -0.991403 0
    outer loop
      vertex 89.7036 24.6441 7.5
      vertex 89.4528 24.611 2.5
      vertex 89.7036 24.6441 2.5
    endloop
  endfacet
  facet normal -0.675599 -0.737269 0
    outer loop
      vertex 87.1494 25.4494 2.5
      vertex 87.3359 25.2785 7.5
      vertex 87.1494 25.4494 7.5
    endloop
  endfacet
  facet normal -0.675599 -0.737269 -0
    outer loop
      vertex 87.3359 25.2785 7.5
      vertex 87.1494 25.4494 2.5
      vertex 87.3359 25.2785 2.5
    endloop
  endfacet
  facet normal 0.0434715 -0.999055 0
    outer loop
      vertex 89.2 24.6 2.5
      vertex 89.4528 24.611 7.5
      vertex 89.2 24.6 7.5
    endloop
  endfacet
  facet normal 0.0434715 -0.999055 0
    outer loop
      vertex 89.4528 24.611 7.5
      vertex 89.2 24.6 2.5
      vertex 89.4528 24.611 2.5
    endloop
  endfacet
  facet normal -0.976345 0.216219 0
    outer loop
      vertex 86.3441 28.0036 2.5
      vertex 86.3988 28.2506 7.5
      vertex 86.3988 28.2506 2.5
    endloop
  endfacet
  facet normal -0.976345 0.216219 0
    outer loop
      vertex 86.3988 28.2506 7.5
      vertex 86.3441 28.0036 2.5
      vertex 86.3441 28.0036 7.5
    endloop
  endfacet
  facet normal -0.461701 0.887036 0
    outer loop
      vertex 87.9744 30.1283 2.5
      vertex 87.75 30.0115 7.5
      vertex 87.9744 30.1283 7.5
    endloop
  endfacet
  facet normal -0.461701 0.887036 0
    outer loop
      vertex 87.75 30.0115 7.5
      vertex 87.9744 30.1283 2.5
      vertex 87.75 30.0115 2.5
    endloop
  endfacet
  facet normal 0.843303 0.537438 0
    outer loop
      vertex 91.7115 28.95 7.5
      vertex 91.5755 29.1634 2.5
      vertex 91.5755 29.1634 7.5
    endloop
  endfacet
  facet normal 0.843303 0.537438 0
    outer loop
      vertex 91.5755 29.1634 2.5
      vertex 91.7115 28.95 7.5
      vertex 91.7115 28.95 2.5
    endloop
  endfacet
  facet normal 0.0434715 0.999055 -0
    outer loop
      vertex 89.4528 30.389 2.5
      vertex 89.2 30.4 7.5
      vertex 89.4528 30.389 7.5
    endloop
  endfacet
  facet normal 0.0434715 0.999055 0
    outer loop
      vertex 89.2 30.4 7.5
      vertex 89.4528 30.389 2.5
      vertex 89.2 30.4 2.5
    endloop
  endfacet
  facet normal -0.216219 0.976345 0
    outer loop
      vertex 88.6964 30.3559 2.5
      vertex 88.4494 30.3012 7.5
      vertex 88.6964 30.3559 7.5
    endloop
  endfacet
  facet normal -0.216219 0.976345 0
    outer loop
      vertex 88.4494 30.3012 7.5
      vertex 88.6964 30.3559 2.5
      vertex 88.4494 30.3012 2.5
    endloop
  endfacet
  facet normal 0.976345 -0.216219 0
    outer loop
      vertex 92.0012 26.7494 7.5
      vertex 92.0559 26.9964 2.5
      vertex 92.0559 26.9964 7.5
    endloop
  endfacet
  facet normal 0.976345 -0.216219 0
    outer loop
      vertex 92.0559 26.9964 2.5
      vertex 92.0012 26.7494 7.5
      vertex 92.0012 26.7494 2.5
    endloop
  endfacet
  facet normal 0.793358 -0.608755 0
    outer loop
      vertex 91.4215 25.6359 7.5
      vertex 91.5755 25.8366 2.5
      vertex 91.5755 25.8366 7.5
    endloop
  endfacet
  facet normal 0.793358 -0.608755 0
    outer loop
      vertex 91.5755 25.8366 2.5
      vertex 91.4215 25.6359 7.5
      vertex 91.4215 25.6359 2.5
    endloop
  endfacet
  facet normal 0.675599 0.737269 -0
    outer loop
      vertex 91.2506 29.5506 2.5
      vertex 91.0641 29.7215 7.5
      vertex 91.2506 29.5506 7.5
    endloop
  endfacet
  facet normal 0.675599 0.737269 0
    outer loop
      vertex 91.0641 29.7215 7.5
      vertex 91.2506 29.5506 2.5
      vertex 91.0641 29.7215 2.5
    endloop
  endfacet
  facet normal 0.887036 -0.461701 0
    outer loop
      vertex 91.7115 26.05 7.5
      vertex 91.8283 26.2744 2.5
      vertex 91.8283 26.2744 7.5
    endloop
  endfacet
  facet normal 0.887036 -0.461701 0
    outer loop
      vertex 91.8283 26.2744 2.5
      vertex 91.7115 26.05 7.5
      vertex 91.7115 26.05 2.5
    endloop
  endfacet
  facet normal -0.537438 -0.843303 0
    outer loop
      vertex 87.5366 25.1245 2.5
      vertex 87.75 24.9885 7.5
      vertex 87.5366 25.1245 7.5
    endloop
  endfacet
  facet normal -0.537438 -0.843303 -0
    outer loop
      vertex 87.75 24.9885 7.5
      vertex 87.5366 25.1245 2.5
      vertex 87.75 24.9885 2.5
    endloop
  endfacet
  facet normal -0.737269 0.675599 0
    outer loop
      vertex 86.9785 29.3641 2.5
      vertex 87.1494 29.5506 7.5
      vertex 87.1494 29.5506 2.5
    endloop
  endfacet
  facet normal -0.737269 0.675599 0
    outer loop
      vertex 87.1494 29.5506 7.5
      vertex 86.9785 29.3641 2.5
      vertex 86.9785 29.3641 7.5
    endloop
  endfacet
  facet normal 0.953696 0.300772 0
    outer loop
      vertex 92.0012 28.2506 7.5
      vertex 91.9251 28.4919 2.5
      vertex 91.9251 28.4919 7.5
    endloop
  endfacet
  facet normal 0.953696 0.300772 0
    outer loop
      vertex 91.9251 28.4919 2.5
      vertex 92.0012 28.2506 7.5
      vertex 92.0012 28.2506 2.5
    endloop
  endfacet
  facet normal 0.843303 -0.537438 0
    outer loop
      vertex 91.5755 25.8366 7.5
      vertex 91.7115 26.05 2.5
      vertex 91.7115 26.05 7.5
    endloop
  endfacet
  facet normal 0.843303 -0.537438 0
    outer loop
      vertex 91.7115 26.05 2.5
      vertex 91.5755 25.8366 7.5
      vertex 91.5755 25.8366 2.5
    endloop
  endfacet
  facet normal -0.991403 -0.130843 0
    outer loop
      vertex 86.3441 26.9964 2.5
      vertex 86.311 27.2472 7.5
      vertex 86.311 27.2472 2.5
    endloop
  endfacet
  facet normal -0.991403 -0.130843 0
    outer loop
      vertex 86.311 27.2472 7.5
      vertex 86.3441 26.9964 2.5
      vertex 86.3441 26.9964 7.5
    endloop
  endfacet
  facet normal -0.953696 0.300772 0
    outer loop
      vertex 86.3988 28.2506 2.5
      vertex 86.4749 28.4919 7.5
      vertex 86.4749 28.4919 2.5
    endloop
  endfacet
  facet normal -0.953696 0.300772 0
    outer loop
      vertex 86.4749 28.4919 7.5
      vertex 86.3988 28.2506 2.5
      vertex 86.3988 28.2506 7.5
    endloop
  endfacet
  facet normal -0.608755 0.793358 0
    outer loop
      vertex 87.5366 29.8755 2.5
      vertex 87.3359 29.7215 7.5
      vertex 87.5366 29.8755 7.5
    endloop
  endfacet
  facet normal -0.608755 0.793358 0
    outer loop
      vertex 87.3359 29.7215 7.5
      vertex 87.5366 29.8755 2.5
      vertex 87.3359 29.7215 2.5
    endloop
  endfacet
  facet normal 0.991403 -0.130843 0
    outer loop
      vertex 92.0559 26.9964 7.5
      vertex 92.089 27.2472 2.5
      vertex 92.089 27.2472 7.5
    endloop
  endfacet
  facet normal 0.991403 -0.130843 0
    outer loop
      vertex 92.089 27.2472 2.5
      vertex 92.0559 26.9964 7.5
      vertex 92.0559 26.9964 2.5
    endloop
  endfacet
  facet normal 0.999055 -0.0434715 0
    outer loop
      vertex 92.089 27.2472 7.5
      vertex 92.1 27.5 2.5
      vertex 92.1 27.5 7.5
    endloop
  endfacet
  facet normal 0.999055 -0.0434715 0
    outer loop
      vertex 92.1 27.5 2.5
      vertex 92.089 27.2472 7.5
      vertex 92.089 27.2472 2.5
    endloop
  endfacet
  facet normal -0.991403 0.130843 0
    outer loop
      vertex 86.311 27.7528 2.5
      vertex 86.3441 28.0036 7.5
      vertex 86.3441 28.0036 2.5
    endloop
  endfacet
  facet normal -0.991403 0.130843 0
    outer loop
      vertex 86.3441 28.0036 7.5
      vertex 86.311 27.7528 2.5
      vertex 86.311 27.7528 7.5
    endloop
  endfacet
  facet normal 0.923882 0.382678 0
    outer loop
      vertex 91.9251 28.4919 7.5
      vertex 91.8283 28.7256 2.5
      vertex 91.8283 28.7256 7.5
    endloop
  endfacet
  facet normal 0.923882 0.382678 0
    outer loop
      vertex 91.8283 28.7256 2.5
      vertex 91.9251 28.4919 7.5
      vertex 91.9251 28.4919 2.5
    endloop
  endfacet
  facet normal -0.976345 -0.216219 0
    outer loop
      vertex 86.3988 26.7494 2.5
      vertex 86.3441 26.9964 7.5
      vertex 86.3441 26.9964 2.5
    endloop
  endfacet
  facet normal -0.976345 -0.216219 0
    outer loop
      vertex 86.3441 26.9964 7.5
      vertex 86.3988 26.7494 2.5
      vertex 86.3988 26.7494 7.5
    endloop
  endfacet
  facet normal 0.887036 0.461701 0
    outer loop
      vertex 91.8283 28.7256 7.5
      vertex 91.7115 28.95 2.5
      vertex 91.7115 28.95 7.5
    endloop
  endfacet
  facet normal 0.887036 0.461701 0
    outer loop
      vertex 91.7115 28.95 2.5
      vertex 91.8283 28.7256 7.5
      vertex 91.8283 28.7256 2.5
    endloop
  endfacet
  facet normal -0.793358 0.608755 0
    outer loop
      vertex 86.8245 29.1634 2.5
      vertex 86.9785 29.3641 7.5
      vertex 86.9785 29.3641 2.5
    endloop
  endfacet
  facet normal -0.793358 0.608755 0
    outer loop
      vertex 86.9785 29.3641 7.5
      vertex 86.8245 29.1634 2.5
      vertex 86.8245 29.1634 7.5
    endloop
  endfacet
  facet normal -0.887036 -0.461701 0
    outer loop
      vertex 86.6885 26.05 2.5
      vertex 86.5717 26.2744 7.5
      vertex 86.5717 26.2744 2.5
    endloop
  endfacet
  facet normal -0.887036 -0.461701 0
    outer loop
      vertex 86.5717 26.2744 7.5
      vertex 86.6885 26.05 2.5
      vertex 86.6885 26.05 7.5
    endloop
  endfacet
  facet normal -0.300772 0.953696 0
    outer loop
      vertex 88.4494 30.3012 2.5
      vertex 88.2081 30.2251 7.5
      vertex 88.4494 30.3012 7.5
    endloop
  endfacet
  facet normal -0.300772 0.953696 0
    outer loop
      vertex 88.2081 30.2251 7.5
      vertex 88.4494 30.3012 2.5
      vertex 88.2081 30.2251 2.5
    endloop
  endfacet
  facet normal 0.737269 0.675599 0
    outer loop
      vertex 91.4215 29.3641 7.5
      vertex 91.2506 29.5506 2.5
      vertex 91.2506 29.5506 7.5
    endloop
  endfacet
  facet normal 0.737269 0.675599 0
    outer loop
      vertex 91.2506 29.5506 2.5
      vertex 91.4215 29.3641 7.5
      vertex 91.4215 29.3641 2.5
    endloop
  endfacet
  facet normal -0.953696 -0.300772 0
    outer loop
      vertex 86.4749 26.5081 2.5
      vertex 86.3988 26.7494 7.5
      vertex 86.3988 26.7494 2.5
    endloop
  endfacet
  facet normal -0.953696 -0.300772 0
    outer loop
      vertex 86.3988 26.7494 7.5
      vertex 86.4749 26.5081 2.5
      vertex 86.4749 26.5081 7.5
    endloop
  endfacet
  facet normal -0.793358 -0.608755 0
    outer loop
      vertex 86.9785 25.6359 2.5
      vertex 86.8245 25.8366 7.5
      vertex 86.8245 25.8366 2.5
    endloop
  endfacet
  facet normal -0.793358 -0.608755 0
    outer loop
      vertex 86.8245 25.8366 7.5
      vertex 86.9785 25.6359 2.5
      vertex 86.9785 25.6359 7.5
    endloop
  endfacet
  facet normal -0.0434887 -0.999054 0
    outer loop
      vertex 88.9473 24.611 2.5
      vertex 89.2 24.6 7.5
      vertex 88.9473 24.611 7.5
    endloop
  endfacet
  facet normal -0.0434887 -0.999054 -0
    outer loop
      vertex 89.2 24.6 7.5
      vertex 88.9473 24.611 2.5
      vertex 89.2 24.6 2.5
    endloop
  endfacet
  facet normal -0.461701 -0.887036 0
    outer loop
      vertex 87.75 24.9885 2.5
      vertex 87.9744 24.8717 7.5
      vertex 87.75 24.9885 7.5
    endloop
  endfacet
  facet normal -0.461701 -0.887036 -0
    outer loop
      vertex 87.9744 24.8717 7.5
      vertex 87.75 24.9885 2.5
      vertex 87.9744 24.8717 2.5
    endloop
  endfacet
  facet normal -0.608755 -0.793358 0
    outer loop
      vertex 87.3359 25.2785 2.5
      vertex 87.5366 25.1245 7.5
      vertex 87.3359 25.2785 7.5
    endloop
  endfacet
  facet normal -0.608755 -0.793358 -0
    outer loop
      vertex 87.5366 25.1245 7.5
      vertex 87.3359 25.2785 2.5
      vertex 87.5366 25.1245 2.5
    endloop
  endfacet
  facet normal -0.130792 -0.99141 0
    outer loop
      vertex 88.6964 24.6441 2.5
      vertex 88.9473 24.611 7.5
      vertex 88.6964 24.6441 7.5
    endloop
  endfacet
  facet normal -0.130792 -0.99141 -0
    outer loop
      vertex 88.9473 24.611 7.5
      vertex 88.6964 24.6441 2.5
      vertex 88.9473 24.611 2.5
    endloop
  endfacet
  facet normal 0.382678 -0.923882 0
    outer loop
      vertex 90.1919 24.7749 2.5
      vertex 90.4256 24.8717 7.5
      vertex 90.1919 24.7749 7.5
    endloop
  endfacet
  facet normal 0.382678 -0.923882 0
    outer loop
      vertex 90.4256 24.8717 7.5
      vertex 90.1919 24.7749 2.5
      vertex 90.4256 24.8717 2.5
    endloop
  endfacet
  facet normal 0.923882 -0.382678 0
    outer loop
      vertex 91.8283 26.2744 7.5
      vertex 91.9251 26.5081 2.5
      vertex 91.9251 26.5081 7.5
    endloop
  endfacet
  facet normal 0.923882 -0.382678 0
    outer loop
      vertex 91.9251 26.5081 2.5
      vertex 91.8283 26.2744 7.5
      vertex 91.8283 26.2744 2.5
    endloop
  endfacet
  facet normal -0.923882 0.382678 0
    outer loop
      vertex 86.4749 28.4919 2.5
      vertex 86.5717 28.7256 7.5
      vertex 86.5717 28.7256 2.5
    endloop
  endfacet
  facet normal -0.923882 0.382678 0
    outer loop
      vertex 86.5717 28.7256 7.5
      vertex 86.4749 28.4919 2.5
      vertex 86.4749 28.4919 7.5
    endloop
  endfacet
  facet normal 0.300772 0.953696 -0
    outer loop
      vertex 90.1919 30.2251 2.5
      vertex 89.9506 30.3012 7.5
      vertex 90.1919 30.2251 7.5
    endloop
  endfacet
  facet normal 0.300772 0.953696 0
    outer loop
      vertex 89.9506 30.3012 7.5
      vertex 90.1919 30.2251 2.5
      vertex 89.9506 30.3012 2.5
    endloop
  endfacet
  facet normal -0.0434887 0.999054 0
    outer loop
      vertex 89.2 30.4 2.5
      vertex 88.9473 30.389 7.5
      vertex 89.2 30.4 7.5
    endloop
  endfacet
  facet normal -0.0434887 0.999054 0
    outer loop
      vertex 88.9473 30.389 7.5
      vertex 89.2 30.4 2.5
      vertex 88.9473 30.389 2.5
    endloop
  endfacet
  facet normal 0.793358 0.608755 0
    outer loop
      vertex 91.5755 29.1634 7.5
      vertex 91.4215 29.3641 2.5
      vertex 91.4215 29.3641 7.5
    endloop
  endfacet
  facet normal 0.793358 0.608755 0
    outer loop
      vertex 91.4215 29.3641 2.5
      vertex 91.5755 29.1634 7.5
      vertex 91.5755 29.1634 2.5
    endloop
  endfacet
  facet normal 0 0 1
    outer loop
      vertex 90.775 27.5 7.5
      vertex 92.1 27.5 7.5
      vertex 92.089 27.7528 7.5
    endloop
  endfacet
  facet normal 0 0 1
    outer loop
      vertex 90.769 27.6373 7.5
      vertex 92.089 27.7528 7.5
      vertex 92.0559 28.0036 7.5
    endloop
  endfacet
  facet normal 0 0 1
    outer loop
      vertex 92.1 27.5 7.5
      vertex 90.775 27.5 7.5
      vertex 92.089 27.2472 7.5
    endloop
  endfacet
  facet normal 0 0 1
    outer loop
      vertex 90.7511 27.7735 7.5
      vertex 92.0559 28.0036 7.5
      vertex 92.0012 28.2506 7.5
    endloop
  endfacet
  facet normal -0 0 1
    outer loop
      vertex 90.769 27.3627 7.5
      vertex 92.089 27.2472 7.5
      vertex 90.775 27.5 7.5
    endloop
  endfacet
  facet normal 0 0 1
    outer loop
      vertex 90.7213 27.9076 7.5
      vertex 92.0012 28.2506 7.5
      vertex 91.9251 28.4919 7.5
    endloop
  endfacet
  facet normal 0 0 1
    outer loop
      vertex 92.089 27.2472 7.5
      vertex 90.769 27.3627 7.5
      vertex 92.0559 26.9964 7.5
    endloop
  endfacet
  facet normal 0 0 1
    outer loop
      vertex 90.68 28.0387 7.5
      vertex 91.9251 28.4919 7.5
      vertex 91.8283 28.7256 7.5
    endloop
  endfacet
  facet normal -0 0 1
    outer loop
      vertex 90.7511 27.2265 7.5
      vertex 92.0559 26.9964 7.5
      vertex 90.769 27.3627 7.5
    endloop
  endfacet
  facet normal 0 0 1
    outer loop
      vertex 90.6274 28.1656 7.5
      vertex 91.8283 28.7256 7.5
      vertex 91.7115 28.95 7.5
    endloop
  endfacet
  facet normal 0 0 1
    outer loop
      vertex 92.0559 26.9964 7.5
      vertex 90.7511 27.2265 7.5
      vertex 92.0012 26.7494 7.5
    endloop
  endfacet
  facet normal 0 0 1
    outer loop
      vertex 90.564 28.2875 7.5
      vertex 91.7115 28.95 7.5
      vertex 91.5755 29.1634 7.5
    endloop
  endfacet
  facet normal -0 0 1
    outer loop
      vertex 90.7213 27.0924 7.5
      vertex 92.0012 26.7494 7.5
      vertex 90.7511 27.2265 7.5
    endloop
  endfacet
  facet normal 0 0 1
    outer loop
      vertex 90.4902 28.4034 7.5
      vertex 91.5755 29.1634 7.5
      vertex 91.4215 29.3641 7.5
    endloop
  endfacet
  facet normal 0 0 1
    outer loop
      vertex 92.0012 26.7494 7.5
      vertex 90.7213 27.0924 7.5
      vertex 91.9251 26.5081 7.5
    endloop
  endfacet
  facet normal 0 0 1
    outer loop
      vertex 90.4065 28.5124 7.5
      vertex 91.4215 29.3641 7.5
      vertex 91.2506 29.5506 7.5
    endloop
  endfacet
  facet normal -0 0 1
    outer loop
      vertex 90.68 26.9613 7.5
      vertex 91.9251 26.5081 7.5
      vertex 90.7213 27.0924 7.5
    endloop
  endfacet
  facet normal 0 0 1
    outer loop
      vertex 90.3137 28.6137 7.5
      vertex 91.2506 29.5506 7.5
      vertex 91.0641 29.7215 7.5
    endloop
  endfacet
  facet normal 0 0 1
    outer loop
      vertex 91.9251 26.5081 7.5
      vertex 90.68 26.9613 7.5
      vertex 91.8283 26.2744 7.5
    endloop
  endfacet
  facet normal 0 0 1
    outer loop
      vertex 90.2124 28.7065 7.5
      vertex 91.0641 29.7215 7.5
      vertex 90.8634 29.8755 7.5
    endloop
  endfacet
  facet normal -0 0 1
    outer loop
      vertex 90.6274 26.8344 7.5
      vertex 91.8283 26.2744 7.5
      vertex 90.68 26.9613 7.5
    endloop
  endfacet
  facet normal 0 0 1
    outer loop
      vertex 91.8283 26.2744 7.5
      vertex 90.6274 26.8344 7.5
      vertex 91.7115 26.05 7.5
    endloop
  endfacet
  facet normal 0 0 1
    outer loop
      vertex 92.089 27.7528 7.5
      vertex 90.769 27.6373 7.5
      vertex 90.775 27.5 7.5
    endloop
  endfacet
  facet normal 0 0 1
    outer loop
      vertex 92.0559 28.0036 7.5
      vertex 90.7511 27.7735 7.5
      vertex 90.769 27.6373 7.5
    endloop
  endfacet
  facet normal 0 0 1
    outer loop
      vertex 92.0012 28.2506 7.5
      vertex 90.7213 27.9076 7.5
      vertex 90.7511 27.7735 7.5
    endloop
  endfacet
  facet normal 0 0 1
    outer loop
      vertex 91.9251 28.4919 7.5
      vertex 90.68 28.0387 7.5
      vertex 90.7213 27.9076 7.5
    endloop
  endfacet
  facet normal 0 0 1
    outer loop
      vertex 90.1034 28.7902 7.5
      vertex 90.8634 29.8755 7.5
      vertex 90.65 30.0115 7.5
    endloop
  endfacet
  facet normal 0 0 1
    outer loop
      vertex 91.8283 28.7256 7.5
      vertex 90.6274 28.1656 7.5
      vertex 90.68 28.0387 7.5
    endloop
  endfacet
  facet normal 0 0 1
    outer loop
      vertex 91.7115 28.95 7.5
      vertex 90.564 28.2875 7.5
      vertex 90.6274 28.1656 7.5
    endloop
  endfacet
  facet normal 0 0 1
    outer loop
      vertex 91.5755 29.1634 7.5
      vertex 90.4902 28.4034 7.5
      vertex 90.564 28.2875 7.5
    endloop
  endfacet
  facet normal 0 0 1
    outer loop
      vertex 89.9875 28.864 7.5
      vertex 90.65 30.0115 7.5
      vertex 90.4256 30.1283 7.5
    endloop
  endfacet
  facet normal 0 0 1
    outer loop
      vertex 91.4215 29.3641 7.5
      vertex 90.4065 28.5124 7.5
      vertex 90.4902 28.4034 7.5
    endloop
  endfacet
  facet normal 0 0 1
    outer loop
      vertex 91.2506 29.5506 7.5
      vertex 90.3137 28.6137 7.5
      vertex 90.4065 28.5124 7.5
    endloop
  endfacet
  facet normal 0 0 1
    outer loop
      vertex 91.0641 29.7215 7.5
      vertex 90.2124 28.7065 7.5
      vertex 90.3137 28.6137 7.5
    endloop
  endfacet
  facet normal 0 0 1
    outer loop
      vertex 89.8656 28.9274 7.5
      vertex 90.4256 30.1283 7.5
      vertex 90.1919 30.2251 7.5
    endloop
  endfacet
  facet normal 0 0 1
    outer loop
      vertex 90.8634 29.8755 7.5
      vertex 90.1034 28.7902 7.5
      vertex 90.2124 28.7065 7.5
    endloop
  endfacet
  facet normal 0 0 1
    outer loop
      vertex 90.65 30.0115 7.5
      vertex 89.9875 28.864 7.5
      vertex 90.1034 28.7902 7.5
    endloop
  endfacet
  facet normal 0 0 1
    outer loop
      vertex 89.7387 28.98 7.5
      vertex 90.1919 30.2251 7.5
      vertex 89.9506 30.3012 7.5
    endloop
  endfacet
  facet normal 0 0 1
    outer loop
      vertex 90.4256 30.1283 7.5
      vertex 89.8656 28.9274 7.5
      vertex 89.9875 28.864 7.5
    endloop
  endfacet
  facet normal 0 0 1
    outer loop
      vertex 90.1919 30.2251 7.5
      vertex 89.7387 28.98 7.5
      vertex 89.8656 28.9274 7.5
    endloop
  endfacet
  facet normal 0 0 1
    outer loop
      vertex 89.6076 29.0213 7.5
      vertex 89.9506 30.3012 7.5
      vertex 89.7036 30.3559 7.5
    endloop
  endfacet
  facet normal 0 0 1
    outer loop
      vertex 89.9506 30.3012 7.5
      vertex 89.6076 29.0213 7.5
      vertex 89.7387 28.98 7.5
    endloop
  endfacet
  facet normal 0 0 1
    outer loop
      vertex 89.7036 30.3559 7.5
      vertex 89.4735 29.0511 7.5
      vertex 89.6076 29.0213 7.5
    endloop
  endfacet
  facet normal 0 0 1
    outer loop
      vertex 89.4528 30.389 7.5
      vertex 89.4735 29.0511 7.5
      vertex 89.7036 30.3559 7.5
    endloop
  endfacet
  facet normal 0 0 1
    outer loop
      vertex 89.4528 30.389 7.5
      vertex 89.3373 29.069 7.5
      vertex 89.4735 29.0511 7.5
    endloop
  endfacet
  facet normal 0 0 1
    outer loop
      vertex 89.2 30.4 7.5
      vertex 89.3373 29.069 7.5
      vertex 89.4528 30.389 7.5
    endloop
  endfacet
  facet normal 0 0 1
    outer loop
      vertex 89.2 30.4 7.5
      vertex 89.2 29.075 7.5
      vertex 89.3373 29.069 7.5
    endloop
  endfacet
  facet normal 0 0 1
    outer loop
      vertex 89.2 30.4 7.5
      vertex 89.0627 29.069 7.5
      vertex 89.2 29.075 7.5
    endloop
  endfacet
  facet normal -0 0 1
    outer loop
      vertex 88.9473 30.389 7.5
      vertex 89.0627 29.069 7.5
      vertex 89.2 30.4 7.5
    endloop
  endfacet
  facet normal 0 0 1
    outer loop
      vertex 88.9473 30.389 7.5
      vertex 88.9265 29.0511 7.5
      vertex 89.0627 29.069 7.5
    endloop
  endfacet
  facet normal -0 0 1
    outer loop
      vertex 88.6964 30.3559 7.5
      vertex 88.9265 29.0511 7.5
      vertex 88.9473 30.389 7.5
    endloop
  endfacet
  facet normal 0 0 1
    outer loop
      vertex 88.9265 29.0511 7.5
      vertex 88.6964 30.3559 7.5
      vertex 88.7924 29.0213 7.5
    endloop
  endfacet
  facet normal -0 0 1
    outer loop
      vertex 88.4494 30.3012 7.5
      vertex 88.7924 29.0213 7.5
      vertex 88.6964 30.3559 7.5
    endloop
  endfacet
  facet normal 0 0 1
    outer loop
      vertex 88.7924 29.0213 7.5
      vertex 88.4494 30.3012 7.5
      vertex 88.6613 28.98 7.5
    endloop
  endfacet
  facet normal -0 0 1
    outer loop
      vertex 88.2081 30.2251 7.5
      vertex 88.6613 28.98 7.5
      vertex 88.4494 30.3012 7.5
    endloop
  endfacet
  facet normal 0 0 1
    outer loop
      vertex 88.6613 28.98 7.5
      vertex 88.2081 30.2251 7.5
      vertex 88.5344 28.9274 7.5
    endloop
  endfacet
  facet normal -0 0 1
    outer loop
      vertex 87.9744 30.1283 7.5
      vertex 88.5344 28.9274 7.5
      vertex 88.2081 30.2251 7.5
    endloop
  endfacet
  facet normal 0 0 1
    outer loop
      vertex 88.5344 28.9274 7.5
      vertex 87.9744 30.1283 7.5
      vertex 88.4125 28.864 7.5
    endloop
  endfacet
  facet normal -0 0 1
    outer loop
      vertex 87.75 30.0115 7.5
      vertex 88.4125 28.864 7.5
      vertex 87.9744 30.1283 7.5
    endloop
  endfacet
  facet normal 0 0 1
    outer loop
      vertex 88.4125 28.864 7.5
      vertex 87.75 30.0115 7.5
      vertex 88.2966 28.7902 7.5
    endloop
  endfacet
  facet normal -0 0 1
    outer loop
      vertex 87.5366 29.8755 7.5
      vertex 88.2966 28.7902 7.5
      vertex 87.75 30.0115 7.5
    endloop
  endfacet
  facet normal 0 0 1
    outer loop
      vertex 88.2966 28.7902 7.5
      vertex 87.5366 29.8755 7.5
      vertex 88.1876 28.7065 7.5
    endloop
  endfacet
  facet normal -0 0 1
    outer loop
      vertex 87.3359 29.7215 7.5
      vertex 88.1876 28.7065 7.5
      vertex 87.5366 29.8755 7.5
    endloop
  endfacet
  facet normal 0 0 1
    outer loop
      vertex 88.1876 28.7065 7.5
      vertex 87.3359 29.7215 7.5
      vertex 88.0863 28.6137 7.5
    endloop
  endfacet
  facet normal -0 0 1
    outer loop
      vertex 87.1494 29.5506 7.5
      vertex 88.0863 28.6137 7.5
      vertex 87.3359 29.7215 7.5
    endloop
  endfacet
  facet normal 0 0 1
    outer loop
      vertex 88.0863 28.6137 7.5
      vertex 87.1494 29.5506 7.5
      vertex 87.9935 28.5124 7.5
    endloop
  endfacet
  facet normal -0 0 1
    outer loop
      vertex 86.9785 29.3641 7.5
      vertex 87.9935 28.5124 7.5
      vertex 87.1494 29.5506 7.5
    endloop
  endfacet
  facet normal 0 0 1
    outer loop
      vertex 87.9935 28.5124 7.5
      vertex 86.9785 29.3641 7.5
      vertex 87.9098 28.4034 7.5
    endloop
  endfacet
  facet normal -0 0 1
    outer loop
      vertex 86.8245 29.1634 7.5
      vertex 87.9098 28.4034 7.5
      vertex 86.9785 29.3641 7.5
    endloop
  endfacet
  facet normal 0 0 1
    outer loop
      vertex 87.9098 28.4034 7.5
      vertex 86.8245 29.1634 7.5
      vertex 87.836 28.2875 7.5
    endloop
  endfacet
  facet normal 0 0 1
    outer loop
      vertex 87.836 28.2875 7.5
      vertex 86.6885 28.95 7.5
      vertex 87.7726 28.1656 7.5
    endloop
  endfacet
  facet normal -0 0 1
    outer loop
      vertex 86.6885 28.95 7.5
      vertex 87.836 28.2875 7.5
      vertex 86.8245 29.1634 7.5
    endloop
  endfacet
  facet normal -0 0 1
    outer loop
      vertex 90.564 26.7125 7.5
      vertex 91.7115 26.05 7.5
      vertex 90.6274 26.8344 7.5
    endloop
  endfacet
  facet normal 0 0 1
    outer loop
      vertex 91.7115 26.05 7.5
      vertex 90.564 26.7125 7.5
      vertex 91.5755 25.8366 7.5
    endloop
  endfacet
  facet normal -0 0 1
    outer loop
      vertex 90.4902 26.5966 7.5
      vertex 91.5755 25.8366 7.5
      vertex 90.564 26.7125 7.5
    endloop
  endfacet
  facet normal 0 0 1
    outer loop
      vertex 91.5755 25.8366 7.5
      vertex 90.4902 26.5966 7.5
      vertex 91.4215 25.6359 7.5
    endloop
  endfacet
  facet normal -0 0 1
    outer loop
      vertex 90.4065 26.4876 7.5
      vertex 91.4215 25.6359 7.5
      vertex 90.4902 26.5966 7.5
    endloop
  endfacet
  facet normal 0 0 1
    outer loop
      vertex 91.4215 25.6359 7.5
      vertex 90.4065 26.4876 7.5
      vertex 91.2506 25.4494 7.5
    endloop
  endfacet
  facet normal -0 0 1
    outer loop
      vertex 90.3137 26.3863 7.5
      vertex 91.2506 25.4494 7.5
      vertex 90.4065 26.4876 7.5
    endloop
  endfacet
  facet normal 0 0 1
    outer loop
      vertex 91.2506 25.4494 7.5
      vertex 90.3137 26.3863 7.5
      vertex 91.0641 25.2785 7.5
    endloop
  endfacet
  facet normal -0 0 1
    outer loop
      vertex 90.2124 26.2935 7.5
      vertex 91.0641 25.2785 7.5
      vertex 90.3137 26.3863 7.5
    endloop
  endfacet
  facet normal 0 0 1
    outer loop
      vertex 91.0641 25.2785 7.5
      vertex 90.2124 26.2935 7.5
      vertex 90.8634 25.1245 7.5
    endloop
  endfacet
  facet normal -0 0 1
    outer loop
      vertex 90.1034 26.2098 7.5
      vertex 90.8634 25.1245 7.5
      vertex 90.2124 26.2935 7.5
    endloop
  endfacet
  facet normal 0 0 1
    outer loop
      vertex 90.8634 25.1245 7.5
      vertex 90.1034 26.2098 7.5
      vertex 90.65 24.9885 7.5
    endloop
  endfacet
  facet normal -0 0 1
    outer loop
      vertex 89.9875 26.136 7.5
      vertex 90.65 24.9885 7.5
      vertex 90.1034 26.2098 7.5
    endloop
  endfacet
  facet normal 0 0 1
    outer loop
      vertex 90.65 24.9885 7.5
      vertex 89.9875 26.136 7.5
      vertex 90.4256 24.8717 7.5
    endloop
  endfacet
  facet normal -0 0 1
    outer loop
      vertex 89.8656 26.0726 7.5
      vertex 90.4256 24.8717 7.5
      vertex 89.9875 26.136 7.5
    endloop
  endfacet
  facet normal 0 0 1
    outer loop
      vertex 90.4256 24.8717 7.5
      vertex 89.8656 26.0726 7.5
      vertex 90.1919 24.7749 7.5
    endloop
  endfacet
  facet normal -0 0 1
    outer loop
      vertex 89.7387 26.02 7.5
      vertex 90.1919 24.7749 7.5
      vertex 89.8656 26.0726 7.5
    endloop
  endfacet
  facet normal 0 0 1
    outer loop
      vertex 90.1919 24.7749 7.5
      vertex 89.7387 26.02 7.5
      vertex 89.9506 24.6988 7.5
    endloop
  endfacet
  facet normal -0 0 1
    outer loop
      vertex 89.6076 25.9787 7.5
      vertex 89.9506 24.6988 7.5
      vertex 89.7387 26.02 7.5
    endloop
  endfacet
  facet normal 0 0 1
    outer loop
      vertex 89.9506 24.6988 7.5
      vertex 89.6076 25.9787 7.5
      vertex 89.7036 24.6441 7.5
    endloop
  endfacet
  facet normal -0 0 1
    outer loop
      vertex 89.4735 25.9489 7.5
      vertex 89.7036 24.6441 7.5
      vertex 89.6076 25.9787 7.5
    endloop
  endfacet
  facet normal 0 0 1
    outer loop
      vertex 89.4735 25.9489 7.5
      vertex 89.4528 24.611 7.5
      vertex 89.7036 24.6441 7.5
    endloop
  endfacet
  facet normal -0 0 1
    outer loop
      vertex 89.3373 25.931 7.5
      vertex 89.4528 24.611 7.5
      vertex 89.4735 25.9489 7.5
    endloop
  endfacet
  facet normal -0 0 1
    outer loop
      vertex 89.2 25.925 7.5
      vertex 89.4528 24.611 7.5
      vertex 89.3373 25.931 7.5
    endloop
  endfacet
  facet normal 0 0 1
    outer loop
      vertex 89.2 25.925 7.5
      vertex 89.2 24.6 7.5
      vertex 89.4528 24.611 7.5
    endloop
  endfacet
  facet normal 0 0 1
    outer loop
      vertex 89.0627 25.931 7.5
      vertex 89.2 24.6 7.5
      vertex 89.2 25.925 7.5
    endloop
  endfacet
  facet normal 0 0 1
    outer loop
      vertex 89.0627 25.931 7.5
      vertex 88.9473 24.611 7.5
      vertex 89.2 24.6 7.5
    endloop
  endfacet
  facet normal 0 0 1
    outer loop
      vertex 88.9265 25.9489 7.5
      vertex 88.9473 24.611 7.5
      vertex 89.0627 25.931 7.5
    endloop
  endfacet
  facet normal 0 0 1
    outer loop
      vertex 88.6964 24.6441 7.5
      vertex 88.9265 25.9489 7.5
      vertex 88.7924 25.9787 7.5
    endloop
  endfacet
  facet normal 0 0 1
    outer loop
      vertex 88.9265 25.9489 7.5
      vertex 88.6964 24.6441 7.5
      vertex 88.9473 24.611 7.5
    endloop
  endfacet
  facet normal 0 0 1
    outer loop
      vertex 88.4494 24.6988 7.5
      vertex 88.7924 25.9787 7.5
      vertex 88.6613 26.02 7.5
    endloop
  endfacet
  facet normal 0 0 1
    outer loop
      vertex 88.2081 24.7749 7.5
      vertex 88.6613 26.02 7.5
      vertex 88.5344 26.0726 7.5
    endloop
  endfacet
  facet normal 0 0 1
    outer loop
      vertex 88.7924 25.9787 7.5
      vertex 88.4494 24.6988 7.5
      vertex 88.6964 24.6441 7.5
    endloop
  endfacet
  facet normal 0 0 1
    outer loop
      vertex 87.9744 24.8717 7.5
      vertex 88.5344 26.0726 7.5
      vertex 88.4125 26.136 7.5
    endloop
  endfacet
  facet normal 0 0 1
    outer loop
      vertex 87.75 24.9885 7.5
      vertex 88.4125 26.136 7.5
      vertex 88.2966 26.2098 7.5
    endloop
  endfacet
  facet normal 0 0 1
    outer loop
      vertex 88.6613 26.02 7.5
      vertex 88.2081 24.7749 7.5
      vertex 88.4494 24.6988 7.5
    endloop
  endfacet
  facet normal 0 0 1
    outer loop
      vertex 87.5366 25.1245 7.5
      vertex 88.2966 26.2098 7.5
      vertex 88.1876 26.2935 7.5
    endloop
  endfacet
  facet normal 0 0 1
    outer loop
      vertex 87.3359 25.2785 7.5
      vertex 88.1876 26.2935 7.5
      vertex 88.0863 26.3863 7.5
    endloop
  endfacet
  facet normal 0 0 1
    outer loop
      vertex 87.1494 25.4494 7.5
      vertex 88.0863 26.3863 7.5
      vertex 87.9935 26.4876 7.5
    endloop
  endfacet
  facet normal 0 0 1
    outer loop
      vertex 88.5344 26.0726 7.5
      vertex 87.9744 24.8717 7.5
      vertex 88.2081 24.7749 7.5
    endloop
  endfacet
  facet normal 0 0 1
    outer loop
      vertex 86.9785 25.6359 7.5
      vertex 87.9935 26.4876 7.5
      vertex 87.9098 26.5966 7.5
    endloop
  endfacet
  facet normal 0 0 1
    outer loop
      vertex 86.8245 25.8366 7.5
      vertex 87.9098 26.5966 7.5
      vertex 87.836 26.7125 7.5
    endloop
  endfacet
  facet normal 0 0 1
    outer loop
      vertex 86.6885 26.05 7.5
      vertex 87.836 26.7125 7.5
      vertex 87.7726 26.8344 7.5
    endloop
  endfacet
  facet normal 0 0 1
    outer loop
      vertex 88.4125 26.136 7.5
      vertex 87.75 24.9885 7.5
      vertex 87.9744 24.8717 7.5
    endloop
  endfacet
  facet normal 0 0 1
    outer loop
      vertex 86.5717 26.2744 7.5
      vertex 87.7726 26.8344 7.5
      vertex 87.72 26.9613 7.5
    endloop
  endfacet
  facet normal 0 0 1
    outer loop
      vertex 86.4749 26.5081 7.5
      vertex 87.72 26.9613 7.5
      vertex 87.6787 27.0924 7.5
    endloop
  endfacet
  facet normal 0 0 1
    outer loop
      vertex 86.3988 26.7494 7.5
      vertex 87.6787 27.0924 7.5
      vertex 87.6489 27.2265 7.5
    endloop
  endfacet
  facet normal 0 0 1
    outer loop
      vertex 86.3441 26.9964 7.5
      vertex 87.6489 27.2265 7.5
      vertex 87.631 27.3627 7.5
    endloop
  endfacet
  facet normal 0 0 1
    outer loop
      vertex 88.2966 26.2098 7.5
      vertex 87.5366 25.1245 7.5
      vertex 87.75 24.9885 7.5
    endloop
  endfacet
  facet normal 0 0 1
    outer loop
      vertex 86.311 27.2472 7.5
      vertex 87.631 27.3627 7.5
      vertex 87.625 27.5 7.5
    endloop
  endfacet
  facet normal -0 0 1
    outer loop
      vertex 86.5717 28.7256 7.5
      vertex 87.7726 28.1656 7.5
      vertex 86.6885 28.95 7.5
    endloop
  endfacet
  facet normal 0 0 1
    outer loop
      vertex 87.7726 28.1656 7.5
      vertex 86.5717 28.7256 7.5
      vertex 87.72 28.0387 7.5
    endloop
  endfacet
  facet normal 0 0 1
    outer loop
      vertex 88.1876 26.2935 7.5
      vertex 87.3359 25.2785 7.5
      vertex 87.5366 25.1245 7.5
    endloop
  endfacet
  facet normal -0 0 1
    outer loop
      vertex 86.4749 28.4919 7.5
      vertex 87.72 28.0387 7.5
      vertex 86.5717 28.7256 7.5
    endloop
  endfacet
  facet normal 0 0 1
    outer loop
      vertex 88.0863 26.3863 7.5
      vertex 87.1494 25.4494 7.5
      vertex 87.3359 25.2785 7.5
    endloop
  endfacet
  facet normal 0 0 1
    outer loop
      vertex 87.72 28.0387 7.5
      vertex 86.4749 28.4919 7.5
      vertex 87.6787 27.9076 7.5
    endloop
  endfacet
  facet normal 0 0 1
    outer loop
      vertex 87.9935 26.4876 7.5
      vertex 86.9785 25.6359 7.5
      vertex 87.1494 25.4494 7.5
    endloop
  endfacet
  facet normal -0 0 1
    outer loop
      vertex 86.3988 28.2506 7.5
      vertex 87.6787 27.9076 7.5
      vertex 86.4749 28.4919 7.5
    endloop
  endfacet
  facet normal 0 0 1
    outer loop
      vertex 87.9098 26.5966 7.5
      vertex 86.8245 25.8366 7.5
      vertex 86.9785 25.6359 7.5
    endloop
  endfacet
  facet normal 0 0 1
    outer loop
      vertex 87.6787 27.9076 7.5
      vertex 86.3988 28.2506 7.5
      vertex 87.6489 27.7735 7.5
    endloop
  endfacet
  facet normal 0 0 1
    outer loop
      vertex 87.836 26.7125 7.5
      vertex 86.6885 26.05 7.5
      vertex 86.8245 25.8366 7.5
    endloop
  endfacet
  facet normal -0 0 1
    outer loop
      vertex 86.3441 28.0036 7.5
      vertex 87.6489 27.7735 7.5
      vertex 86.3988 28.2506 7.5
    endloop
  endfacet
  facet normal 0 0 1
    outer loop
      vertex 87.7726 26.8344 7.5
      vertex 86.5717 26.2744 7.5
      vertex 86.6885 26.05 7.5
    endloop
  endfacet
  facet normal 0 0 1
    outer loop
      vertex 87.6489 27.7735 7.5
      vertex 86.3441 28.0036 7.5
      vertex 87.631 27.6373 7.5
    endloop
  endfacet
  facet normal 0 0 1
    outer loop
      vertex 87.72 26.9613 7.5
      vertex 86.4749 26.5081 7.5
      vertex 86.5717 26.2744 7.5
    endloop
  endfacet
  facet normal -0 0 1
    outer loop
      vertex 86.311 27.7528 7.5
      vertex 87.631 27.6373 7.5
      vertex 86.3441 28.0036 7.5
    endloop
  endfacet
  facet normal 0 0 1
    outer loop
      vertex 87.6787 27.0924 7.5
      vertex 86.3988 26.7494 7.5
      vertex 86.4749 26.5081 7.5
    endloop
  endfacet
  facet normal 0 0 1
    outer loop
      vertex 87.631 27.6373 7.5
      vertex 86.311 27.7528 7.5
      vertex 87.625 27.5 7.5
    endloop
  endfacet
  facet normal 0 0 1
    outer loop
      vertex 87.6489 27.2265 7.5
      vertex 86.3441 26.9964 7.5
      vertex 86.3988 26.7494 7.5
    endloop
  endfacet
  facet normal 0 0 1
    outer loop
      vertex 86.3 27.5 7.5
      vertex 87.625 27.5 7.5
      vertex 86.311 27.7528 7.5
    endloop
  endfacet
  facet normal 0 0 1
    outer loop
      vertex 87.631 27.3627 7.5
      vertex 86.311 27.2472 7.5
      vertex 86.3441 26.9964 7.5
    endloop
  endfacet
  facet normal 0 0 1
    outer loop
      vertex 87.625 27.5 7.5
      vertex 86.3 27.5 7.5
      vertex 86.311 27.2472 7.5
    endloop
  endfacet
  facet normal -0.843303 -0.537438 0
    outer loop
      vertex 86.8245 25.8366 2.5
      vertex 86.6885 26.05 7.5
      vertex 86.6885 26.05 2.5
    endloop
  endfacet
  facet normal -0.843303 -0.537438 0
    outer loop
      vertex 86.6885 26.05 7.5
      vertex 86.8245 25.8366 2.5
      vertex 86.8245 25.8366 7.5
    endloop
  endfacet
  facet normal -0.999055 -0.0434715 0
    outer loop
      vertex 86.311 27.2472 2.5
      vertex 86.3 27.5 7.5
      vertex 86.3 27.5 2.5
    endloop
  endfacet
  facet normal -0.999055 -0.0434715 0
    outer loop
      vertex 86.3 27.5 7.5
      vertex 86.311 27.2472 2.5
      vertex 86.311 27.2472 7.5
    endloop
  endfacet
  facet normal -0.999055 0.0434715 0
    outer loop
      vertex 86.3 27.5 2.5
      vertex 86.311 27.7528 7.5
      vertex 86.311 27.7528 2.5
    endloop
  endfacet
  facet normal -0.999055 0.0434715 0
    outer loop
      vertex 86.311 27.7528 7.5
      vertex 86.3 27.5 2.5
      vertex 86.3 27.5 7.5
    endloop
  endfacet
  facet normal -0.382678 -0.923882 0
    outer loop
      vertex 87.9744 24.8717 2.5
      vertex 88.2081 24.7749 7.5
      vertex 87.9744 24.8717 7.5
    endloop
  endfacet
  facet normal -0.382678 -0.923882 -0
    outer loop
      vertex 88.2081 24.7749 7.5
      vertex 87.9744 24.8717 2.5
      vertex 88.2081 24.7749 2.5
    endloop
  endfacet
  facet normal -0.300772 -0.953696 0
    outer loop
      vertex 88.2081 24.7749 2.5
      vertex 88.4494 24.6988 7.5
      vertex 88.2081 24.7749 7.5
    endloop
  endfacet
  facet normal -0.300772 -0.953696 -0
    outer loop
      vertex 88.4494 24.6988 7.5
      vertex 88.2081 24.7749 2.5
      vertex 88.4494 24.6988 2.5
    endloop
  endfacet
  facet normal 0.382678 0.923882 -0
    outer loop
      vertex 90.4256 30.1283 2.5
      vertex 90.1919 30.2251 7.5
      vertex 90.4256 30.1283 7.5
    endloop
  endfacet
  facet normal 0.382678 0.923882 0
    outer loop
      vertex 90.1919 30.2251 7.5
      vertex 90.4256 30.1283 2.5
      vertex 90.1919 30.2251 2.5
    endloop
  endfacet
  facet normal -0.216219 -0.976345 0
    outer loop
      vertex 88.4494 24.6988 2.5
      vertex 88.6964 24.6441 7.5
      vertex 88.4494 24.6988 7.5
    endloop
  endfacet
  facet normal -0.216219 -0.976345 -0
    outer loop
      vertex 88.6964 24.6441 7.5
      vertex 88.4494 24.6988 2.5
      vertex 88.6964 24.6441 2.5
    endloop
  endfacet
  facet normal 0.675599 -0.737269 0
    outer loop
      vertex 91.0641 25.2785 2.5
      vertex 91.2506 25.4494 7.5
      vertex 91.0641 25.2785 7.5
    endloop
  endfacet
  facet normal 0.675599 -0.737269 0
    outer loop
      vertex 91.2506 25.4494 7.5
      vertex 91.0641 25.2785 2.5
      vertex 91.2506 25.4494 2.5
    endloop
  endfacet
  facet normal 0.608755 -0.793358 0
    outer loop
      vertex 90.8634 25.1245 2.5
      vertex 91.0641 25.2785 7.5
      vertex 90.8634 25.1245 7.5
    endloop
  endfacet
  facet normal 0.608755 -0.793358 0
    outer loop
      vertex 91.0641 25.2785 7.5
      vertex 90.8634 25.1245 2.5
      vertex 91.0641 25.2785 2.5
    endloop
  endfacet
  facet normal 0.130843 0.991403 -0
    outer loop
      vertex 89.7036 30.3559 2.5
      vertex 89.4528 30.389 7.5
      vertex 89.7036 30.3559 7.5
    endloop
  endfacet
  facet normal 0.130843 0.991403 0
    outer loop
      vertex 89.4528 30.389 7.5
      vertex 89.7036 30.3559 2.5
      vertex 89.4528 30.389 2.5
    endloop
  endfacet
  facet normal -0.887036 0.461701 0
    outer loop
      vertex 86.5717 28.7256 2.5
      vertex 86.6885 28.95 7.5
      vertex 86.6885 28.95 2.5
    endloop
  endfacet
  facet normal -0.887036 0.461701 0
    outer loop
      vertex 86.6885 28.95 7.5
      vertex 86.5717 28.7256 2.5
      vertex 86.5717 28.7256 7.5
    endloop
  endfacet
  facet normal 0.923786 -0.382909 0
    outer loop
      vertex 87.72 28.0387 7.5
      vertex 87.7726 28.1656 2.5
      vertex 87.7726 28.1656 7.5
    endloop
  endfacet
  facet normal 0.923786 -0.382909 0
    outer loop
      vertex 87.7726 28.1656 2.5
      vertex 87.72 28.0387 7.5
      vertex 87.72 28.0387 2.5
    endloop
  endfacet
  facet normal -0.999047 -0.0436583 0
    outer loop
      vertex 90.775 27.5 2.5
      vertex 90.769 27.6373 7.5
      vertex 90.769 27.6373 2.5
    endloop
  endfacet
  facet normal -0.999047 -0.0436583 0
    outer loop
      vertex 90.769 27.6373 7.5
      vertex 90.775 27.5 2.5
      vertex 90.775 27.5 7.5
    endloop
  endfacet
  facet normal 0.887181 -0.461421 0
    outer loop
      vertex 87.7726 28.1656 7.5
      vertex 87.836 28.2875 2.5
      vertex 87.836 28.2875 7.5
    endloop
  endfacet
  facet normal 0.887181 -0.461421 0
    outer loop
      vertex 87.836 28.2875 2.5
      vertex 87.7726 28.1656 7.5
      vertex 87.7726 28.1656 2.5
    endloop
  endfacet
  facet normal 0.21693 -0.976187 0
    outer loop
      vertex 88.7924 29.0213 2.5
      vertex 88.9265 29.0511 7.5
      vertex 88.7924 29.0213 7.5
    endloop
  endfacet
  facet normal 0.21693 -0.976187 0
    outer loop
      vertex 88.9265 29.0511 7.5
      vertex 88.7924 29.0213 2.5
      vertex 88.9265 29.0511 2.5
    endloop
  endfacet
  facet normal -0.991474 -0.130304 0
    outer loop
      vertex 90.769 27.6373 2.5
      vertex 90.7511 27.7735 7.5
      vertex 90.7511 27.7735 2.5
    endloop
  endfacet
  facet normal -0.991474 -0.130304 0
    outer loop
      vertex 90.7511 27.7735 7.5
      vertex 90.769 27.6373 2.5
      vertex 90.769 27.6373 7.5
    endloop
  endfacet
  facet normal 0.130304 0.991474 -0
    outer loop
      vertex 89.0627 25.931 2.5
      vertex 88.9265 25.9489 7.5
      vertex 89.0627 25.931 7.5
    endloop
  endfacet
  facet normal 0.130304 0.991474 0
    outer loop
      vertex 88.9265 25.9489 7.5
      vertex 89.0627 25.931 2.5
      vertex 88.9265 25.9489 2.5
    endloop
  endfacet
  facet normal -0.382909 0.923786 0
    outer loop
      vertex 89.8656 26.0726 2.5
      vertex 89.7387 26.02 7.5
      vertex 89.8656 26.0726 7.5
    endloop
  endfacet
  facet normal -0.382909 0.923786 0
    outer loop
      vertex 89.7387 26.02 7.5
      vertex 89.8656 26.0726 2.5
      vertex 89.7387 26.02 2.5
    endloop
  endfacet
  facet normal -0.461421 -0.887181 0
    outer loop
      vertex 89.8656 28.9274 2.5
      vertex 89.9875 28.864 7.5
      vertex 89.8656 28.9274 7.5
    endloop
  endfacet
  facet normal -0.461421 -0.887181 -0
    outer loop
      vertex 89.9875 28.864 7.5
      vertex 89.8656 28.9274 2.5
      vertex 89.9875 28.864 2.5
    endloop
  endfacet
  facet normal -0.0436583 -0.999047 0
    outer loop
      vertex 89.2 29.075 2.5
      vertex 89.3373 29.069 7.5
      vertex 89.2 29.075 7.5
    endloop
  endfacet
  facet normal -0.0436583 -0.999047 -0
    outer loop
      vertex 89.3373 29.069 7.5
      vertex 89.2 29.075 2.5
      vertex 89.3373 29.069 2.5
    endloop
  endfacet
  facet normal -0.537111 0.843512 0
    outer loop
      vertex 90.1034 26.2098 2.5
      vertex 89.9875 26.136 7.5
      vertex 90.1034 26.2098 7.5
    endloop
  endfacet
  facet normal -0.537111 0.843512 0
    outer loop
      vertex 89.9875 26.136 7.5
      vertex 90.1034 26.2098 2.5
      vertex 89.9875 26.136 2.5
    endloop
  endfacet
  facet normal -0.999047 0.0436583 0
    outer loop
      vertex 90.769 27.3627 2.5
      vertex 90.775 27.5 7.5
      vertex 90.775 27.5 2.5
    endloop
  endfacet
  facet normal -0.999047 0.0436583 0
    outer loop
      vertex 90.775 27.5 7.5
      vertex 90.769 27.3627 2.5
      vertex 90.769 27.3627 7.5
    endloop
  endfacet
  facet normal 0.21693 0.976187 -0
    outer loop
      vertex 88.9265 25.9489 2.5
      vertex 88.7924 25.9787 7.5
      vertex 88.9265 25.9489 7.5
    endloop
  endfacet
  facet normal 0.21693 0.976187 0
    outer loop
      vertex 88.7924 25.9787 7.5
      vertex 88.9265 25.9489 2.5
      vertex 88.7924 25.9787 2.5
    endloop
  endfacet
  facet normal 0.953791 0.30047 0
    outer loop
      vertex 87.72 26.9613 7.5
      vertex 87.6787 27.0924 2.5
      vertex 87.6787 27.0924 7.5
    endloop
  endfacet
  facet normal 0.953791 0.30047 0
    outer loop
      vertex 87.6787 27.0924 2.5
      vertex 87.72 26.9613 7.5
      vertex 87.72 26.9613 2.5
    endloop
  endfacet
  facet normal 0.999047 -0.0436583 0
    outer loop
      vertex 87.625 27.5 7.5
      vertex 87.631 27.6373 2.5
      vertex 87.631 27.6373 7.5
    endloop
  endfacet
  facet normal 0.999047 -0.0436583 0
    outer loop
      vertex 87.631 27.6373 2.5
      vertex 87.625 27.5 7.5
      vertex 87.625 27.5 2.5
    endloop
  endfacet
  facet normal -0.793138 -0.609042 0
    outer loop
      vertex 90.4902 28.4034 2.5
      vertex 90.4065 28.5124 7.5
      vertex 90.4065 28.5124 2.5
    endloop
  endfacet
  facet normal -0.793138 -0.609042 0
    outer loop
      vertex 90.4065 28.5124 7.5
      vertex 90.4902 28.4034 2.5
      vertex 90.4902 28.4034 7.5
    endloop
  endfacet
  facet normal -0.537111 -0.843512 0
    outer loop
      vertex 89.9875 28.864 2.5
      vertex 90.1034 28.7902 7.5
      vertex 89.9875 28.864 7.5
    endloop
  endfacet
  facet normal -0.537111 -0.843512 -0
    outer loop
      vertex 90.1034 28.7902 7.5
      vertex 89.9875 28.864 2.5
      vertex 90.1034 28.7902 2.5
    endloop
  endfacet
  facet normal -0.976187 -0.21693 0
    outer loop
      vertex 90.7511 27.7735 2.5
      vertex 90.7213 27.9076 7.5
      vertex 90.7213 27.9076 2.5
    endloop
  endfacet
  facet normal -0.976187 -0.21693 0
    outer loop
      vertex 90.7213 27.9076 7.5
      vertex 90.7511 27.7735 2.5
      vertex 90.7511 27.7735 7.5
    endloop
  endfacet
  facet normal -0.953791 0.30047 0
    outer loop
      vertex 90.68 26.9613 2.5
      vertex 90.7213 27.0924 7.5
      vertex 90.7213 27.0924 2.5
    endloop
  endfacet
  facet normal -0.953791 0.30047 0
    outer loop
      vertex 90.7213 27.0924 7.5
      vertex 90.68 26.9613 2.5
      vertex 90.68 26.9613 7.5
    endloop
  endfacet
  facet normal -0.30047 0.953791 0
    outer loop
      vertex 89.7387 26.02 2.5
      vertex 89.6076 25.9787 7.5
      vertex 89.7387 26.02 7.5
    endloop
  endfacet
  facet normal -0.30047 0.953791 0
    outer loop
      vertex 89.6076 25.9787 7.5
      vertex 89.7387 26.02 2.5
      vertex 89.6076 25.9787 2.5
    endloop
  endfacet
  facet normal 0.130304 -0.991474 0
    outer loop
      vertex 88.9265 29.0511 2.5
      vertex 89.0627 29.069 7.5
      vertex 88.9265 29.0511 7.5
    endloop
  endfacet
  facet normal 0.130304 -0.991474 0
    outer loop
      vertex 89.0627 29.069 7.5
      vertex 88.9265 29.0511 2.5
      vertex 89.0627 29.069 2.5
    endloop
  endfacet
  facet normal 0.923786 0.382909 0
    outer loop
      vertex 87.7726 26.8344 7.5
      vertex 87.72 26.9613 2.5
      vertex 87.72 26.9613 7.5
    endloop
  endfacet
  facet normal 0.923786 0.382909 0
    outer loop
      vertex 87.72 26.9613 2.5
      vertex 87.7726 26.8344 7.5
      vertex 87.7726 26.8344 2.5
    endloop
  endfacet
  facet normal 0.461421 -0.887181 0
    outer loop
      vertex 88.4125 28.864 2.5
      vertex 88.5344 28.9274 7.5
      vertex 88.4125 28.864 7.5
    endloop
  endfacet
  facet normal 0.461421 -0.887181 0
    outer loop
      vertex 88.5344 28.9274 7.5
      vertex 88.4125 28.864 2.5
      vertex 88.5344 28.9274 2.5
    endloop
  endfacet
  facet normal -0.130304 -0.991474 0
    outer loop
      vertex 89.3373 29.069 2.5
      vertex 89.4735 29.0511 7.5
      vertex 89.3373 29.069 7.5
    endloop
  endfacet
  facet normal -0.130304 -0.991474 -0
    outer loop
      vertex 89.4735 29.0511 7.5
      vertex 89.3373 29.069 2.5
      vertex 89.4735 29.0511 2.5
    endloop
  endfacet
  facet normal -0.130304 0.991474 0
    outer loop
      vertex 89.4735 25.9489 2.5
      vertex 89.3373 25.931 7.5
      vertex 89.4735 25.9489 7.5
    endloop
  endfacet
  facet normal -0.130304 0.991474 0
    outer loop
      vertex 89.3373 25.931 7.5
      vertex 89.4735 25.9489 2.5
      vertex 89.3373 25.931 2.5
    endloop
  endfacet
  facet normal 0.537111 -0.843512 0
    outer loop
      vertex 88.2966 28.7902 2.5
      vertex 88.4125 28.864 7.5
      vertex 88.2966 28.7902 7.5
    endloop
  endfacet
  facet normal 0.537111 -0.843512 0
    outer loop
      vertex 88.4125 28.864 7.5
      vertex 88.2966 28.7902 2.5
      vertex 88.4125 28.864 2.5
    endloop
  endfacet
  facet normal 0.609042 -0.793138 0
    outer loop
      vertex 88.1876 28.7065 2.5
      vertex 88.2966 28.7902 7.5
      vertex 88.1876 28.7065 7.5
    endloop
  endfacet
  facet normal 0.609042 -0.793138 0
    outer loop
      vertex 88.2966 28.7902 7.5
      vertex 88.1876 28.7065 2.5
      vertex 88.2966 28.7902 2.5
    endloop
  endfacet
  facet normal 0.382909 0.923786 -0
    outer loop
      vertex 88.6613 26.02 2.5
      vertex 88.5344 26.0726 7.5
      vertex 88.6613 26.02 7.5
    endloop
  endfacet
  facet normal 0.382909 0.923786 0
    outer loop
      vertex 88.5344 26.0726 7.5
      vertex 88.6613 26.02 2.5
      vertex 88.5344 26.0726 2.5
    endloop
  endfacet
  facet normal -0.976187 0.21693 0
    outer loop
      vertex 90.7213 27.0924 2.5
      vertex 90.7511 27.2265 7.5
      vertex 90.7511 27.2265 2.5
    endloop
  endfacet
  facet normal -0.976187 0.21693 0
    outer loop
      vertex 90.7511 27.2265 7.5
      vertex 90.7213 27.0924 2.5
      vertex 90.7213 27.0924 7.5
    endloop
  endfacet
  facet normal -0.843512 0.537111 0
    outer loop
      vertex 90.4902 26.5966 2.5
      vertex 90.564 26.7125 7.5
      vertex 90.564 26.7125 2.5
    endloop
  endfacet
  facet normal -0.843512 0.537111 0
    outer loop
      vertex 90.564 26.7125 7.5
      vertex 90.4902 26.5966 2.5
      vertex 90.4902 26.5966 7.5
    endloop
  endfacet
  facet normal -0.843512 -0.537111 0
    outer loop
      vertex 90.564 28.2875 2.5
      vertex 90.4902 28.4034 7.5
      vertex 90.4902 28.4034 2.5
    endloop
  endfacet
  facet normal -0.843512 -0.537111 0
    outer loop
      vertex 90.4902 28.4034 7.5
      vertex 90.564 28.2875 2.5
      vertex 90.564 28.2875 7.5
    endloop
  endfacet
  facet normal -0.887181 -0.461421 0
    outer loop
      vertex 90.6274 28.1656 2.5
      vertex 90.564 28.2875 7.5
      vertex 90.564 28.2875 2.5
    endloop
  endfacet
  facet normal -0.887181 -0.461421 0
    outer loop
      vertex 90.564 28.2875 7.5
      vertex 90.6274 28.1656 2.5
      vertex 90.6274 28.1656 7.5
    endloop
  endfacet
  facet normal 0.30047 -0.953791 0
    outer loop
      vertex 88.6613 28.98 2.5
      vertex 88.7924 29.0213 7.5
      vertex 88.6613 28.98 7.5
    endloop
  endfacet
  facet normal 0.30047 -0.953791 0
    outer loop
      vertex 88.7924 29.0213 7.5
      vertex 88.6613 28.98 2.5
      vertex 88.7924 29.0213 2.5
    endloop
  endfacet
  facet normal -0.793138 0.609042 0
    outer loop
      vertex 90.4065 26.4876 2.5
      vertex 90.4902 26.5966 7.5
      vertex 90.4902 26.5966 2.5
    endloop
  endfacet
  facet normal -0.793138 0.609042 0
    outer loop
      vertex 90.4902 26.5966 7.5
      vertex 90.4065 26.4876 2.5
      vertex 90.4065 26.4876 7.5
    endloop
  endfacet
  facet normal 0.537111 0.843512 -0
    outer loop
      vertex 88.4125 26.136 2.5
      vertex 88.2966 26.2098 7.5
      vertex 88.4125 26.136 7.5
    endloop
  endfacet
  facet normal 0.537111 0.843512 0
    outer loop
      vertex 88.2966 26.2098 7.5
      vertex 88.4125 26.136 2.5
      vertex 88.2966 26.2098 2.5
    endloop
  endfacet
  facet normal 0.382909 -0.923786 0
    outer loop
      vertex 88.5344 28.9274 2.5
      vertex 88.6613 28.98 7.5
      vertex 88.5344 28.9274 7.5
    endloop
  endfacet
  facet normal 0.382909 -0.923786 0
    outer loop
      vertex 88.6613 28.98 7.5
      vertex 88.5344 28.9274 2.5
      vertex 88.6613 28.98 2.5
    endloop
  endfacet
  facet normal -0.923786 -0.382909 0
    outer loop
      vertex 90.68 28.0387 2.5
      vertex 90.6274 28.1656 7.5
      vertex 90.6274 28.1656 2.5
    endloop
  endfacet
  facet normal -0.923786 -0.382909 0
    outer loop
      vertex 90.6274 28.1656 7.5
      vertex 90.68 28.0387 2.5
      vertex 90.68 28.0387 7.5
    endloop
  endfacet
  facet normal 0.991474 0.130304 0
    outer loop
      vertex 87.6489 27.2265 7.5
      vertex 87.631 27.3627 2.5
      vertex 87.631 27.3627 7.5
    endloop
  endfacet
  facet normal 0.991474 0.130304 0
    outer loop
      vertex 87.631 27.3627 2.5
      vertex 87.6489 27.2265 7.5
      vertex 87.6489 27.2265 2.5
    endloop
  endfacet
  facet normal 0.991474 -0.130304 0
    outer loop
      vertex 87.631 27.6373 7.5
      vertex 87.6489 27.7735 2.5
      vertex 87.6489 27.7735 7.5
    endloop
  endfacet
  facet normal 0.991474 -0.130304 0
    outer loop
      vertex 87.6489 27.7735 2.5
      vertex 87.631 27.6373 7.5
      vertex 87.631 27.6373 2.5
    endloop
  endfacet
  facet normal -0.737366 0.675494 0
    outer loop
      vertex 90.3137 26.3863 2.5
      vertex 90.4065 26.4876 7.5
      vertex 90.4065 26.4876 2.5
    endloop
  endfacet
  facet normal -0.737366 0.675494 0
    outer loop
      vertex 90.4065 26.4876 7.5
      vertex 90.3137 26.3863 2.5
      vertex 90.3137 26.3863 7.5
    endloop
  endfacet
  facet normal -0.382909 -0.923786 0
    outer loop
      vertex 89.7387 28.98 2.5
      vertex 89.8656 28.9274 7.5
      vertex 89.7387 28.98 7.5
    endloop
  endfacet
  facet normal -0.382909 -0.923786 -0
    outer loop
      vertex 89.8656 28.9274 7.5
      vertex 89.7387 28.98 2.5
      vertex 89.8656 28.9274 2.5
    endloop
  endfacet
  facet normal -0.0436583 0.999047 0
    outer loop
      vertex 89.3373 25.931 2.5
      vertex 89.2 25.925 7.5
      vertex 89.3373 25.931 7.5
    endloop
  endfacet
  facet normal -0.0436583 0.999047 0
    outer loop
      vertex 89.2 25.925 7.5
      vertex 89.3373 25.931 2.5
      vertex 89.2 25.925 2.5
    endloop
  endfacet
  facet normal -0.30047 -0.953791 0
    outer loop
      vertex 89.6076 29.0213 2.5
      vertex 89.7387 28.98 7.5
      vertex 89.6076 29.0213 7.5
    endloop
  endfacet
  facet normal -0.30047 -0.953791 -0
    outer loop
      vertex 89.7387 28.98 7.5
      vertex 89.6076 29.0213 2.5
      vertex 89.7387 28.98 2.5
    endloop
  endfacet
  facet normal 0.30047 0.953791 -0
    outer loop
      vertex 88.7924 25.9787 2.5
      vertex 88.6613 26.02 7.5
      vertex 88.7924 25.9787 7.5
    endloop
  endfacet
  facet normal 0.30047 0.953791 0
    outer loop
      vertex 88.6613 26.02 7.5
      vertex 88.7924 25.9787 2.5
      vertex 88.6613 26.02 2.5
    endloop
  endfacet
  facet normal 0.737366 -0.675494 0
    outer loop
      vertex 87.9935 28.5124 7.5
      vertex 88.0863 28.6137 2.5
      vertex 88.0863 28.6137 7.5
    endloop
  endfacet
  facet normal 0.737366 -0.675494 0
    outer loop
      vertex 88.0863 28.6137 2.5
      vertex 87.9935 28.5124 7.5
      vertex 87.9935 28.5124 2.5
    endloop
  endfacet
  facet normal 0.0436583 0.999047 -0
    outer loop
      vertex 89.2 25.925 2.5
      vertex 89.0627 25.931 7.5
      vertex 89.2 25.925 7.5
    endloop
  endfacet
  facet normal 0.0436583 0.999047 0
    outer loop
      vertex 89.0627 25.931 7.5
      vertex 89.2 25.925 2.5
      vertex 89.0627 25.931 2.5
    endloop
  endfacet
  facet normal -0.461421 0.887181 0
    outer loop
      vertex 89.9875 26.136 2.5
      vertex 89.8656 26.0726 7.5
      vertex 89.9875 26.136 7.5
    endloop
  endfacet
  facet normal -0.461421 0.887181 0
    outer loop
      vertex 89.8656 26.0726 7.5
      vertex 89.9875 26.136 2.5
      vertex 89.8656 26.0726 2.5
    endloop
  endfacet
  facet normal 0.675494 -0.737366 0
    outer loop
      vertex 88.0863 28.6137 2.5
      vertex 88.1876 28.7065 7.5
      vertex 88.0863 28.6137 7.5
    endloop
  endfacet
  facet normal 0.675494 -0.737366 0
    outer loop
      vertex 88.1876 28.7065 7.5
      vertex 88.0863 28.6137 2.5
      vertex 88.1876 28.7065 2.5
    endloop
  endfacet
  facet normal -0.609042 -0.793138 0
    outer loop
      vertex 90.1034 28.7902 2.5
      vertex 90.2124 28.7065 7.5
      vertex 90.1034 28.7902 7.5
    endloop
  endfacet
  facet normal -0.609042 -0.793138 -0
    outer loop
      vertex 90.2124 28.7065 7.5
      vertex 90.1034 28.7902 2.5
      vertex 90.2124 28.7065 2.5
    endloop
  endfacet
  facet normal 0.887181 0.461421 0
    outer loop
      vertex 87.836 26.7125 7.5
      vertex 87.7726 26.8344 2.5
      vertex 87.7726 26.8344 7.5
    endloop
  endfacet
  facet normal 0.887181 0.461421 0
    outer loop
      vertex 87.7726 26.8344 2.5
      vertex 87.836 26.7125 7.5
      vertex 87.836 26.7125 2.5
    endloop
  endfacet
  facet normal 0.0436583 -0.999047 0
    outer loop
      vertex 89.0627 29.069 2.5
      vertex 89.2 29.075 7.5
      vertex 89.0627 29.069 7.5
    endloop
  endfacet
  facet normal 0.0436583 -0.999047 0
    outer loop
      vertex 89.2 29.075 7.5
      vertex 89.0627 29.069 2.5
      vertex 89.2 29.075 2.5
    endloop
  endfacet
  facet normal 0.999047 0.0436583 0
    outer loop
      vertex 87.631 27.3627 7.5
      vertex 87.625 27.5 2.5
      vertex 87.625 27.5 7.5
    endloop
  endfacet
  facet normal 0.999047 0.0436583 0
    outer loop
      vertex 87.625 27.5 2.5
      vertex 87.631 27.3627 7.5
      vertex 87.631 27.3627 2.5
    endloop
  endfacet
  facet normal -0.737366 -0.675494 0
    outer loop
      vertex 90.4065 28.5124 2.5
      vertex 90.3137 28.6137 7.5
      vertex 90.3137 28.6137 2.5
    endloop
  endfacet
  facet normal -0.737366 -0.675494 0
    outer loop
      vertex 90.3137 28.6137 7.5
      vertex 90.4065 28.5124 2.5
      vertex 90.4065 28.5124 7.5
    endloop
  endfacet
  facet normal -0.675494 -0.737366 0
    outer loop
      vertex 90.2124 28.7065 2.5
      vertex 90.3137 28.6137 7.5
      vertex 90.2124 28.7065 7.5
    endloop
  endfacet
  facet normal -0.675494 -0.737366 -0
    outer loop
      vertex 90.3137 28.6137 7.5
      vertex 90.2124 28.7065 2.5
      vertex 90.3137 28.6137 2.5
    endloop
  endfacet
  facet normal -0.953791 -0.30047 0
    outer loop
      vertex 90.7213 27.9076 2.5
      vertex 90.68 28.0387 7.5
      vertex 90.68 28.0387 2.5
    endloop
  endfacet
  facet normal -0.953791 -0.30047 0
    outer loop
      vertex 90.68 28.0387 7.5
      vertex 90.7213 27.9076 2.5
      vertex 90.7213 27.9076 7.5
    endloop
  endfacet
  facet normal 0.976187 0.21693 0
    outer loop
      vertex 87.6787 27.0924 7.5
      vertex 87.6489 27.2265 2.5
      vertex 87.6489 27.2265 7.5
    endloop
  endfacet
  facet normal 0.976187 0.21693 0
    outer loop
      vertex 87.6489 27.2265 2.5
      vertex 87.6787 27.0924 7.5
      vertex 87.6787 27.0924 2.5
    endloop
  endfacet
  facet normal 0.675494 0.737366 -0
    outer loop
      vertex 88.1876 26.2935 2.5
      vertex 88.0863 26.3863 7.5
      vertex 88.1876 26.2935 7.5
    endloop
  endfacet
  facet normal 0.675494 0.737366 0
    outer loop
      vertex 88.0863 26.3863 7.5
      vertex 88.1876 26.2935 2.5
      vertex 88.0863 26.3863 2.5
    endloop
  endfacet
  facet normal 0.737366 0.675494 0
    outer loop
      vertex 88.0863 26.3863 7.5
      vertex 87.9935 26.4876 2.5
      vertex 87.9935 26.4876 7.5
    endloop
  endfacet
  facet normal 0.737366 0.675494 0
    outer loop
      vertex 87.9935 26.4876 2.5
      vertex 88.0863 26.3863 7.5
      vertex 88.0863 26.3863 2.5
    endloop
  endfacet
  facet normal 0.609042 0.793138 -0
    outer loop
      vertex 88.2966 26.2098 2.5
      vertex 88.1876 26.2935 7.5
      vertex 88.2966 26.2098 7.5
    endloop
  endfacet
  facet normal 0.609042 0.793138 0
    outer loop
      vertex 88.1876 26.2935 7.5
      vertex 88.2966 26.2098 2.5
      vertex 88.1876 26.2935 2.5
    endloop
  endfacet
  facet normal -0.991474 0.130304 0
    outer loop
      vertex 90.7511 27.2265 2.5
      vertex 90.769 27.3627 7.5
      vertex 90.769 27.3627 2.5
    endloop
  endfacet
  facet normal -0.991474 0.130304 0
    outer loop
      vertex 90.769 27.3627 7.5
      vertex 90.7511 27.2265 2.5
      vertex 90.7511 27.2265 7.5
    endloop
  endfacet
  facet normal 0.793138 -0.609042 0
    outer loop
      vertex 87.9098 28.4034 7.5
      vertex 87.9935 28.5124 2.5
      vertex 87.9935 28.5124 7.5
    endloop
  endfacet
  facet normal 0.793138 -0.609042 0
    outer loop
      vertex 87.9935 28.5124 2.5
      vertex 87.9098 28.4034 7.5
      vertex 87.9098 28.4034 2.5
    endloop
  endfacet
  facet normal -0.21693 -0.976187 0
    outer loop
      vertex 89.4735 29.0511 2.5
      vertex 89.6076 29.0213 7.5
      vertex 89.4735 29.0511 7.5
    endloop
  endfacet
  facet normal -0.21693 -0.976187 -0
    outer loop
      vertex 89.6076 29.0213 7.5
      vertex 89.4735 29.0511 2.5
      vertex 89.6076 29.0213 2.5
    endloop
  endfacet
  facet normal 0.461421 0.887181 -0
    outer loop
      vertex 88.5344 26.0726 2.5
      vertex 88.4125 26.136 7.5
      vertex 88.5344 26.0726 7.5
    endloop
  endfacet
  facet normal 0.461421 0.887181 0
    outer loop
      vertex 88.4125 26.136 7.5
      vertex 88.5344 26.0726 2.5
      vertex 88.4125 26.136 2.5
    endloop
  endfacet
  facet normal -0.887181 0.461421 0
    outer loop
      vertex 90.564 26.7125 2.5
      vertex 90.6274 26.8344 7.5
      vertex 90.6274 26.8344 2.5
    endloop
  endfacet
  facet normal -0.887181 0.461421 0
    outer loop
      vertex 90.6274 26.8344 7.5
      vertex 90.564 26.7125 2.5
      vertex 90.564 26.7125 7.5
    endloop
  endfacet
  facet normal -0.923786 0.382909 0
    outer loop
      vertex 90.6274 26.8344 2.5
      vertex 90.68 26.9613 7.5
      vertex 90.68 26.9613 2.5
    endloop
  endfacet
  facet normal -0.923786 0.382909 0
    outer loop
      vertex 90.68 26.9613 7.5
      vertex 90.6274 26.8344 2.5
      vertex 90.6274 26.8344 7.5
    endloop
  endfacet
  facet normal 0.976187 -0.21693 0
    outer loop
      vertex 87.6489 27.7735 7.5
      vertex 87.6787 27.9076 2.5
      vertex 87.6787 27.9076 7.5
    endloop
  endfacet
  facet normal 0.976187 -0.21693 0
    outer loop
      vertex 87.6787 27.9076 2.5
      vertex 87.6489 27.7735 7.5
      vertex 87.6489 27.7735 2.5
    endloop
  endfacet
  facet normal -0.609042 0.793138 0
    outer loop
      vertex 90.2124 26.2935 2.5
      vertex 90.1034 26.2098 7.5
      vertex 90.2124 26.2935 7.5
    endloop
  endfacet
  facet normal -0.609042 0.793138 0
    outer loop
      vertex 90.1034 26.2098 7.5
      vertex 90.2124 26.2935 2.5
      vertex 90.1034 26.2098 2.5
    endloop
  endfacet
  facet normal 0.953791 -0.30047 0
    outer loop
      vertex 87.6787 27.9076 7.5
      vertex 87.72 28.0387 2.5
      vertex 87.72 28.0387 7.5
    endloop
  endfacet
  facet normal 0.953791 -0.30047 0
    outer loop
      vertex 87.72 28.0387 2.5
      vertex 87.6787 27.9076 7.5
      vertex 87.6787 27.9076 2.5
    endloop
  endfacet
  facet normal 0.843512 -0.537111 0
    outer loop
      vertex 87.836 28.2875 7.5
      vertex 87.9098 28.4034 2.5
      vertex 87.9098 28.4034 7.5
    endloop
  endfacet
  facet normal 0.843512 -0.537111 0
    outer loop
      vertex 87.9098 28.4034 2.5
      vertex 87.836 28.2875 7.5
      vertex 87.836 28.2875 2.5
    endloop
  endfacet
  facet normal -0.675494 0.737366 0
    outer loop
      vertex 90.3137 26.3863 2.5
      vertex 90.2124 26.2935 7.5
      vertex 90.3137 26.3863 7.5
    endloop
  endfacet
  facet normal -0.675494 0.737366 0
    outer loop
      vertex 90.2124 26.2935 7.5
      vertex 90.3137 26.3863 2.5
      vertex 90.2124 26.2935 2.5
    endloop
  endfacet
  facet normal 0.843512 0.537111 0
    outer loop
      vertex 87.9098 26.5966 7.5
      vertex 87.836 26.7125 2.5
      vertex 87.836 26.7125 7.5
    endloop
  endfacet
  facet normal 0.843512 0.537111 0
    outer loop
      vertex 87.836 26.7125 2.5
      vertex 87.9098 26.5966 7.5
      vertex 87.9098 26.5966 2.5
    endloop
  endfacet
  facet normal 0.793138 0.609042 0
    outer loop
      vertex 87.9935 26.4876 7.5
      vertex 87.9098 26.5966 2.5
      vertex 87.9098 26.5966 7.5
    endloop
  endfacet
  facet normal 0.793138 0.609042 0
    outer loop
      vertex 87.9098 26.5966 2.5
      vertex 87.9935 26.4876 7.5
      vertex 87.9935 26.4876 2.5
    endloop
  endfacet
  facet normal -0.21693 0.976187 0
    outer loop
      vertex 89.6076 25.9787 2.5
      vertex 89.4735 25.9489 7.5
      vertex 89.6076 25.9787 7.5
    endloop
  endfacet
  facet normal -0.21693 0.976187 0
    outer loop
      vertex 89.4735 25.9489 7.5
      vertex 89.6076 25.9787 2.5
      vertex 89.4735 25.9489 2.5
    endloop
  endfacet
  facet normal 0.737269 -0.675599 0
    outer loop
      vertex 91.2506 73.7494 7.5
      vertex 91.4215 73.9359 2.5
      vertex 91.4215 73.9359 7.5
    endloop
  endfacet
  facet normal 0.737269 -0.675599 0
    outer loop
      vertex 91.4215 73.9359 2.5
      vertex 91.2506 73.7494 7.5
      vertex 91.2506 73.7494 2.5
    endloop
  endfacet
  facet normal 0.99141 0.130792 0
    outer loop
      vertex 92.089 76.0527 7.5
      vertex 92.0559 76.3036 2.5
      vertex 92.0559 76.3036 7.5
    endloop
  endfacet
  facet normal 0.99141 0.130792 0
    outer loop
      vertex 92.0559 76.3036 2.5
      vertex 92.089 76.0527 7.5
      vertex 92.089 76.0527 2.5
    endloop
  endfacet
  facet normal 0.999054 0.0434887 0
    outer loop
      vertex 92.1 75.8 7.5
      vertex 92.089 76.0527 2.5
      vertex 92.089 76.0527 7.5
    endloop
  endfacet
  facet normal 0.999054 0.0434887 0
    outer loop
      vertex 92.089 76.0527 2.5
      vertex 92.1 75.8 7.5
      vertex 92.1 75.8 2.5
    endloop
  endfacet
  facet normal 0.976345 0.216219 0
    outer loop
      vertex 92.0559 76.3036 7.5
      vertex 92.0012 76.5506 2.5
      vertex 92.0012 76.5506 7.5
    endloop
  endfacet
  facet normal 0.976345 0.216219 0
    outer loop
      vertex 92.0012 76.5506 2.5
      vertex 92.0559 76.3036 7.5
      vertex 92.0559 76.3036 2.5
    endloop
  endfacet
  facet normal 0.537438 -0.843303 0
    outer loop
      vertex 90.65 73.2885 2.5
      vertex 90.8634 73.4245 7.5
      vertex 90.65 73.2885 7.5
    endloop
  endfacet
  facet normal 0.537438 -0.843303 0
    outer loop
      vertex 90.8634 73.4245 7.5
      vertex 90.65 73.2885 2.5
      vertex 90.8634 73.4245 2.5
    endloop
  endfacet
  facet normal 0.461701 -0.887036 0
    outer loop
      vertex 90.4256 73.1717 2.5
      vertex 90.65 73.2885 7.5
      vertex 90.4256 73.1717 7.5
    endloop
  endfacet
  facet normal 0.461701 -0.887036 0
    outer loop
      vertex 90.65 73.2885 7.5
      vertex 90.4256 73.1717 2.5
      vertex 90.65 73.2885 2.5
    endloop
  endfacet
  facet normal 0.216219 -0.976345 0
    outer loop
      vertex 89.7036 72.9441 2.5
      vertex 89.9506 72.9988 7.5
      vertex 89.7036 72.9441 7.5
    endloop
  endfacet
  facet normal 0.216219 -0.976345 0
    outer loop
      vertex 89.9506 72.9988 7.5
      vertex 89.7036 72.9441 2.5
      vertex 89.9506 72.9988 2.5
    endloop
  endfacet
  facet normal -0.130792 0.99141 0
    outer loop
      vertex 88.9473 78.689 2.5
      vertex 88.6964 78.6559 7.5
      vertex 88.9473 78.689 7.5
    endloop
  endfacet
  facet normal -0.130792 0.99141 0
    outer loop
      vertex 88.6964 78.6559 7.5
      vertex 88.9473 78.689 2.5
      vertex 88.6964 78.6559 2.5
    endloop
  endfacet
  facet normal -0.843303 0.537438 0
    outer loop
      vertex 86.6885 77.25 2.5
      vertex 86.8245 77.4634 7.5
      vertex 86.8245 77.4634 2.5
    endloop
  endfacet
  facet normal -0.843303 0.537438 0
    outer loop
      vertex 86.8245 77.4634 7.5
      vertex 86.6885 77.25 2.5
      vertex 86.6885 77.25 7.5
    endloop
  endfacet
  facet normal -0.382678 0.923882 0
    outer loop
      vertex 88.2081 78.5251 2.5
      vertex 87.9744 78.4283 7.5
      vertex 88.2081 78.5251 7.5
    endloop
  endfacet
  facet normal -0.382678 0.923882 0
    outer loop
      vertex 87.9744 78.4283 7.5
      vertex 88.2081 78.5251 2.5
      vertex 87.9744 78.4283 2.5
    endloop
  endfacet
  facet normal 0.608755 0.793358 -0
    outer loop
      vertex 91.0641 78.0215 2.5
      vertex 90.8634 78.1755 7.5
      vertex 91.0641 78.0215 7.5
    endloop
  endfacet
  facet normal 0.608755 0.793358 0
    outer loop
      vertex 90.8634 78.1755 7.5
      vertex 91.0641 78.0215 2.5
      vertex 90.8634 78.1755 2.5
    endloop
  endfacet
  facet normal 0.216219 0.976345 -0
    outer loop
      vertex 89.9506 78.6012 2.5
      vertex 89.7036 78.6559 7.5
      vertex 89.9506 78.6012 7.5
    endloop
  endfacet
  facet normal 0.216219 0.976345 0
    outer loop
      vertex 89.7036 78.6559 7.5
      vertex 89.9506 78.6012 2.5
      vertex 89.7036 78.6559 2.5
    endloop
  endfacet
  facet normal -0.923882 -0.382678 0
    outer loop
      vertex 86.5717 74.5744 2.5
      vertex 86.4749 74.8081 7.5
      vertex 86.4749 74.8081 2.5
    endloop
  endfacet
  facet normal -0.923882 -0.382678 0
    outer loop
      vertex 86.4749 74.8081 7.5
      vertex 86.5717 74.5744 2.5
      vertex 86.5717 74.5744 7.5
    endloop
  endfacet
  facet normal -0.737269 -0.675599 0
    outer loop
      vertex 87.1494 73.7494 2.5
      vertex 86.9785 73.9359 7.5
      vertex 86.9785 73.9359 2.5
    endloop
  endfacet
  facet normal -0.737269 -0.675599 0
    outer loop
      vertex 86.9785 73.9359 7.5
      vertex 87.1494 73.7494 2.5
      vertex 87.1494 73.7494 7.5
    endloop
  endfacet
  facet normal 0.461701 0.887036 -0
    outer loop
      vertex 90.65 78.3115 2.5
      vertex 90.4256 78.4283 7.5
      vertex 90.65 78.3115 7.5
    endloop
  endfacet
  facet normal 0.461701 0.887036 0
    outer loop
      vertex 90.4256 78.4283 7.5
      vertex 90.65 78.3115 2.5
      vertex 90.4256 78.4283 2.5
    endloop
  endfacet
  facet normal 0.537438 0.843303 -0
    outer loop
      vertex 90.8634 78.1755 2.5
      vertex 90.65 78.3115 7.5
      vertex 90.8634 78.1755 7.5
    endloop
  endfacet
  facet normal 0.537438 0.843303 0
    outer loop
      vertex 90.65 78.3115 7.5
      vertex 90.8634 78.1755 2.5
      vertex 90.65 78.3115 2.5
    endloop
  endfacet
  facet normal -0.537438 0.843303 0
    outer loop
      vertex 87.75 78.3115 2.5
      vertex 87.5366 78.1755 7.5
      vertex 87.75 78.3115 7.5
    endloop
  endfacet
  facet normal -0.537438 0.843303 0
    outer loop
      vertex 87.5366 78.1755 7.5
      vertex 87.75 78.3115 2.5
      vertex 87.5366 78.1755 2.5
    endloop
  endfacet
  facet normal 0.953696 -0.300772 0
    outer loop
      vertex 91.9251 74.8081 7.5
      vertex 92.0012 75.0494 2.5
      vertex 92.0012 75.0494 7.5
    endloop
  endfacet
  facet normal 0.953696 -0.300772 0
    outer loop
      vertex 92.0012 75.0494 2.5
      vertex 91.9251 74.8081 7.5
      vertex 91.9251 74.8081 2.5
    endloop
  endfacet
  facet normal -0.675599 0.737269 0
    outer loop
      vertex 87.3359 78.0215 2.5
      vertex 87.1494 77.8506 7.5
      vertex 87.3359 78.0215 7.5
    endloop
  endfacet
  facet normal -0.675599 0.737269 0
    outer loop
      vertex 87.1494 77.8506 7.5
      vertex 87.3359 78.0215 2.5
      vertex 87.1494 77.8506 2.5
    endloop
  endfacet
  facet normal 0.300772 -0.953696 0
    outer loop
      vertex 89.9506 72.9988 2.5
      vertex 90.1919 73.0749 7.5
      vertex 89.9506 72.9988 7.5
    endloop
  endfacet
  facet normal 0.300772 -0.953696 0
    outer loop
      vertex 90.1919 73.0749 7.5
      vertex 89.9506 72.9988 2.5
      vertex 90.1919 73.0749 2.5
    endloop
  endfacet
  facet normal 0.130843 -0.991403 0
    outer loop
      vertex 89.4528 72.911 2.5
      vertex 89.7036 72.9441 7.5
      vertex 89.4528 72.911 7.5
    endloop
  endfacet
  facet normal 0.130843 -0.991403 0
    outer loop
      vertex 89.7036 72.9441 7.5
      vertex 89.4528 72.911 2.5
      vertex 89.7036 72.9441 2.5
    endloop
  endfacet
  facet normal -0.675599 -0.737269 0
    outer loop
      vertex 87.1494 73.7494 2.5
      vertex 87.3359 73.5785 7.5
      vertex 87.1494 73.7494 7.5
    endloop
  endfacet
  facet normal -0.675599 -0.737269 -0
    outer loop
      vertex 87.3359 73.5785 7.5
      vertex 87.1494 73.7494 2.5
      vertex 87.3359 73.5785 2.5
    endloop
  endfacet
  facet normal 0.0434715 -0.999055 0
    outer loop
      vertex 89.2 72.9 2.5
      vertex 89.4528 72.911 7.5
      vertex 89.2 72.9 7.5
    endloop
  endfacet
  facet normal 0.0434715 -0.999055 0
    outer loop
      vertex 89.4528 72.911 7.5
      vertex 89.2 72.9 2.5
      vertex 89.4528 72.911 2.5
    endloop
  endfacet
  facet normal -0.976345 0.216219 0
    outer loop
      vertex 86.3441 76.3036 2.5
      vertex 86.3988 76.5506 7.5
      vertex 86.3988 76.5506 2.5
    endloop
  endfacet
  facet normal -0.976345 0.216219 0
    outer loop
      vertex 86.3988 76.5506 7.5
      vertex 86.3441 76.3036 2.5
      vertex 86.3441 76.3036 7.5
    endloop
  endfacet
  facet normal -0.461701 0.887036 0
    outer loop
      vertex 87.9744 78.4283 2.5
      vertex 87.75 78.3115 7.5
      vertex 87.9744 78.4283 7.5
    endloop
  endfacet
  facet normal -0.461701 0.887036 0
    outer loop
      vertex 87.75 78.3115 7.5
      vertex 87.9744 78.4283 2.5
      vertex 87.75 78.3115 2.5
    endloop
  endfacet
  facet normal 0.843303 0.537438 0
    outer loop
      vertex 91.7115 77.25 7.5
      vertex 91.5755 77.4634 2.5
      vertex 91.5755 77.4634 7.5
    endloop
  endfacet
  facet normal 0.843303 0.537438 0
    outer loop
      vertex 91.5755 77.4634 2.5
      vertex 91.7115 77.25 7.5
      vertex 91.7115 77.25 2.5
    endloop
  endfacet
  facet normal 0.0434715 0.999055 -0
    outer loop
      vertex 89.4528 78.689 2.5
      vertex 89.2 78.7 7.5
      vertex 89.4528 78.689 7.5
    endloop
  endfacet
  facet normal 0.0434715 0.999055 0
    outer loop
      vertex 89.2 78.7 7.5
      vertex 89.4528 78.689 2.5
      vertex 89.2 78.7 2.5
    endloop
  endfacet
  facet normal -0.216219 0.976345 0
    outer loop
      vertex 88.6964 78.6559 2.5
      vertex 88.4494 78.6012 7.5
      vertex 88.6964 78.6559 7.5
    endloop
  endfacet
  facet normal -0.216219 0.976345 0
    outer loop
      vertex 88.4494 78.6012 7.5
      vertex 88.6964 78.6559 2.5
      vertex 88.4494 78.6012 2.5
    endloop
  endfacet
  facet normal 0.976345 -0.216219 0
    outer loop
      vertex 92.0012 75.0494 7.5
      vertex 92.0559 75.2964 2.5
      vertex 92.0559 75.2964 7.5
    endloop
  endfacet
  facet normal 0.976345 -0.216219 0
    outer loop
      vertex 92.0559 75.2964 2.5
      vertex 92.0012 75.0494 7.5
      vertex 92.0012 75.0494 2.5
    endloop
  endfacet
  facet normal 0.793358 -0.608755 0
    outer loop
      vertex 91.4215 73.9359 7.5
      vertex 91.5755 74.1366 2.5
      vertex 91.5755 74.1366 7.5
    endloop
  endfacet
  facet normal 0.793358 -0.608755 0
    outer loop
      vertex 91.5755 74.1366 2.5
      vertex 91.4215 73.9359 7.5
      vertex 91.4215 73.9359 2.5
    endloop
  endfacet
  facet normal 0.675599 0.737269 -0
    outer loop
      vertex 91.2506 77.8506 2.5
      vertex 91.0641 78.0215 7.5
      vertex 91.2506 77.8506 7.5
    endloop
  endfacet
  facet normal 0.675599 0.737269 0
    outer loop
      vertex 91.0641 78.0215 7.5
      vertex 91.2506 77.8506 2.5
      vertex 91.0641 78.0215 2.5
    endloop
  endfacet
  facet normal 0.887036 -0.461701 0
    outer loop
      vertex 91.7115 74.35 7.5
      vertex 91.8283 74.5744 2.5
      vertex 91.8283 74.5744 7.5
    endloop
  endfacet
  facet normal 0.887036 -0.461701 0
    outer loop
      vertex 91.8283 74.5744 2.5
      vertex 91.7115 74.35 7.5
      vertex 91.7115 74.35 2.5
    endloop
  endfacet
  facet normal -0.537438 -0.843303 0
    outer loop
      vertex 87.5366 73.4245 2.5
      vertex 87.75 73.2885 7.5
      vertex 87.5366 73.4245 7.5
    endloop
  endfacet
  facet normal -0.537438 -0.843303 -0
    outer loop
      vertex 87.75 73.2885 7.5
      vertex 87.5366 73.4245 2.5
      vertex 87.75 73.2885 2.5
    endloop
  endfacet
  facet normal -0.737269 0.675599 0
    outer loop
      vertex 86.9785 77.6641 2.5
      vertex 87.1494 77.8506 7.5
      vertex 87.1494 77.8506 2.5
    endloop
  endfacet
  facet normal -0.737269 0.675599 0
    outer loop
      vertex 87.1494 77.8506 7.5
      vertex 86.9785 77.6641 2.5
      vertex 86.9785 77.6641 7.5
    endloop
  endfacet
  facet normal 0.953696 0.300772 0
    outer loop
      vertex 92.0012 76.5506 7.5
      vertex 91.9251 76.7919 2.5
      vertex 91.9251 76.7919 7.5
    endloop
  endfacet
  facet normal 0.953696 0.300772 0
    outer loop
      vertex 91.9251 76.7919 2.5
      vertex 92.0012 76.5506 7.5
      vertex 92.0012 76.5506 2.5
    endloop
  endfacet
  facet normal 0.843303 -0.537438 0
    outer loop
      vertex 91.5755 74.1366 7.5
      vertex 91.7115 74.35 2.5
      vertex 91.7115 74.35 7.5
    endloop
  endfacet
  facet normal 0.843303 -0.537438 0
    outer loop
      vertex 91.7115 74.35 2.5
      vertex 91.5755 74.1366 7.5
      vertex 91.5755 74.1366 2.5
    endloop
  endfacet
  facet normal -0.991403 -0.130843 0
    outer loop
      vertex 86.3441 75.2964 2.5
      vertex 86.311 75.5472 7.5
      vertex 86.311 75.5472 2.5
    endloop
  endfacet
  facet normal -0.991403 -0.130843 0
    outer loop
      vertex 86.311 75.5472 7.5
      vertex 86.3441 75.2964 2.5
      vertex 86.3441 75.2964 7.5
    endloop
  endfacet
  facet normal -0.953696 0.300772 0
    outer loop
      vertex 86.3988 76.5506 2.5
      vertex 86.4749 76.7919 7.5
      vertex 86.4749 76.7919 2.5
    endloop
  endfacet
  facet normal -0.953696 0.300772 0
    outer loop
      vertex 86.4749 76.7919 7.5
      vertex 86.3988 76.5506 2.5
      vertex 86.3988 76.5506 7.5
    endloop
  endfacet
  facet normal -0.608755 0.793358 0
    outer loop
      vertex 87.5366 78.1755 2.5
      vertex 87.3359 78.0215 7.5
      vertex 87.5366 78.1755 7.5
    endloop
  endfacet
  facet normal -0.608755 0.793358 0
    outer loop
      vertex 87.3359 78.0215 7.5
      vertex 87.5366 78.1755 2.5
      vertex 87.3359 78.0215 2.5
    endloop
  endfacet
  facet normal 0.991403 -0.130843 0
    outer loop
      vertex 92.0559 75.2964 7.5
      vertex 92.089 75.5472 2.5
      vertex 92.089 75.5472 7.5
    endloop
  endfacet
  facet normal 0.991403 -0.130843 0
    outer loop
      vertex 92.089 75.5472 2.5
      vertex 92.0559 75.2964 7.5
      vertex 92.0559 75.2964 2.5
    endloop
  endfacet
  facet normal 0.999055 -0.0434715 0
    outer loop
      vertex 92.089 75.5472 7.5
      vertex 92.1 75.8 2.5
      vertex 92.1 75.8 7.5
    endloop
  endfacet
  facet normal 0.999055 -0.0434715 0
    outer loop
      vertex 92.1 75.8 2.5
      vertex 92.089 75.5472 7.5
      vertex 92.089 75.5472 2.5
    endloop
  endfacet
  facet normal -0.99141 0.130792 0
    outer loop
      vertex 86.311 76.0527 2.5
      vertex 86.3441 76.3036 7.5
      vertex 86.3441 76.3036 2.5
    endloop
  endfacet
  facet normal -0.99141 0.130792 0
    outer loop
      vertex 86.3441 76.3036 7.5
      vertex 86.311 76.0527 2.5
      vertex 86.311 76.0527 7.5
    endloop
  endfacet
  facet normal 0.923882 0.382678 0
    outer loop
      vertex 91.9251 76.7919 7.5
      vertex 91.8283 77.0256 2.5
      vertex 91.8283 77.0256 7.5
    endloop
  endfacet
  facet normal 0.923882 0.382678 0
    outer loop
      vertex 91.8283 77.0256 2.5
      vertex 91.9251 76.7919 7.5
      vertex 91.9251 76.7919 2.5
    endloop
  endfacet
  facet normal -0.976345 -0.216219 0
    outer loop
      vertex 86.3988 75.0494 2.5
      vertex 86.3441 75.2964 7.5
      vertex 86.3441 75.2964 2.5
    endloop
  endfacet
  facet normal -0.976345 -0.216219 0
    outer loop
      vertex 86.3441 75.2964 7.5
      vertex 86.3988 75.0494 2.5
      vertex 86.3988 75.0494 7.5
    endloop
  endfacet
  facet normal 0.887036 0.461701 0
    outer loop
      vertex 91.8283 77.0256 7.5
      vertex 91.7115 77.25 2.5
      vertex 91.7115 77.25 7.5
    endloop
  endfacet
  facet normal 0.887036 0.461701 0
    outer loop
      vertex 91.7115 77.25 2.5
      vertex 91.8283 77.0256 7.5
      vertex 91.8283 77.0256 2.5
    endloop
  endfacet
  facet normal -0.793358 0.608755 0
    outer loop
      vertex 86.8245 77.4634 2.5
      vertex 86.9785 77.6641 7.5
      vertex 86.9785 77.6641 2.5
    endloop
  endfacet
  facet normal -0.793358 0.608755 0
    outer loop
      vertex 86.9785 77.6641 7.5
      vertex 86.8245 77.4634 2.5
      vertex 86.8245 77.4634 7.5
    endloop
  endfacet
  facet normal -0.887036 -0.461701 0
    outer loop
      vertex 86.6885 74.35 2.5
      vertex 86.5717 74.5744 7.5
      vertex 86.5717 74.5744 2.5
    endloop
  endfacet
  facet normal -0.887036 -0.461701 0
    outer loop
      vertex 86.5717 74.5744 7.5
      vertex 86.6885 74.35 2.5
      vertex 86.6885 74.35 7.5
    endloop
  endfacet
  facet normal -0.300772 0.953696 0
    outer loop
      vertex 88.4494 78.6012 2.5
      vertex 88.2081 78.5251 7.5
      vertex 88.4494 78.6012 7.5
    endloop
  endfacet
  facet normal -0.300772 0.953696 0
    outer loop
      vertex 88.2081 78.5251 7.5
      vertex 88.4494 78.6012 2.5
      vertex 88.2081 78.5251 2.5
    endloop
  endfacet
  facet normal 0.737269 0.675599 0
    outer loop
      vertex 91.4215 77.6641 7.5
      vertex 91.2506 77.8506 2.5
      vertex 91.2506 77.8506 7.5
    endloop
  endfacet
  facet normal 0.737269 0.675599 0
    outer loop
      vertex 91.2506 77.8506 2.5
      vertex 91.4215 77.6641 7.5
      vertex 91.4215 77.6641 2.5
    endloop
  endfacet
  facet normal -0.953696 -0.300772 0
    outer loop
      vertex 86.4749 74.8081 2.5
      vertex 86.3988 75.0494 7.5
      vertex 86.3988 75.0494 2.5
    endloop
  endfacet
  facet normal -0.953696 -0.300772 0
    outer loop
      vertex 86.3988 75.0494 7.5
      vertex 86.4749 74.8081 2.5
      vertex 86.4749 74.8081 7.5
    endloop
  endfacet
  facet normal -0.793358 -0.608755 0
    outer loop
      vertex 86.9785 73.9359 2.5
      vertex 86.8245 74.1366 7.5
      vertex 86.8245 74.1366 2.5
    endloop
  endfacet
  facet normal -0.793358 -0.608755 0
    outer loop
      vertex 86.8245 74.1366 7.5
      vertex 86.9785 73.9359 2.5
      vertex 86.9785 73.9359 7.5
    endloop
  endfacet
  facet normal -0.0434887 -0.999054 0
    outer loop
      vertex 88.9473 72.911 2.5
      vertex 89.2 72.9 7.5
      vertex 88.9473 72.911 7.5
    endloop
  endfacet
  facet normal -0.0434887 -0.999054 -0
    outer loop
      vertex 89.2 72.9 7.5
      vertex 88.9473 72.911 2.5
      vertex 89.2 72.9 2.5
    endloop
  endfacet
  facet normal -0.461701 -0.887036 0
    outer loop
      vertex 87.75 73.2885 2.5
      vertex 87.9744 73.1717 7.5
      vertex 87.75 73.2885 7.5
    endloop
  endfacet
  facet normal -0.461701 -0.887036 -0
    outer loop
      vertex 87.9744 73.1717 7.5
      vertex 87.75 73.2885 2.5
      vertex 87.9744 73.1717 2.5
    endloop
  endfacet
  facet normal -0.608755 -0.793358 0
    outer loop
      vertex 87.3359 73.5785 2.5
      vertex 87.5366 73.4245 7.5
      vertex 87.3359 73.5785 7.5
    endloop
  endfacet
  facet normal -0.608755 -0.793358 -0
    outer loop
      vertex 87.5366 73.4245 7.5
      vertex 87.3359 73.5785 2.5
      vertex 87.5366 73.4245 2.5
    endloop
  endfacet
  facet normal -0.130792 -0.99141 0
    outer loop
      vertex 88.6964 72.9441 2.5
      vertex 88.9473 72.911 7.5
      vertex 88.6964 72.9441 7.5
    endloop
  endfacet
  facet normal -0.130792 -0.99141 -0
    outer loop
      vertex 88.9473 72.911 7.5
      vertex 88.6964 72.9441 2.5
      vertex 88.9473 72.911 2.5
    endloop
  endfacet
  facet normal 0.382678 -0.923882 0
    outer loop
      vertex 90.1919 73.0749 2.5
      vertex 90.4256 73.1717 7.5
      vertex 90.1919 73.0749 7.5
    endloop
  endfacet
  facet normal 0.382678 -0.923882 0
    outer loop
      vertex 90.4256 73.1717 7.5
      vertex 90.1919 73.0749 2.5
      vertex 90.4256 73.1717 2.5
    endloop
  endfacet
  facet normal 0.923882 -0.382678 0
    outer loop
      vertex 91.8283 74.5744 7.5
      vertex 91.9251 74.8081 2.5
      vertex 91.9251 74.8081 7.5
    endloop
  endfacet
  facet normal 0.923882 -0.382678 0
    outer loop
      vertex 91.9251 74.8081 2.5
      vertex 91.8283 74.5744 7.5
      vertex 91.8283 74.5744 2.5
    endloop
  endfacet
  facet normal -0.923882 0.382678 0
    outer loop
      vertex 86.4749 76.7919 2.5
      vertex 86.5717 77.0256 7.5
      vertex 86.5717 77.0256 2.5
    endloop
  endfacet
  facet normal -0.923882 0.382678 0
    outer loop
      vertex 86.5717 77.0256 7.5
      vertex 86.4749 76.7919 2.5
      vertex 86.4749 76.7919 7.5
    endloop
  endfacet
  facet normal 0.300772 0.953696 -0
    outer loop
      vertex 90.1919 78.5251 2.5
      vertex 89.9506 78.6012 7.5
      vertex 90.1919 78.5251 7.5
    endloop
  endfacet
  facet normal 0.300772 0.953696 0
    outer loop
      vertex 89.9506 78.6012 7.5
      vertex 90.1919 78.5251 2.5
      vertex 89.9506 78.6012 2.5
    endloop
  endfacet
  facet normal -0.0434887 0.999054 0
    outer loop
      vertex 89.2 78.7 2.5
      vertex 88.9473 78.689 7.5
      vertex 89.2 78.7 7.5
    endloop
  endfacet
  facet normal -0.0434887 0.999054 0
    outer loop
      vertex 88.9473 78.689 7.5
      vertex 89.2 78.7 2.5
      vertex 88.9473 78.689 2.5
    endloop
  endfacet
  facet normal 0.793358 0.608755 0
    outer loop
      vertex 91.5755 77.4634 7.5
      vertex 91.4215 77.6641 2.5
      vertex 91.4215 77.6641 7.5
    endloop
  endfacet
  facet normal 0.793358 0.608755 0
    outer loop
      vertex 91.4215 77.6641 2.5
      vertex 91.5755 77.4634 7.5
      vertex 91.5755 77.4634 2.5
    endloop
  endfacet
  facet normal 0 0 1
    outer loop
      vertex 90.775 75.8 7.5
      vertex 92.1 75.8 7.5
      vertex 92.089 76.0527 7.5
    endloop
  endfacet
  facet normal 0 0 1
    outer loop
      vertex 90.769 75.9373 7.5
      vertex 92.089 76.0527 7.5
      vertex 92.0559 76.3036 7.5
    endloop
  endfacet
  facet normal 0 0 1
    outer loop
      vertex 92.1 75.8 7.5
      vertex 90.775 75.8 7.5
      vertex 92.089 75.5472 7.5
    endloop
  endfacet
  facet normal 0 0 1
    outer loop
      vertex 90.7511 76.0735 7.5
      vertex 92.0559 76.3036 7.5
      vertex 92.0012 76.5506 7.5
    endloop
  endfacet
  facet normal -0 0 1
    outer loop
      vertex 90.769 75.6627 7.5
      vertex 92.089 75.5472 7.5
      vertex 90.775 75.8 7.5
    endloop
  endfacet
  facet normal 0 0 1
    outer loop
      vertex 90.7213 76.2076 7.5
      vertex 92.0012 76.5506 7.5
      vertex 91.9251 76.7919 7.5
    endloop
  endfacet
  facet normal 0 0 1
    outer loop
      vertex 92.089 75.5472 7.5
      vertex 90.769 75.6627 7.5
      vertex 92.0559 75.2964 7.5
    endloop
  endfacet
  facet normal 0 0 1
    outer loop
      vertex 90.68 76.3387 7.5
      vertex 91.9251 76.7919 7.5
      vertex 91.8283 77.0256 7.5
    endloop
  endfacet
  facet normal -0 0 1
    outer loop
      vertex 90.7511 75.5265 7.5
      vertex 92.0559 75.2964 7.5
      vertex 90.769 75.6627 7.5
    endloop
  endfacet
  facet normal 0 0 1
    outer loop
      vertex 90.6274 76.4656 7.5
      vertex 91.8283 77.0256 7.5
      vertex 91.7115 77.25 7.5
    endloop
  endfacet
  facet normal 0 0 1
    outer loop
      vertex 92.0559 75.2964 7.5
      vertex 90.7511 75.5265 7.5
      vertex 92.0012 75.0494 7.5
    endloop
  endfacet
  facet normal 0 0 1
    outer loop
      vertex 90.564 76.5875 7.5
      vertex 91.7115 77.25 7.5
      vertex 91.5755 77.4634 7.5
    endloop
  endfacet
  facet normal -0 0 1
    outer loop
      vertex 90.7213 75.3924 7.5
      vertex 92.0012 75.0494 7.5
      vertex 90.7511 75.5265 7.5
    endloop
  endfacet
  facet normal 0 0 1
    outer loop
      vertex 90.4902 76.7034 7.5
      vertex 91.5755 77.4634 7.5
      vertex 91.4215 77.6641 7.5
    endloop
  endfacet
  facet normal 0 0 1
    outer loop
      vertex 92.0012 75.0494 7.5
      vertex 90.7213 75.3924 7.5
      vertex 91.9251 74.8081 7.5
    endloop
  endfacet
  facet normal 0 0 1
    outer loop
      vertex 90.4065 76.8124 7.5
      vertex 91.4215 77.6641 7.5
      vertex 91.2506 77.8506 7.5
    endloop
  endfacet
  facet normal -0 0 1
    outer loop
      vertex 90.68 75.2613 7.5
      vertex 91.9251 74.8081 7.5
      vertex 90.7213 75.3924 7.5
    endloop
  endfacet
  facet normal 0 0 1
    outer loop
      vertex 90.3137 76.9137 7.5
      vertex 91.2506 77.8506 7.5
      vertex 91.0641 78.0215 7.5
    endloop
  endfacet
  facet normal 0 0 1
    outer loop
      vertex 91.9251 74.8081 7.5
      vertex 90.68 75.2613 7.5
      vertex 91.8283 74.5744 7.5
    endloop
  endfacet
  facet normal 0 0 1
    outer loop
      vertex 90.2124 77.0065 7.5
      vertex 91.0641 78.0215 7.5
      vertex 90.8634 78.1755 7.5
    endloop
  endfacet
  facet normal -0 0 1
    outer loop
      vertex 90.6274 75.1344 7.5
      vertex 91.8283 74.5744 7.5
      vertex 90.68 75.2613 7.5
    endloop
  endfacet
  facet normal 0 0 1
    outer loop
      vertex 91.8283 74.5744 7.5
      vertex 90.6274 75.1344 7.5
      vertex 91.7115 74.35 7.5
    endloop
  endfacet
  facet normal 0 0 1
    outer loop
      vertex 92.089 76.0527 7.5
      vertex 90.769 75.9373 7.5
      vertex 90.775 75.8 7.5
    endloop
  endfacet
  facet normal 0 0 1
    outer loop
      vertex 92.0559 76.3036 7.5
      vertex 90.7511 76.0735 7.5
      vertex 90.769 75.9373 7.5
    endloop
  endfacet
  facet normal 0 0 1
    outer loop
      vertex 92.0012 76.5506 7.5
      vertex 90.7213 76.2076 7.5
      vertex 90.7511 76.0735 7.5
    endloop
  endfacet
  facet normal 0 0 1
    outer loop
      vertex 91.9251 76.7919 7.5
      vertex 90.68 76.3387 7.5
      vertex 90.7213 76.2076 7.5
    endloop
  endfacet
  facet normal 0 0 1
    outer loop
      vertex 90.1034 77.0902 7.5
      vertex 90.8634 78.1755 7.5
      vertex 90.65 78.3115 7.5
    endloop
  endfacet
  facet normal 0 0 1
    outer loop
      vertex 91.8283 77.0256 7.5
      vertex 90.6274 76.4656 7.5
      vertex 90.68 76.3387 7.5
    endloop
  endfacet
  facet normal 0 0 1
    outer loop
      vertex 91.7115 77.25 7.5
      vertex 90.564 76.5875 7.5
      vertex 90.6274 76.4656 7.5
    endloop
  endfacet
  facet normal 0 0 1
    outer loop
      vertex 91.5755 77.4634 7.5
      vertex 90.4902 76.7034 7.5
      vertex 90.564 76.5875 7.5
    endloop
  endfacet
  facet normal 0 0 1
    outer loop
      vertex 89.9875 77.164 7.5
      vertex 90.65 78.3115 7.5
      vertex 90.4256 78.4283 7.5
    endloop
  endfacet
  facet normal 0 0 1
    outer loop
      vertex 91.4215 77.6641 7.5
      vertex 90.4065 76.8124 7.5
      vertex 90.4902 76.7034 7.5
    endloop
  endfacet
  facet normal 0 0 1
    outer loop
      vertex 91.2506 77.8506 7.5
      vertex 90.3137 76.9137 7.5
      vertex 90.4065 76.8124 7.5
    endloop
  endfacet
  facet normal 0 0 1
    outer loop
      vertex 91.0641 78.0215 7.5
      vertex 90.2124 77.0065 7.5
      vertex 90.3137 76.9137 7.5
    endloop
  endfacet
  facet normal 0 0 1
    outer loop
      vertex 89.8656 77.2274 7.5
      vertex 90.4256 78.4283 7.5
      vertex 90.1919 78.5251 7.5
    endloop
  endfacet
  facet normal 0 0 1
    outer loop
      vertex 90.8634 78.1755 7.5
      vertex 90.1034 77.0902 7.5
      vertex 90.2124 77.0065 7.5
    endloop
  endfacet
  facet normal 0 0 1
    outer loop
      vertex 90.65 78.3115 7.5
      vertex 89.9875 77.164 7.5
      vertex 90.1034 77.0902 7.5
    endloop
  endfacet
  facet normal 0 0 1
    outer loop
      vertex 89.7387 77.28 7.5
      vertex 90.1919 78.5251 7.5
      vertex 89.9506 78.6012 7.5
    endloop
  endfacet
  facet normal 0 0 1
    outer loop
      vertex 90.4256 78.4283 7.5
      vertex 89.8656 77.2274 7.5
      vertex 89.9875 77.164 7.5
    endloop
  endfacet
  facet normal 0 0 1
    outer loop
      vertex 90.1919 78.5251 7.5
      vertex 89.7387 77.28 7.5
      vertex 89.8656 77.2274 7.5
    endloop
  endfacet
  facet normal 0 0 1
    outer loop
      vertex 89.6076 77.3213 7.5
      vertex 89.9506 78.6012 7.5
      vertex 89.7036 78.6559 7.5
    endloop
  endfacet
  facet normal 0 0 1
    outer loop
      vertex 89.9506 78.6012 7.5
      vertex 89.6076 77.3213 7.5
      vertex 89.7387 77.28 7.5
    endloop
  endfacet
  facet normal 0 0 1
    outer loop
      vertex 89.7036 78.6559 7.5
      vertex 89.4735 77.3511 7.5
      vertex 89.6076 77.3213 7.5
    endloop
  endfacet
  facet normal 0 0 1
    outer loop
      vertex 89.4528 78.689 7.5
      vertex 89.4735 77.3511 7.5
      vertex 89.7036 78.6559 7.5
    endloop
  endfacet
  facet normal 0 0 1
    outer loop
      vertex 89.4528 78.689 7.5
      vertex 89.3373 77.369 7.5
      vertex 89.4735 77.3511 7.5
    endloop
  endfacet
  facet normal 0 0 1
    outer loop
      vertex 89.2 78.7 7.5
      vertex 89.3373 77.369 7.5
      vertex 89.4528 78.689 7.5
    endloop
  endfacet
  facet normal 0 0 1
    outer loop
      vertex 89.2 78.7 7.5
      vertex 89.2 77.375 7.5
      vertex 89.3373 77.369 7.5
    endloop
  endfacet
  facet normal 0 0 1
    outer loop
      vertex 89.2 78.7 7.5
      vertex 89.0627 77.369 7.5
      vertex 89.2 77.375 7.5
    endloop
  endfacet
  facet normal -0 0 1
    outer loop
      vertex 88.9473 78.689 7.5
      vertex 89.0627 77.369 7.5
      vertex 89.2 78.7 7.5
    endloop
  endfacet
  facet normal 0 0 1
    outer loop
      vertex 88.9473 78.689 7.5
      vertex 88.9265 77.3511 7.5
      vertex 89.0627 77.369 7.5
    endloop
  endfacet
  facet normal -0 0 1
    outer loop
      vertex 88.6964 78.6559 7.5
      vertex 88.9265 77.3511 7.5
      vertex 88.9473 78.689 7.5
    endloop
  endfacet
  facet normal 0 0 1
    outer loop
      vertex 88.9265 77.3511 7.5
      vertex 88.6964 78.6559 7.5
      vertex 88.7924 77.3213 7.5
    endloop
  endfacet
  facet normal -0 0 1
    outer loop
      vertex 88.4494 78.6012 7.5
      vertex 88.7924 77.3213 7.5
      vertex 88.6964 78.6559 7.5
    endloop
  endfacet
  facet normal 0 0 1
    outer loop
      vertex 88.7924 77.3213 7.5
      vertex 88.4494 78.6012 7.5
      vertex 88.6613 77.28 7.5
    endloop
  endfacet
  facet normal -0 0 1
    outer loop
      vertex 88.2081 78.5251 7.5
      vertex 88.6613 77.28 7.5
      vertex 88.4494 78.6012 7.5
    endloop
  endfacet
  facet normal 0 0 1
    outer loop
      vertex 88.6613 77.28 7.5
      vertex 88.2081 78.5251 7.5
      vertex 88.5344 77.2274 7.5
    endloop
  endfacet
  facet normal -0 0 1
    outer loop
      vertex 87.9744 78.4283 7.5
      vertex 88.5344 77.2274 7.5
      vertex 88.2081 78.5251 7.5
    endloop
  endfacet
  facet normal 0 0 1
    outer loop
      vertex 88.5344 77.2274 7.5
      vertex 87.9744 78.4283 7.5
      vertex 88.4125 77.164 7.5
    endloop
  endfacet
  facet normal -0 0 1
    outer loop
      vertex 87.75 78.3115 7.5
      vertex 88.4125 77.164 7.5
      vertex 87.9744 78.4283 7.5
    endloop
  endfacet
  facet normal 0 0 1
    outer loop
      vertex 88.4125 77.164 7.5
      vertex 87.75 78.3115 7.5
      vertex 88.2966 77.0902 7.5
    endloop
  endfacet
  facet normal -0 0 1
    outer loop
      vertex 87.5366 78.1755 7.5
      vertex 88.2966 77.0902 7.5
      vertex 87.75 78.3115 7.5
    endloop
  endfacet
  facet normal 0 0 1
    outer loop
      vertex 88.2966 77.0902 7.5
      vertex 87.5366 78.1755 7.5
      vertex 88.1876 77.0065 7.5
    endloop
  endfacet
  facet normal -0 0 1
    outer loop
      vertex 87.3359 78.0215 7.5
      vertex 88.1876 77.0065 7.5
      vertex 87.5366 78.1755 7.5
    endloop
  endfacet
  facet normal 0 0 1
    outer loop
      vertex 88.1876 77.0065 7.5
      vertex 87.3359 78.0215 7.5
      vertex 88.0863 76.9137 7.5
    endloop
  endfacet
  facet normal -0 0 1
    outer loop
      vertex 87.1494 77.8506 7.5
      vertex 88.0863 76.9137 7.5
      vertex 87.3359 78.0215 7.5
    endloop
  endfacet
  facet normal 0 0 1
    outer loop
      vertex 88.0863 76.9137 7.5
      vertex 87.1494 77.8506 7.5
      vertex 87.9935 76.8124 7.5
    endloop
  endfacet
  facet normal -0 0 1
    outer loop
      vertex 86.9785 77.6641 7.5
      vertex 87.9935 76.8124 7.5
      vertex 87.1494 77.8506 7.5
    endloop
  endfacet
  facet normal 0 0 1
    outer loop
      vertex 87.9935 76.8124 7.5
      vertex 86.9785 77.6641 7.5
      vertex 87.9098 76.7034 7.5
    endloop
  endfacet
  facet normal -0 0 1
    outer loop
      vertex 86.8245 77.4634 7.5
      vertex 87.9098 76.7034 7.5
      vertex 86.9785 77.6641 7.5
    endloop
  endfacet
  facet normal 0 0 1
    outer loop
      vertex 87.9098 76.7034 7.5
      vertex 86.8245 77.4634 7.5
      vertex 87.836 76.5875 7.5
    endloop
  endfacet
  facet normal 0 0 1
    outer loop
      vertex 87.836 76.5875 7.5
      vertex 86.6885 77.25 7.5
      vertex 87.7726 76.4656 7.5
    endloop
  endfacet
  facet normal -0 0 1
    outer loop
      vertex 86.6885 77.25 7.5
      vertex 87.836 76.5875 7.5
      vertex 86.8245 77.4634 7.5
    endloop
  endfacet
  facet normal -0 0 1
    outer loop
      vertex 90.564 75.0125 7.5
      vertex 91.7115 74.35 7.5
      vertex 90.6274 75.1344 7.5
    endloop
  endfacet
  facet normal 0 0 1
    outer loop
      vertex 91.7115 74.35 7.5
      vertex 90.564 75.0125 7.5
      vertex 91.5755 74.1366 7.5
    endloop
  endfacet
  facet normal -0 0 1
    outer loop
      vertex 90.4902 74.8966 7.5
      vertex 91.5755 74.1366 7.5
      vertex 90.564 75.0125 7.5
    endloop
  endfacet
  facet normal 0 0 1
    outer loop
      vertex 91.5755 74.1366 7.5
      vertex 90.4902 74.8966 7.5
      vertex 91.4215 73.9359 7.5
    endloop
  endfacet
  facet normal -0 0 1
    outer loop
      vertex 90.4065 74.7876 7.5
      vertex 91.4215 73.9359 7.5
      vertex 90.4902 74.8966 7.5
    endloop
  endfacet
  facet normal 0 0 1
    outer loop
      vertex 91.4215 73.9359 7.5
      vertex 90.4065 74.7876 7.5
      vertex 91.2506 73.7494 7.5
    endloop
  endfacet
  facet normal -0 0 1
    outer loop
      vertex 90.3137 74.6863 7.5
      vertex 91.2506 73.7494 7.5
      vertex 90.4065 74.7876 7.5
    endloop
  endfacet
  facet normal 0 0 1
    outer loop
      vertex 91.2506 73.7494 7.5
      vertex 90.3137 74.6863 7.5
      vertex 91.0641 73.5785 7.5
    endloop
  endfacet
  facet normal -0 0 1
    outer loop
      vertex 90.2124 74.5935 7.5
      vertex 91.0641 73.5785 7.5
      vertex 90.3137 74.6863 7.5
    endloop
  endfacet
  facet normal 0 0 1
    outer loop
      vertex 91.0641 73.5785 7.5
      vertex 90.2124 74.5935 7.5
      vertex 90.8634 73.4245 7.5
    endloop
  endfacet
  facet normal -0 0 1
    outer loop
      vertex 90.1034 74.5098 7.5
      vertex 90.8634 73.4245 7.5
      vertex 90.2124 74.5935 7.5
    endloop
  endfacet
  facet normal 0 0 1
    outer loop
      vertex 90.8634 73.4245 7.5
      vertex 90.1034 74.5098 7.5
      vertex 90.65 73.2885 7.5
    endloop
  endfacet
  facet normal -0 0 1
    outer loop
      vertex 89.9875 74.436 7.5
      vertex 90.65 73.2885 7.5
      vertex 90.1034 74.5098 7.5
    endloop
  endfacet
  facet normal 0 0 1
    outer loop
      vertex 90.65 73.2885 7.5
      vertex 89.9875 74.436 7.5
      vertex 90.4256 73.1717 7.5
    endloop
  endfacet
  facet normal -0 0 1
    outer loop
      vertex 89.8656 74.3726 7.5
      vertex 90.4256 73.1717 7.5
      vertex 89.9875 74.436 7.5
    endloop
  endfacet
  facet normal 0 0 1
    outer loop
      vertex 90.4256 73.1717 7.5
      vertex 89.8656 74.3726 7.5
      vertex 90.1919 73.0749 7.5
    endloop
  endfacet
  facet normal -0 0 1
    outer loop
      vertex 89.7387 74.32 7.5
      vertex 90.1919 73.0749 7.5
      vertex 89.8656 74.3726 7.5
    endloop
  endfacet
  facet normal 0 0 1
    outer loop
      vertex 90.1919 73.0749 7.5
      vertex 89.7387 74.32 7.5
      vertex 89.9506 72.9988 7.5
    endloop
  endfacet
  facet normal -0 0 1
    outer loop
      vertex 89.6076 74.2787 7.5
      vertex 89.9506 72.9988 7.5
      vertex 89.7387 74.32 7.5
    endloop
  endfacet
  facet normal 0 0 1
    outer loop
      vertex 89.9506 72.9988 7.5
      vertex 89.6076 74.2787 7.5
      vertex 89.7036 72.9441 7.5
    endloop
  endfacet
  facet normal -0 0 1
    outer loop
      vertex 89.4735 74.2489 7.5
      vertex 89.7036 72.9441 7.5
      vertex 89.6076 74.2787 7.5
    endloop
  endfacet
  facet normal 0 0 1
    outer loop
      vertex 89.4735 74.2489 7.5
      vertex 89.4528 72.911 7.5
      vertex 89.7036 72.9441 7.5
    endloop
  endfacet
  facet normal -0 0 1
    outer loop
      vertex 89.3373 74.231 7.5
      vertex 89.4528 72.911 7.5
      vertex 89.4735 74.2489 7.5
    endloop
  endfacet
  facet normal -0 0 1
    outer loop
      vertex 89.2 74.225 7.5
      vertex 89.4528 72.911 7.5
      vertex 89.3373 74.231 7.5
    endloop
  endfacet
  facet normal 0 0 1
    outer loop
      vertex 89.2 74.225 7.5
      vertex 89.2 72.9 7.5
      vertex 89.4528 72.911 7.5
    endloop
  endfacet
  facet normal 0 0 1
    outer loop
      vertex 89.0627 74.231 7.5
      vertex 89.2 72.9 7.5
      vertex 89.2 74.225 7.5
    endloop
  endfacet
  facet normal 0 0 1
    outer loop
      vertex 89.0627 74.231 7.5
      vertex 88.9473 72.911 7.5
      vertex 89.2 72.9 7.5
    endloop
  endfacet
  facet normal 0 0 1
    outer loop
      vertex 88.9265 74.2489 7.5
      vertex 88.9473 72.911 7.5
      vertex 89.0627 74.231 7.5
    endloop
  endfacet
  facet normal 0 0 1
    outer loop
      vertex 88.6964 72.9441 7.5
      vertex 88.9265 74.2489 7.5
      vertex 88.7924 74.2787 7.5
    endloop
  endfacet
  facet normal 0 0 1
    outer loop
      vertex 88.9265 74.2489 7.5
      vertex 88.6964 72.9441 7.5
      vertex 88.9473 72.911 7.5
    endloop
  endfacet
  facet normal 0 0 1
    outer loop
      vertex 88.4494 72.9988 7.5
      vertex 88.7924 74.2787 7.5
      vertex 88.6613 74.32 7.5
    endloop
  endfacet
  facet normal 0 0 1
    outer loop
      vertex 88.2081 73.0749 7.5
      vertex 88.6613 74.32 7.5
      vertex 88.5344 74.3726 7.5
    endloop
  endfacet
  facet normal 0 0 1
    outer loop
      vertex 88.7924 74.2787 7.5
      vertex 88.4494 72.9988 7.5
      vertex 88.6964 72.9441 7.5
    endloop
  endfacet
  facet normal 0 0 1
    outer loop
      vertex 87.9744 73.1717 7.5
      vertex 88.5344 74.3726 7.5
      vertex 88.4125 74.436 7.5
    endloop
  endfacet
  facet normal 0 0 1
    outer loop
      vertex 87.75 73.2885 7.5
      vertex 88.4125 74.436 7.5
      vertex 88.2966 74.5098 7.5
    endloop
  endfacet
  facet normal 0 0 1
    outer loop
      vertex 88.6613 74.32 7.5
      vertex 88.2081 73.0749 7.5
      vertex 88.4494 72.9988 7.5
    endloop
  endfacet
  facet normal 0 0 1
    outer loop
      vertex 87.5366 73.4245 7.5
      vertex 88.2966 74.5098 7.5
      vertex 88.1876 74.5935 7.5
    endloop
  endfacet
  facet normal 0 0 1
    outer loop
      vertex 87.3359 73.5785 7.5
      vertex 88.1876 74.5935 7.5
      vertex 88.0863 74.6863 7.5
    endloop
  endfacet
  facet normal 0 0 1
    outer loop
      vertex 87.1494 73.7494 7.5
      vertex 88.0863 74.6863 7.5
      vertex 87.9935 74.7876 7.5
    endloop
  endfacet
  facet normal 0 0 1
    outer loop
      vertex 88.5344 74.3726 7.5
      vertex 87.9744 73.1717 7.5
      vertex 88.2081 73.0749 7.5
    endloop
  endfacet
  facet normal 0 0 1
    outer loop
      vertex 86.9785 73.9359 7.5
      vertex 87.9935 74.7876 7.5
      vertex 87.9098 74.8966 7.5
    endloop
  endfacet
  facet normal 0 0 1
    outer loop
      vertex 86.8245 74.1366 7.5
      vertex 87.9098 74.8966 7.5
      vertex 87.836 75.0125 7.5
    endloop
  endfacet
  facet normal 0 0 1
    outer loop
      vertex 86.6885 74.35 7.5
      vertex 87.836 75.0125 7.5
      vertex 87.7726 75.1344 7.5
    endloop
  endfacet
  facet normal 0 0 1
    outer loop
      vertex 88.4125 74.436 7.5
      vertex 87.75 73.2885 7.5
      vertex 87.9744 73.1717 7.5
    endloop
  endfacet
  facet normal 0 0 1
    outer loop
      vertex 86.5717 74.5744 7.5
      vertex 87.7726 75.1344 7.5
      vertex 87.72 75.2613 7.5
    endloop
  endfacet
  facet normal 0 0 1
    outer loop
      vertex 86.4749 74.8081 7.5
      vertex 87.72 75.2613 7.5
      vertex 87.6787 75.3924 7.5
    endloop
  endfacet
  facet normal 0 0 1
    outer loop
      vertex 86.3988 75.0494 7.5
      vertex 87.6787 75.3924 7.5
      vertex 87.6489 75.5265 7.5
    endloop
  endfacet
  facet normal 0 0 1
    outer loop
      vertex 86.3441 75.2964 7.5
      vertex 87.6489 75.5265 7.5
      vertex 87.631 75.6627 7.5
    endloop
  endfacet
  facet normal 0 0 1
    outer loop
      vertex 88.2966 74.5098 7.5
      vertex 87.5366 73.4245 7.5
      vertex 87.75 73.2885 7.5
    endloop
  endfacet
  facet normal 0 0 1
    outer loop
      vertex 86.311 75.5472 7.5
      vertex 87.631 75.6627 7.5
      vertex 87.625 75.8 7.5
    endloop
  endfacet
  facet normal -0 0 1
    outer loop
      vertex 86.5717 77.0256 7.5
      vertex 87.7726 76.4656 7.5
      vertex 86.6885 77.25 7.5
    endloop
  endfacet
  facet normal 0 0 1
    outer loop
      vertex 87.7726 76.4656 7.5
      vertex 86.5717 77.0256 7.5
      vertex 87.72 76.3387 7.5
    endloop
  endfacet
  facet normal 0 0 1
    outer loop
      vertex 88.1876 74.5935 7.5
      vertex 87.3359 73.5785 7.5
      vertex 87.5366 73.4245 7.5
    endloop
  endfacet
  facet normal -0 0 1
    outer loop
      vertex 86.4749 76.7919 7.5
      vertex 87.72 76.3387 7.5
      vertex 86.5717 77.0256 7.5
    endloop
  endfacet
  facet normal 0 0 1
    outer loop
      vertex 88.0863 74.6863 7.5
      vertex 87.1494 73.7494 7.5
      vertex 87.3359 73.5785 7.5
    endloop
  endfacet
  facet normal 0 0 1
    outer loop
      vertex 87.72 76.3387 7.5
      vertex 86.4749 76.7919 7.5
      vertex 87.6787 76.2076 7.5
    endloop
  endfacet
  facet normal 0 0 1
    outer loop
      vertex 87.9935 74.7876 7.5
      vertex 86.9785 73.9359 7.5
      vertex 87.1494 73.7494 7.5
    endloop
  endfacet
  facet normal -0 0 1
    outer loop
      vertex 86.3988 76.5506 7.5
      vertex 87.6787 76.2076 7.5
      vertex 86.4749 76.7919 7.5
    endloop
  endfacet
  facet normal 0 0 1
    outer loop
      vertex 87.9098 74.8966 7.5
      vertex 86.8245 74.1366 7.5
      vertex 86.9785 73.9359 7.5
    endloop
  endfacet
  facet normal 0 0 1
    outer loop
      vertex 87.6787 76.2076 7.5
      vertex 86.3988 76.5506 7.5
      vertex 87.6489 76.0735 7.5
    endloop
  endfacet
  facet normal 0 0 1
    outer loop
      vertex 87.836 75.0125 7.5
      vertex 86.6885 74.35 7.5
      vertex 86.8245 74.1366 7.5
    endloop
  endfacet
  facet normal -0 0 1
    outer loop
      vertex 86.3441 76.3036 7.5
      vertex 87.6489 76.0735 7.5
      vertex 86.3988 76.5506 7.5
    endloop
  endfacet
  facet normal 0 0 1
    outer loop
      vertex 87.7726 75.1344 7.5
      vertex 86.5717 74.5744 7.5
      vertex 86.6885 74.35 7.5
    endloop
  endfacet
  facet normal 0 0 1
    outer loop
      vertex 87.6489 76.0735 7.5
      vertex 86.3441 76.3036 7.5
      vertex 87.631 75.9373 7.5
    endloop
  endfacet
  facet normal 0 0 1
    outer loop
      vertex 87.72 75.2613 7.5
      vertex 86.4749 74.8081 7.5
      vertex 86.5717 74.5744 7.5
    endloop
  endfacet
  facet normal -0 0 1
    outer loop
      vertex 86.311 76.0527 7.5
      vertex 87.631 75.9373 7.5
      vertex 86.3441 76.3036 7.5
    endloop
  endfacet
  facet normal 0 0 1
    outer loop
      vertex 87.6787 75.3924 7.5
      vertex 86.3988 75.0494 7.5
      vertex 86.4749 74.8081 7.5
    endloop
  endfacet
  facet normal 0 0 1
    outer loop
      vertex 87.631 75.9373 7.5
      vertex 86.311 76.0527 7.5
      vertex 87.625 75.8 7.5
    endloop
  endfacet
  facet normal 0 0 1
    outer loop
      vertex 87.6489 75.5265 7.5
      vertex 86.3441 75.2964 7.5
      vertex 86.3988 75.0494 7.5
    endloop
  endfacet
  facet normal 0 0 1
    outer loop
      vertex 86.3 75.8 7.5
      vertex 87.625 75.8 7.5
      vertex 86.311 76.0527 7.5
    endloop
  endfacet
  facet normal 0 0 1
    outer loop
      vertex 87.631 75.6627 7.5
      vertex 86.311 75.5472 7.5
      vertex 86.3441 75.2964 7.5
    endloop
  endfacet
  facet normal 0 0 1
    outer loop
      vertex 87.625 75.8 7.5
      vertex 86.3 75.8 7.5
      vertex 86.311 75.5472 7.5
    endloop
  endfacet
  facet normal -0.843303 -0.537438 0
    outer loop
      vertex 86.8245 74.1366 2.5
      vertex 86.6885 74.35 7.5
      vertex 86.6885 74.35 2.5
    endloop
  endfacet
  facet normal -0.843303 -0.537438 0
    outer loop
      vertex 86.6885 74.35 7.5
      vertex 86.8245 74.1366 2.5
      vertex 86.8245 74.1366 7.5
    endloop
  endfacet
  facet normal -0.999055 -0.0434715 0
    outer loop
      vertex 86.311 75.5472 2.5
      vertex 86.3 75.8 7.5
      vertex 86.3 75.8 2.5
    endloop
  endfacet
  facet normal -0.999055 -0.0434715 0
    outer loop
      vertex 86.3 75.8 7.5
      vertex 86.311 75.5472 2.5
      vertex 86.311 75.5472 7.5
    endloop
  endfacet
  facet normal -0.999054 0.0434887 0
    outer loop
      vertex 86.3 75.8 2.5
      vertex 86.311 76.0527 7.5
      vertex 86.311 76.0527 2.5
    endloop
  endfacet
  facet normal -0.999054 0.0434887 0
    outer loop
      vertex 86.311 76.0527 7.5
      vertex 86.3 75.8 2.5
      vertex 86.3 75.8 7.5
    endloop
  endfacet
  facet normal -0.382678 -0.923882 0
    outer loop
      vertex 87.9744 73.1717 2.5
      vertex 88.2081 73.0749 7.5
      vertex 87.9744 73.1717 7.5
    endloop
  endfacet
  facet normal -0.382678 -0.923882 -0
    outer loop
      vertex 88.2081 73.0749 7.5
      vertex 87.9744 73.1717 2.5
      vertex 88.2081 73.0749 2.5
    endloop
  endfacet
  facet normal -0.300772 -0.953696 0
    outer loop
      vertex 88.2081 73.0749 2.5
      vertex 88.4494 72.9988 7.5
      vertex 88.2081 73.0749 7.5
    endloop
  endfacet
  facet normal -0.300772 -0.953696 -0
    outer loop
      vertex 88.4494 72.9988 7.5
      vertex 88.2081 73.0749 2.5
      vertex 88.4494 72.9988 2.5
    endloop
  endfacet
  facet normal 0.382678 0.923882 -0
    outer loop
      vertex 90.4256 78.4283 2.5
      vertex 90.1919 78.5251 7.5
      vertex 90.4256 78.4283 7.5
    endloop
  endfacet
  facet normal 0.382678 0.923882 0
    outer loop
      vertex 90.1919 78.5251 7.5
      vertex 90.4256 78.4283 2.5
      vertex 90.1919 78.5251 2.5
    endloop
  endfacet
  facet normal -0.216219 -0.976345 0
    outer loop
      vertex 88.4494 72.9988 2.5
      vertex 88.6964 72.9441 7.5
      vertex 88.4494 72.9988 7.5
    endloop
  endfacet
  facet normal -0.216219 -0.976345 -0
    outer loop
      vertex 88.6964 72.9441 7.5
      vertex 88.4494 72.9988 2.5
      vertex 88.6964 72.9441 2.5
    endloop
  endfacet
  facet normal 0.675599 -0.737269 0
    outer loop
      vertex 91.0641 73.5785 2.5
      vertex 91.2506 73.7494 7.5
      vertex 91.0641 73.5785 7.5
    endloop
  endfacet
  facet normal 0.675599 -0.737269 0
    outer loop
      vertex 91.2506 73.7494 7.5
      vertex 91.0641 73.5785 2.5
      vertex 91.2506 73.7494 2.5
    endloop
  endfacet
  facet normal 0.608755 -0.793358 0
    outer loop
      vertex 90.8634 73.4245 2.5
      vertex 91.0641 73.5785 7.5
      vertex 90.8634 73.4245 7.5
    endloop
  endfacet
  facet normal 0.608755 -0.793358 0
    outer loop
      vertex 91.0641 73.5785 7.5
      vertex 90.8634 73.4245 2.5
      vertex 91.0641 73.5785 2.5
    endloop
  endfacet
  facet normal 0.130843 0.991403 -0
    outer loop
      vertex 89.7036 78.6559 2.5
      vertex 89.4528 78.689 7.5
      vertex 89.7036 78.6559 7.5
    endloop
  endfacet
  facet normal 0.130843 0.991403 0
    outer loop
      vertex 89.4528 78.689 7.5
      vertex 89.7036 78.6559 2.5
      vertex 89.4528 78.689 2.5
    endloop
  endfacet
  facet normal -0.887036 0.461701 0
    outer loop
      vertex 86.5717 77.0256 2.5
      vertex 86.6885 77.25 7.5
      vertex 86.6885 77.25 2.5
    endloop
  endfacet
  facet normal -0.887036 0.461701 0
    outer loop
      vertex 86.6885 77.25 7.5
      vertex 86.5717 77.0256 2.5
      vertex 86.5717 77.0256 7.5
    endloop
  endfacet
  facet normal 0.923786 -0.382909 0
    outer loop
      vertex 87.72 76.3387 7.5
      vertex 87.7726 76.4656 2.5
      vertex 87.7726 76.4656 7.5
    endloop
  endfacet
  facet normal 0.923786 -0.382909 0
    outer loop
      vertex 87.7726 76.4656 2.5
      vertex 87.72 76.3387 7.5
      vertex 87.72 76.3387 2.5
    endloop
  endfacet
  facet normal -0.999047 -0.0436583 0
    outer loop
      vertex 90.775 75.8 2.5
      vertex 90.769 75.9373 7.5
      vertex 90.769 75.9373 2.5
    endloop
  endfacet
  facet normal -0.999047 -0.0436583 0
    outer loop
      vertex 90.769 75.9373 7.5
      vertex 90.775 75.8 2.5
      vertex 90.775 75.8 7.5
    endloop
  endfacet
  facet normal 0.887181 -0.461421 0
    outer loop
      vertex 87.7726 76.4656 7.5
      vertex 87.836 76.5875 2.5
      vertex 87.836 76.5875 7.5
    endloop
  endfacet
  facet normal 0.887181 -0.461421 0
    outer loop
      vertex 87.836 76.5875 2.5
      vertex 87.7726 76.4656 7.5
      vertex 87.7726 76.4656 2.5
    endloop
  endfacet
  facet normal 0.21693 -0.976187 0
    outer loop
      vertex 88.7924 77.3213 2.5
      vertex 88.9265 77.3511 7.5
      vertex 88.7924 77.3213 7.5
    endloop
  endfacet
  facet normal 0.21693 -0.976187 0
    outer loop
      vertex 88.9265 77.3511 7.5
      vertex 88.7924 77.3213 2.5
      vertex 88.9265 77.3511 2.5
    endloop
  endfacet
  facet normal -0.991474 -0.130304 0
    outer loop
      vertex 90.769 75.9373 2.5
      vertex 90.7511 76.0735 7.5
      vertex 90.7511 76.0735 2.5
    endloop
  endfacet
  facet normal -0.991474 -0.130304 0
    outer loop
      vertex 90.7511 76.0735 7.5
      vertex 90.769 75.9373 2.5
      vertex 90.769 75.9373 7.5
    endloop
  endfacet
  facet normal 0.130304 0.991474 -0
    outer loop
      vertex 89.0627 74.231 2.5
      vertex 88.9265 74.2489 7.5
      vertex 89.0627 74.231 7.5
    endloop
  endfacet
  facet normal 0.130304 0.991474 0
    outer loop
      vertex 88.9265 74.2489 7.5
      vertex 89.0627 74.231 2.5
      vertex 88.9265 74.2489 2.5
    endloop
  endfacet
  facet normal -0.382909 0.923786 0
    outer loop
      vertex 89.8656 74.3726 2.5
      vertex 89.7387 74.32 7.5
      vertex 89.8656 74.3726 7.5
    endloop
  endfacet
  facet normal -0.382909 0.923786 0
    outer loop
      vertex 89.7387 74.32 7.5
      vertex 89.8656 74.3726 2.5
      vertex 89.7387 74.32 2.5
    endloop
  endfacet
  facet normal -0.461421 -0.887181 0
    outer loop
      vertex 89.8656 77.2274 2.5
      vertex 89.9875 77.164 7.5
      vertex 89.8656 77.2274 7.5
    endloop
  endfacet
  facet normal -0.461421 -0.887181 -0
    outer loop
      vertex 89.9875 77.164 7.5
      vertex 89.8656 77.2274 2.5
      vertex 89.9875 77.164 2.5
    endloop
  endfacet
  facet normal -0.0436583 -0.999047 0
    outer loop
      vertex 89.2 77.375 2.5
      vertex 89.3373 77.369 7.5
      vertex 89.2 77.375 7.5
    endloop
  endfacet
  facet normal -0.0436583 -0.999047 -0
    outer loop
      vertex 89.3373 77.369 7.5
      vertex 89.2 77.375 2.5
      vertex 89.3373 77.369 2.5
    endloop
  endfacet
  facet normal -0.537111 0.843512 0
    outer loop
      vertex 90.1034 74.5098 2.5
      vertex 89.9875 74.436 7.5
      vertex 90.1034 74.5098 7.5
    endloop
  endfacet
  facet normal -0.537111 0.843512 0
    outer loop
      vertex 89.9875 74.436 7.5
      vertex 90.1034 74.5098 2.5
      vertex 89.9875 74.436 2.5
    endloop
  endfacet
  facet normal -0.999047 0.0436583 0
    outer loop
      vertex 90.769 75.6627 2.5
      vertex 90.775 75.8 7.5
      vertex 90.775 75.8 2.5
    endloop
  endfacet
  facet normal -0.999047 0.0436583 0
    outer loop
      vertex 90.775 75.8 7.5
      vertex 90.769 75.6627 2.5
      vertex 90.769 75.6627 7.5
    endloop
  endfacet
  facet normal 0.21693 0.976187 -0
    outer loop
      vertex 88.9265 74.2489 2.5
      vertex 88.7924 74.2787 7.5
      vertex 88.9265 74.2489 7.5
    endloop
  endfacet
  facet normal 0.21693 0.976187 0
    outer loop
      vertex 88.7924 74.2787 7.5
      vertex 88.9265 74.2489 2.5
      vertex 88.7924 74.2787 2.5
    endloop
  endfacet
  facet normal 0.953791 0.30047 0
    outer loop
      vertex 87.72 75.2613 7.5
      vertex 87.6787 75.3924 2.5
      vertex 87.6787 75.3924 7.5
    endloop
  endfacet
  facet normal 0.953791 0.30047 0
    outer loop
      vertex 87.6787 75.3924 2.5
      vertex 87.72 75.2613 7.5
      vertex 87.72 75.2613 2.5
    endloop
  endfacet
  facet normal 0.999047 -0.0436583 0
    outer loop
      vertex 87.625 75.8 7.5
      vertex 87.631 75.9373 2.5
      vertex 87.631 75.9373 7.5
    endloop
  endfacet
  facet normal 0.999047 -0.0436583 0
    outer loop
      vertex 87.631 75.9373 2.5
      vertex 87.625 75.8 7.5
      vertex 87.625 75.8 2.5
    endloop
  endfacet
  facet normal -0.793138 -0.609042 0
    outer loop
      vertex 90.4902 76.7034 2.5
      vertex 90.4065 76.8124 7.5
      vertex 90.4065 76.8124 2.5
    endloop
  endfacet
  facet normal -0.793138 -0.609042 0
    outer loop
      vertex 90.4065 76.8124 7.5
      vertex 90.4902 76.7034 2.5
      vertex 90.4902 76.7034 7.5
    endloop
  endfacet
  facet normal -0.537111 -0.843512 0
    outer loop
      vertex 89.9875 77.164 2.5
      vertex 90.1034 77.0902 7.5
      vertex 89.9875 77.164 7.5
    endloop
  endfacet
  facet normal -0.537111 -0.843512 -0
    outer loop
      vertex 90.1034 77.0902 7.5
      vertex 89.9875 77.164 2.5
      vertex 90.1034 77.0902 2.5
    endloop
  endfacet
  facet normal -0.976187 -0.21693 0
    outer loop
      vertex 90.7511 76.0735 2.5
      vertex 90.7213 76.2076 7.5
      vertex 90.7213 76.2076 2.5
    endloop
  endfacet
  facet normal -0.976187 -0.21693 0
    outer loop
      vertex 90.7213 76.2076 7.5
      vertex 90.7511 76.0735 2.5
      vertex 90.7511 76.0735 7.5
    endloop
  endfacet
  facet normal -0.953791 0.30047 0
    outer loop
      vertex 90.68 75.2613 2.5
      vertex 90.7213 75.3924 7.5
      vertex 90.7213 75.3924 2.5
    endloop
  endfacet
  facet normal -0.953791 0.30047 0
    outer loop
      vertex 90.7213 75.3924 7.5
      vertex 90.68 75.2613 2.5
      vertex 90.68 75.2613 7.5
    endloop
  endfacet
  facet normal -0.30047 0.953791 0
    outer loop
      vertex 89.7387 74.32 2.5
      vertex 89.6076 74.2787 7.5
      vertex 89.7387 74.32 7.5
    endloop
  endfacet
  facet normal -0.30047 0.953791 0
    outer loop
      vertex 89.6076 74.2787 7.5
      vertex 89.7387 74.32 2.5
      vertex 89.6076 74.2787 2.5
    endloop
  endfacet
  facet normal 0.130304 -0.991474 0
    outer loop
      vertex 88.9265 77.3511 2.5
      vertex 89.0627 77.369 7.5
      vertex 88.9265 77.3511 7.5
    endloop
  endfacet
  facet normal 0.130304 -0.991474 0
    outer loop
      vertex 89.0627 77.369 7.5
      vertex 88.9265 77.3511 2.5
      vertex 89.0627 77.369 2.5
    endloop
  endfacet
  facet normal 0.923786 0.382909 0
    outer loop
      vertex 87.7726 75.1344 7.5
      vertex 87.72 75.2613 2.5
      vertex 87.72 75.2613 7.5
    endloop
  endfacet
  facet normal 0.923786 0.382909 0
    outer loop
      vertex 87.72 75.2613 2.5
      vertex 87.7726 75.1344 7.5
      vertex 87.7726 75.1344 2.5
    endloop
  endfacet
  facet normal 0.461421 -0.887181 0
    outer loop
      vertex 88.4125 77.164 2.5
      vertex 88.5344 77.2274 7.5
      vertex 88.4125 77.164 7.5
    endloop
  endfacet
  facet normal 0.461421 -0.887181 0
    outer loop
      vertex 88.5344 77.2274 7.5
      vertex 88.4125 77.164 2.5
      vertex 88.5344 77.2274 2.5
    endloop
  endfacet
  facet normal -0.130304 -0.991474 0
    outer loop
      vertex 89.3373 77.369 2.5
      vertex 89.4735 77.3511 7.5
      vertex 89.3373 77.369 7.5
    endloop
  endfacet
  facet normal -0.130304 -0.991474 -0
    outer loop
      vertex 89.4735 77.3511 7.5
      vertex 89.3373 77.369 2.5
      vertex 89.4735 77.3511 2.5
    endloop
  endfacet
  facet normal -0.130304 0.991474 0
    outer loop
      vertex 89.4735 74.2489 2.5
      vertex 89.3373 74.231 7.5
      vertex 89.4735 74.2489 7.5
    endloop
  endfacet
  facet normal -0.130304 0.991474 0
    outer loop
      vertex 89.3373 74.231 7.5
      vertex 89.4735 74.2489 2.5
      vertex 89.3373 74.231 2.5
    endloop
  endfacet
  facet normal 0.537111 -0.843512 0
    outer loop
      vertex 88.2966 77.0902 2.5
      vertex 88.4125 77.164 7.5
      vertex 88.2966 77.0902 7.5
    endloop
  endfacet
  facet normal 0.537111 -0.843512 0
    outer loop
      vertex 88.4125 77.164 7.5
      vertex 88.2966 77.0902 2.5
      vertex 88.4125 77.164 2.5
    endloop
  endfacet
  facet normal 0.609042 -0.793138 0
    outer loop
      vertex 88.1876 77.0065 2.5
      vertex 88.2966 77.0902 7.5
      vertex 88.1876 77.0065 7.5
    endloop
  endfacet
  facet normal 0.609042 -0.793138 0
    outer loop
      vertex 88.2966 77.0902 7.5
      vertex 88.1876 77.0065 2.5
      vertex 88.2966 77.0902 2.5
    endloop
  endfacet
  facet normal 0.382909 0.923786 -0
    outer loop
      vertex 88.6613 74.32 2.5
      vertex 88.5344 74.3726 7.5
      vertex 88.6613 74.32 7.5
    endloop
  endfacet
  facet normal 0.382909 0.923786 0
    outer loop
      vertex 88.5344 74.3726 7.5
      vertex 88.6613 74.32 2.5
      vertex 88.5344 74.3726 2.5
    endloop
  endfacet
  facet normal -0.976187 0.21693 0
    outer loop
      vertex 90.7213 75.3924 2.5
      vertex 90.7511 75.5265 7.5
      vertex 90.7511 75.5265 2.5
    endloop
  endfacet
  facet normal -0.976187 0.21693 0
    outer loop
      vertex 90.7511 75.5265 7.5
      vertex 90.7213 75.3924 2.5
      vertex 90.7213 75.3924 7.5
    endloop
  endfacet
  facet normal -0.843512 0.537111 0
    outer loop
      vertex 90.4902 74.8966 2.5
      vertex 90.564 75.0125 7.5
      vertex 90.564 75.0125 2.5
    endloop
  endfacet
  facet normal -0.843512 0.537111 0
    outer loop
      vertex 90.564 75.0125 7.5
      vertex 90.4902 74.8966 2.5
      vertex 90.4902 74.8966 7.5
    endloop
  endfacet
  facet normal -0.843512 -0.537111 0
    outer loop
      vertex 90.564 76.5875 2.5
      vertex 90.4902 76.7034 7.5
      vertex 90.4902 76.7034 2.5
    endloop
  endfacet
  facet normal -0.843512 -0.537111 0
    outer loop
      vertex 90.4902 76.7034 7.5
      vertex 90.564 76.5875 2.5
      vertex 90.564 76.5875 7.5
    endloop
  endfacet
  facet normal -0.887181 -0.461421 0
    outer loop
      vertex 90.6274 76.4656 2.5
      vertex 90.564 76.5875 7.5
      vertex 90.564 76.5875 2.5
    endloop
  endfacet
  facet normal -0.887181 -0.461421 0
    outer loop
      vertex 90.564 76.5875 7.5
      vertex 90.6274 76.4656 2.5
      vertex 90.6274 76.4656 7.5
    endloop
  endfacet
  facet normal 0.30047 -0.953791 0
    outer loop
      vertex 88.6613 77.28 2.5
      vertex 88.7924 77.3213 7.5
      vertex 88.6613 77.28 7.5
    endloop
  endfacet
  facet normal 0.30047 -0.953791 0
    outer loop
      vertex 88.7924 77.3213 7.5
      vertex 88.6613 77.28 2.5
      vertex 88.7924 77.3213 2.5
    endloop
  endfacet
  facet normal -0.793138 0.609042 0
    outer loop
      vertex 90.4065 74.7876 2.5
      vertex 90.4902 74.8966 7.5
      vertex 90.4902 74.8966 2.5
    endloop
  endfacet
  facet normal -0.793138 0.609042 0
    outer loop
      vertex 90.4902 74.8966 7.5
      vertex 90.4065 74.7876 2.5
      vertex 90.4065 74.7876 7.5
    endloop
  endfacet
  facet normal 0.537111 0.843512 -0
    outer loop
      vertex 88.4125 74.436 2.5
      vertex 88.2966 74.5098 7.5
      vertex 88.4125 74.436 7.5
    endloop
  endfacet
  facet normal 0.537111 0.843512 0
    outer loop
      vertex 88.2966 74.5098 7.5
      vertex 88.4125 74.436 2.5
      vertex 88.2966 74.5098 2.5
    endloop
  endfacet
  facet normal 0.382909 -0.923786 0
    outer loop
      vertex 88.5344 77.2274 2.5
      vertex 88.6613 77.28 7.5
      vertex 88.5344 77.2274 7.5
    endloop
  endfacet
  facet normal 0.382909 -0.923786 0
    outer loop
      vertex 88.6613 77.28 7.5
      vertex 88.5344 77.2274 2.5
      vertex 88.6613 77.28 2.5
    endloop
  endfacet
  facet normal -0.923786 -0.382909 0
    outer loop
      vertex 90.68 76.3387 2.5
      vertex 90.6274 76.4656 7.5
      vertex 90.6274 76.4656 2.5
    endloop
  endfacet
  facet normal -0.923786 -0.382909 0
    outer loop
      vertex 90.6274 76.4656 7.5
      vertex 90.68 76.3387 2.5
      vertex 90.68 76.3387 7.5
    endloop
  endfacet
  facet normal 0.991474 0.130304 0
    outer loop
      vertex 87.6489 75.5265 7.5
      vertex 87.631 75.6627 2.5
      vertex 87.631 75.6627 7.5
    endloop
  endfacet
  facet normal 0.991474 0.130304 0
    outer loop
      vertex 87.631 75.6627 2.5
      vertex 87.6489 75.5265 7.5
      vertex 87.6489 75.5265 2.5
    endloop
  endfacet
  facet normal 0.991474 -0.130304 0
    outer loop
      vertex 87.631 75.9373 7.5
      vertex 87.6489 76.0735 2.5
      vertex 87.6489 76.0735 7.5
    endloop
  endfacet
  facet normal 0.991474 -0.130304 0
    outer loop
      vertex 87.6489 76.0735 2.5
      vertex 87.631 75.9373 7.5
      vertex 87.631 75.9373 2.5
    endloop
  endfacet
  facet normal -0.737366 0.675494 0
    outer loop
      vertex 90.3137 74.6863 2.5
      vertex 90.4065 74.7876 7.5
      vertex 90.4065 74.7876 2.5
    endloop
  endfacet
  facet normal -0.737366 0.675494 0
    outer loop
      vertex 90.4065 74.7876 7.5
      vertex 90.3137 74.6863 2.5
      vertex 90.3137 74.6863 7.5
    endloop
  endfacet
  facet normal -0.382909 -0.923786 0
    outer loop
      vertex 89.7387 77.28 2.5
      vertex 89.8656 77.2274 7.5
      vertex 89.7387 77.28 7.5
    endloop
  endfacet
  facet normal -0.382909 -0.923786 -0
    outer loop
      vertex 89.8656 77.2274 7.5
      vertex 89.7387 77.28 2.5
      vertex 89.8656 77.2274 2.5
    endloop
  endfacet
  facet normal -0.0436583 0.999047 0
    outer loop
      vertex 89.3373 74.231 2.5
      vertex 89.2 74.225 7.5
      vertex 89.3373 74.231 7.5
    endloop
  endfacet
  facet normal -0.0436583 0.999047 0
    outer loop
      vertex 89.2 74.225 7.5
      vertex 89.3373 74.231 2.5
      vertex 89.2 74.225 2.5
    endloop
  endfacet
  facet normal -0.30047 -0.953791 0
    outer loop
      vertex 89.6076 77.3213 2.5
      vertex 89.7387 77.28 7.5
      vertex 89.6076 77.3213 7.5
    endloop
  endfacet
  facet normal -0.30047 -0.953791 -0
    outer loop
      vertex 89.7387 77.28 7.5
      vertex 89.6076 77.3213 2.5
      vertex 89.7387 77.28 2.5
    endloop
  endfacet
  facet normal 0.30047 0.953791 -0
    outer loop
      vertex 88.7924 74.2787 2.5
      vertex 88.6613 74.32 7.5
      vertex 88.7924 74.2787 7.5
    endloop
  endfacet
  facet normal 0.30047 0.953791 0
    outer loop
      vertex 88.6613 74.32 7.5
      vertex 88.7924 74.2787 2.5
      vertex 88.6613 74.32 2.5
    endloop
  endfacet
  facet normal 0.737366 -0.675494 0
    outer loop
      vertex 87.9935 76.8124 7.5
      vertex 88.0863 76.9137 2.5
      vertex 88.0863 76.9137 7.5
    endloop
  endfacet
  facet normal 0.737366 -0.675494 0
    outer loop
      vertex 88.0863 76.9137 2.5
      vertex 87.9935 76.8124 7.5
      vertex 87.9935 76.8124 2.5
    endloop
  endfacet
  facet normal 0.0436583 0.999047 -0
    outer loop
      vertex 89.2 74.225 2.5
      vertex 89.0627 74.231 7.5
      vertex 89.2 74.225 7.5
    endloop
  endfacet
  facet normal 0.0436583 0.999047 0
    outer loop
      vertex 89.0627 74.231 7.5
      vertex 89.2 74.225 2.5
      vertex 89.0627 74.231 2.5
    endloop
  endfacet
  facet normal -0.461421 0.887181 0
    outer loop
      vertex 89.9875 74.436 2.5
      vertex 89.8656 74.3726 7.5
      vertex 89.9875 74.436 7.5
    endloop
  endfacet
  facet normal -0.461421 0.887181 0
    outer loop
      vertex 89.8656 74.3726 7.5
      vertex 89.9875 74.436 2.5
      vertex 89.8656 74.3726 2.5
    endloop
  endfacet
  facet normal 0.675494 -0.737366 0
    outer loop
      vertex 88.0863 76.9137 2.5
      vertex 88.1876 77.0065 7.5
      vertex 88.0863 76.9137 7.5
    endloop
  endfacet
  facet normal 0.675494 -0.737366 0
    outer loop
      vertex 88.1876 77.0065 7.5
      vertex 88.0863 76.9137 2.5
      vertex 88.1876 77.0065 2.5
    endloop
  endfacet
  facet normal -0.609042 -0.793138 0
    outer loop
      vertex 90.1034 77.0902 2.5
      vertex 90.2124 77.0065 7.5
      vertex 90.1034 77.0902 7.5
    endloop
  endfacet
  facet normal -0.609042 -0.793138 -0
    outer loop
      vertex 90.2124 77.0065 7.5
      vertex 90.1034 77.0902 2.5
      vertex 90.2124 77.0065 2.5
    endloop
  endfacet
  facet normal 0.887181 0.461421 0
    outer loop
      vertex 87.836 75.0125 7.5
      vertex 87.7726 75.1344 2.5
      vertex 87.7726 75.1344 7.5
    endloop
  endfacet
  facet normal 0.887181 0.461421 0
    outer loop
      vertex 87.7726 75.1344 2.5
      vertex 87.836 75.0125 7.5
      vertex 87.836 75.0125 2.5
    endloop
  endfacet
  facet normal 0.0436583 -0.999047 0
    outer loop
      vertex 89.0627 77.369 2.5
      vertex 89.2 77.375 7.5
      vertex 89.0627 77.369 7.5
    endloop
  endfacet
  facet normal 0.0436583 -0.999047 0
    outer loop
      vertex 89.2 77.375 7.5
      vertex 89.0627 77.369 2.5
      vertex 89.2 77.375 2.5
    endloop
  endfacet
  facet normal 0.999047 0.0436583 0
    outer loop
      vertex 87.631 75.6627 7.5
      vertex 87.625 75.8 2.5
      vertex 87.625 75.8 7.5
    endloop
  endfacet
  facet normal 0.999047 0.0436583 0
    outer loop
      vertex 87.625 75.8 2.5
      vertex 87.631 75.6627 7.5
      vertex 87.631 75.6627 2.5
    endloop
  endfacet
  facet normal -0.737366 -0.675494 0
    outer loop
      vertex 90.4065 76.8124 2.5
      vertex 90.3137 76.9137 7.5
      vertex 90.3137 76.9137 2.5
    endloop
  endfacet
  facet normal -0.737366 -0.675494 0
    outer loop
      vertex 90.3137 76.9137 7.5
      vertex 90.4065 76.8124 2.5
      vertex 90.4065 76.8124 7.5
    endloop
  endfacet
  facet normal -0.675494 -0.737366 0
    outer loop
      vertex 90.2124 77.0065 2.5
      vertex 90.3137 76.9137 7.5
      vertex 90.2124 77.0065 7.5
    endloop
  endfacet
  facet normal -0.675494 -0.737366 -0
    outer loop
      vertex 90.3137 76.9137 7.5
      vertex 90.2124 77.0065 2.5
      vertex 90.3137 76.9137 2.5
    endloop
  endfacet
  facet normal -0.953791 -0.30047 0
    outer loop
      vertex 90.7213 76.2076 2.5
      vertex 90.68 76.3387 7.5
      vertex 90.68 76.3387 2.5
    endloop
  endfacet
  facet normal -0.953791 -0.30047 0
    outer loop
      vertex 90.68 76.3387 7.5
      vertex 90.7213 76.2076 2.5
      vertex 90.7213 76.2076 7.5
    endloop
  endfacet
  facet normal 0.976187 0.21693 0
    outer loop
      vertex 87.6787 75.3924 7.5
      vertex 87.6489 75.5265 2.5
      vertex 87.6489 75.5265 7.5
    endloop
  endfacet
  facet normal 0.976187 0.21693 0
    outer loop
      vertex 87.6489 75.5265 2.5
      vertex 87.6787 75.3924 7.5
      vertex 87.6787 75.3924 2.5
    endloop
  endfacet
  facet normal 0.675494 0.737366 -0
    outer loop
      vertex 88.1876 74.5935 2.5
      vertex 88.0863 74.6863 7.5
      vertex 88.1876 74.5935 7.5
    endloop
  endfacet
  facet normal 0.675494 0.737366 0
    outer loop
      vertex 88.0863 74.6863 7.5
      vertex 88.1876 74.5935 2.5
      vertex 88.0863 74.6863 2.5
    endloop
  endfacet
  facet normal 0.737366 0.675494 0
    outer loop
      vertex 88.0863 74.6863 7.5
      vertex 87.9935 74.7876 2.5
      vertex 87.9935 74.7876 7.5
    endloop
  endfacet
  facet normal 0.737366 0.675494 0
    outer loop
      vertex 87.9935 74.7876 2.5
      vertex 88.0863 74.6863 7.5
      vertex 88.0863 74.6863 2.5
    endloop
  endfacet
  facet normal 0.609042 0.793138 -0
    outer loop
      vertex 88.2966 74.5098 2.5
      vertex 88.1876 74.5935 7.5
      vertex 88.2966 74.5098 7.5
    endloop
  endfacet
  facet normal 0.609042 0.793138 0
    outer loop
      vertex 88.1876 74.5935 7.5
      vertex 88.2966 74.5098 2.5
      vertex 88.1876 74.5935 2.5
    endloop
  endfacet
  facet normal -0.991474 0.130304 0
    outer loop
      vertex 90.7511 75.5265 2.5
      vertex 90.769 75.6627 7.5
      vertex 90.769 75.6627 2.5
    endloop
  endfacet
  facet normal -0.991474 0.130304 0
    outer loop
      vertex 90.769 75.6627 7.5
      vertex 90.7511 75.5265 2.5
      vertex 90.7511 75.5265 7.5
    endloop
  endfacet
  facet normal 0.793138 -0.609042 0
    outer loop
      vertex 87.9098 76.7034 7.5
      vertex 87.9935 76.8124 2.5
      vertex 87.9935 76.8124 7.5
    endloop
  endfacet
  facet normal 0.793138 -0.609042 0
    outer loop
      vertex 87.9935 76.8124 2.5
      vertex 87.9098 76.7034 7.5
      vertex 87.9098 76.7034 2.5
    endloop
  endfacet
  facet normal -0.21693 -0.976187 0
    outer loop
      vertex 89.4735 77.3511 2.5
      vertex 89.6076 77.3213 7.5
      vertex 89.4735 77.3511 7.5
    endloop
  endfacet
  facet normal -0.21693 -0.976187 -0
    outer loop
      vertex 89.6076 77.3213 7.5
      vertex 89.4735 77.3511 2.5
      vertex 89.6076 77.3213 2.5
    endloop
  endfacet
  facet normal 0.461421 0.887181 -0
    outer loop
      vertex 88.5344 74.3726 2.5
      vertex 88.4125 74.436 7.5
      vertex 88.5344 74.3726 7.5
    endloop
  endfacet
  facet normal 0.461421 0.887181 0
    outer loop
      vertex 88.4125 74.436 7.5
      vertex 88.5344 74.3726 2.5
      vertex 88.4125 74.436 2.5
    endloop
  endfacet
  facet normal -0.887181 0.461421 0
    outer loop
      vertex 90.564 75.0125 2.5
      vertex 90.6274 75.1344 7.5
      vertex 90.6274 75.1344 2.5
    endloop
  endfacet
  facet normal -0.887181 0.461421 0
    outer loop
      vertex 90.6274 75.1344 7.5
      vertex 90.564 75.0125 2.5
      vertex 90.564 75.0125 7.5
    endloop
  endfacet
  facet normal -0.923786 0.382909 0
    outer loop
      vertex 90.6274 75.1344 2.5
      vertex 90.68 75.2613 7.5
      vertex 90.68 75.2613 2.5
    endloop
  endfacet
  facet normal -0.923786 0.382909 0
    outer loop
      vertex 90.68 75.2613 7.5
      vertex 90.6274 75.1344 2.5
      vertex 90.6274 75.1344 7.5
    endloop
  endfacet
  facet normal 0.976187 -0.21693 0
    outer loop
      vertex 87.6489 76.0735 7.5
      vertex 87.6787 76.2076 2.5
      vertex 87.6787 76.2076 7.5
    endloop
  endfacet
  facet normal 0.976187 -0.21693 0
    outer loop
      vertex 87.6787 76.2076 2.5
      vertex 87.6489 76.0735 7.5
      vertex 87.6489 76.0735 2.5
    endloop
  endfacet
  facet normal -0.609042 0.793138 0
    outer loop
      vertex 90.2124 74.5935 2.5
      vertex 90.1034 74.5098 7.5
      vertex 90.2124 74.5935 7.5
    endloop
  endfacet
  facet normal -0.609042 0.793138 0
    outer loop
      vertex 90.1034 74.5098 7.5
      vertex 90.2124 74.5935 2.5
      vertex 90.1034 74.5098 2.5
    endloop
  endfacet
  facet normal 0.953791 -0.30047 0
    outer loop
      vertex 87.6787 76.2076 7.5
      vertex 87.72 76.3387 2.5
      vertex 87.72 76.3387 7.5
    endloop
  endfacet
  facet normal 0.953791 -0.30047 0
    outer loop
      vertex 87.72 76.3387 2.5
      vertex 87.6787 76.2076 7.5
      vertex 87.6787 76.2076 2.5
    endloop
  endfacet
  facet normal 0.843512 -0.537111 0
    outer loop
      vertex 87.836 76.5875 7.5
      vertex 87.9098 76.7034 2.5
      vertex 87.9098 76.7034 7.5
    endloop
  endfacet
  facet normal 0.843512 -0.537111 0
    outer loop
      vertex 87.9098 76.7034 2.5
      vertex 87.836 76.5875 7.5
      vertex 87.836 76.5875 2.5
    endloop
  endfacet
  facet normal -0.675494 0.737366 0
    outer loop
      vertex 90.3137 74.6863 2.5
      vertex 90.2124 74.5935 7.5
      vertex 90.3137 74.6863 7.5
    endloop
  endfacet
  facet normal -0.675494 0.737366 0
    outer loop
      vertex 90.2124 74.5935 7.5
      vertex 90.3137 74.6863 2.5
      vertex 90.2124 74.5935 2.5
    endloop
  endfacet
  facet normal 0.843512 0.537111 0
    outer loop
      vertex 87.9098 74.8966 7.5
      vertex 87.836 75.0125 2.5
      vertex 87.836 75.0125 7.5
    endloop
  endfacet
  facet normal 0.843512 0.537111 0
    outer loop
      vertex 87.836 75.0125 2.5
      vertex 87.9098 74.8966 7.5
      vertex 87.9098 74.8966 2.5
    endloop
  endfacet
  facet normal 0.793138 0.609042 0
    outer loop
      vertex 87.9935 74.7876 7.5
      vertex 87.9098 74.8966 2.5
      vertex 87.9098 74.8966 7.5
    endloop
  endfacet
  facet normal 0.793138 0.609042 0
    outer loop
      vertex 87.9098 74.8966 2.5
      vertex 87.9935 74.7876 7.5
      vertex 87.9935 74.7876 2.5
    endloop
  endfacet
  facet normal -0.21693 0.976187 0
    outer loop
      vertex 89.6076 74.2787 2.5
      vertex 89.4735 74.2489 7.5
      vertex 89.6076 74.2787 7.5
    endloop
  endfacet
  facet normal -0.21693 0.976187 0
    outer loop
      vertex 89.4735 74.2489 7.5
      vertex 89.6076 74.2787 2.5
      vertex 89.4735 74.2489 2.5
    endloop
  endfacet
  facet normal -1 0 0
    outer loop
      vertex 93.6 0 12.75
      vertex 93.6 2.5 37.6
      vertex 93.6 2.5 12.75
    endloop
  endfacet
  facet normal -1 -0 0
    outer loop
      vertex 93.6 2.5 37.6
      vertex 93.6 0 12.75
      vertex 93.6 0 37.6
    endloop
  endfacet
  facet normal 0 0 -1
    outer loop
      vertex 21.75 0 37.6
      vertex 93.6 2.5 37.6
      vertex 93.6 0 37.6
    endloop
  endfacet
  facet normal -0 0 -1
    outer loop
      vertex 93.6 2.5 37.6
      vertex 21.75 0 37.6
      vertex 21.75 2.5 37.6
    endloop
  endfacet
  facet normal -0 0 1
    outer loop
      vertex 21.75 2.5 12.75
      vertex 93.6 0 12.75
      vertex 93.6 2.5 12.75
    endloop
  endfacet
  facet normal 0 0 1
    outer loop
      vertex 93.6 0 12.75
      vertex 21.75 2.5 12.75
      vertex 21.75 0 12.75
    endloop
  endfacet
  facet normal 1 -0 0
    outer loop
      vertex 21.75 0 37.6
      vertex 21.75 2.5 12.75
      vertex 21.75 2.5 37.6
    endloop
  endfacet
  facet normal 1 0 0
    outer loop
      vertex 21.75 2.5 12.75
      vertex 21.75 0 37.6
      vertex 21.75 0 12.75
    endloop
  endfacet
  facet normal -0.382889 0 0.923795
    outer loop
      vertex 108.291 2.5 21.4527
      vertex 108.595 0 21.5787
      vertex 108.595 2.5 21.5787
    endloop
  endfacet
  facet normal -0.382889 0 0.923795
    outer loop
      vertex 108.595 0 21.5787
      vertex 108.291 2.5 21.4527
      vertex 108.291 0 21.4527
    endloop
  endfacet
  facet normal -0.991439 0 -0.130572
    outer loop
      vertex 110.761 0 25.329
      vertex 110.718 2.5 25.6555
      vertex 110.761 2.5 25.329
    endloop
  endfacet
  facet normal -0.991439 -0 -0.130572
    outer loop
      vertex 110.718 2.5 25.6555
      vertex 110.761 0 25.329
      vertex 110.718 0 25.6555
    endloop
  endfacet
  facet normal -0.999096 0 -0.0425147
    outer loop
      vertex 110.775 0 25
      vertex 110.761 2.5 25.329
      vertex 110.775 2.5 25
    endloop
  endfacet
  facet normal -0.999096 -0 -0.0425147
    outer loop
      vertex 110.761 2.5 25.329
      vertex 110.775 0 25
      vertex 110.761 0 25.329
    endloop
  endfacet
  facet normal -0.975829 0 -0.218537
    outer loop
      vertex 110.718 0 25.6555
      vertex 110.646 2.5 25.977
      vertex 110.718 2.5 25.6555
    endloop
  endfacet
  facet normal -0.975829 -0 -0.218537
    outer loop
      vertex 110.646 2.5 25.977
      vertex 110.718 0 25.6555
      vertex 110.646 0 25.977
    endloop
  endfacet
  facet normal 0.0437271 0 -0.999044
    outer loop
      vertex 106.671 0 28.7606
      vertex 107 2.5 28.775
      vertex 107 0 28.775
    endloop
  endfacet
  facet normal 0.0437271 0 -0.999044
    outer loop
      vertex 107 2.5 28.775
      vertex 106.671 0 28.7606
      vertex 106.671 2.5 28.7606
    endloop
  endfacet
  facet normal 0.975829 0 -0.218537
    outer loop
      vertex 103.354 0 25.977
      vertex 103.282 2.5 25.6555
      vertex 103.354 2.5 25.977
    endloop
  endfacet
  facet normal 0.975829 0 -0.218537
    outer loop
      vertex 103.282 2.5 25.6555
      vertex 103.354 0 25.977
      vertex 103.282 0 25.6555
    endloop
  endfacet
  facet normal -0.843361 0 -0.537347
    outer loop
      vertex 110.269 0 26.8875
      vertex 110.092 2.5 27.1653
      vertex 110.269 2.5 26.8875
    endloop
  endfacet
  facet normal -0.843361 -0 -0.537347
    outer loop
      vertex 110.092 2.5 27.1653
      vertex 110.269 0 26.8875
      vertex 110.092 0 27.1653
    endloop
  endfacet
  facet normal 0.216544 0 -0.976273
    outer loop
      vertex 106.023 0 28.6464
      vertex 106.344 2.5 28.7176
      vertex 106.344 0 28.7176
    endloop
  endfacet
  facet normal 0.216544 0 -0.976273
    outer loop
      vertex 106.344 2.5 28.7176
      vertex 106.023 0 28.6464
      vertex 106.023 2.5 28.6464
    endloop
  endfacet
  facet normal -0.793978 0 0.607946
    outer loop
      vertex 109.892 0 22.5735
      vertex 110.092 2.5 22.8347
      vertex 109.892 2.5 22.5735
    endloop
  endfacet
  facet normal -0.793978 0 0.607946
    outer loop
      vertex 110.092 2.5 22.8347
      vertex 109.892 0 22.5735
      vertex 110.092 0 22.8347
    endloop
  endfacet
  facet normal 0.382889 0 -0.923795
    outer loop
      vertex 105.405 0 28.4213
      vertex 105.709 2.5 28.5473
      vertex 105.709 0 28.5473
    endloop
  endfacet
  facet normal 0.382889 0 -0.923795
    outer loop
      vertex 105.709 2.5 28.5473
      vertex 105.405 0 28.4213
      vertex 105.405 2.5 28.4213
    endloop
  endfacet
  facet normal 0.300971 0 0.953633
    outer loop
      vertex 105.709 2.5 21.4527
      vertex 106.023 0 21.3536
      vertex 106.023 2.5 21.3536
    endloop
  endfacet
  facet normal 0.300971 0 0.953633
    outer loop
      vertex 106.023 0 21.3536
      vertex 105.709 2.5 21.4527
      vertex 105.709 0 21.4527
    endloop
  endfacet
  facet normal 0.793978 -0 0.607946
    outer loop
      vertex 103.908 0 22.8347
      vertex 104.108 2.5 22.5735
      vertex 103.908 2.5 22.8347
    endloop
  endfacet
  facet normal 0.793978 0 0.607946
    outer loop
      vertex 104.108 2.5 22.5735
      vertex 103.908 0 22.8347
      vertex 104.108 0 22.5735
    endloop
  endfacet
  facet normal -0.975829 0 0.218537
    outer loop
      vertex 110.646 0 24.023
      vertex 110.718 2.5 24.3445
      vertex 110.646 2.5 24.023
    endloop
  endfacet
  facet normal -0.975829 0 0.218537
    outer loop
      vertex 110.718 2.5 24.3445
      vertex 110.646 0 24.023
      vertex 110.718 0 24.3445
    endloop
  endfacet
  facet normal -0.953748 0 -0.300608
    outer loop
      vertex 110.646 0 25.977
      vertex 110.547 2.5 26.2911
      vertex 110.646 2.5 25.977
    endloop
  endfacet
  facet normal -0.953748 -0 -0.300608
    outer loop
      vertex 110.547 2.5 26.2911
      vertex 110.646 0 25.977
      vertex 110.547 0 26.2911
    endloop
  endfacet
  facet normal -0.300971 0 0.953633
    outer loop
      vertex 107.977 2.5 21.3536
      vertex 108.291 0 21.4527
      vertex 108.291 2.5 21.4527
    endloop
  endfacet
  facet normal -0.300971 0 0.953633
    outer loop
      vertex 108.291 0 21.4527
      vertex 107.977 2.5 21.3536
      vertex 107.977 0 21.3536
    endloop
  endfacet
  facet normal -0.887083 0 0.461611
    outer loop
      vertex 110.269 0 23.1125
      vertex 110.421 2.5 23.4046
      vertex 110.269 2.5 23.1125
    endloop
  endfacet
  facet normal -0.887083 0 0.461611
    outer loop
      vertex 110.421 2.5 23.4046
      vertex 110.269 0 23.1125
      vertex 110.421 0 23.4046
    endloop
  endfacet
  facet normal -0.607731 0 -0.794143
    outer loop
      vertex 109.165 0 28.0923
      vertex 109.427 2.5 27.8918
      vertex 109.427 0 27.8918
    endloop
  endfacet
  facet normal -0.607731 0 -0.794143
    outer loop
      vertex 109.427 2.5 27.8918
      vertex 109.165 0 28.0923
      vertex 109.165 2.5 28.0923
    endloop
  endfacet
  facet normal -0.991439 0 0.130572
    outer loop
      vertex 110.718 0 24.3445
      vertex 110.761 2.5 24.671
      vertex 110.718 2.5 24.3445
    endloop
  endfacet
  facet normal -0.991439 0 0.130572
    outer loop
      vertex 110.761 2.5 24.671
      vertex 110.718 0 24.3445
      vertex 110.761 0 24.671
    endloop
  endfacet
  facet normal -0.216544 0 0.976273
    outer loop
      vertex 107.656 2.5 21.2824
      vertex 107.977 0 21.3536
      vertex 107.977 2.5 21.3536
    endloop
  endfacet
  facet normal -0.216544 0 0.976273
    outer loop
      vertex 107.977 0 21.3536
      vertex 107.656 2.5 21.2824
      vertex 107.656 0 21.2824
    endloop
  endfacet
  facet normal 0.536856 0 -0.843674
    outer loop
      vertex 104.835 0 28.0923
      vertex 105.113 2.5 28.2692
      vertex 105.113 0 28.2692
    endloop
  endfacet
  facet normal 0.536856 0 -0.843674
    outer loop
      vertex 105.113 2.5 28.2692
      vertex 104.835 0 28.0923
      vertex 104.835 2.5 28.0923
    endloop
  endfacet
  facet normal -0.382889 0 -0.923795
    outer loop
      vertex 108.291 0 28.5473
      vertex 108.595 2.5 28.4213
      vertex 108.595 0 28.4213
    endloop
  endfacet
  facet normal -0.382889 0 -0.923795
    outer loop
      vertex 108.595 2.5 28.4213
      vertex 108.291 0 28.5473
      vertex 108.291 2.5 28.5473
    endloop
  endfacet
  facet normal -0.999096 0 0.0425147
    outer loop
      vertex 110.761 0 24.671
      vertex 110.775 2.5 25
      vertex 110.761 2.5 24.671
    endloop
  endfacet
  facet normal -0.999096 0 0.0425147
    outer loop
      vertex 110.775 2.5 25
      vertex 110.761 0 24.671
      vertex 110.775 0 25
    endloop
  endfacet
  facet normal -0.300971 0 -0.953633
    outer loop
      vertex 107.977 0 28.6464
      vertex 108.291 2.5 28.5473
      vertex 108.291 0 28.5473
    endloop
  endfacet
  facet normal -0.300971 0 -0.953633
    outer loop
      vertex 108.291 2.5 28.5473
      vertex 107.977 0 28.6464
      vertex 107.977 2.5 28.6464
    endloop
  endfacet
  facet normal -0.216544 0 -0.976273
    outer loop
      vertex 107.656 0 28.7176
      vertex 107.977 2.5 28.6464
      vertex 107.977 0 28.6464
    endloop
  endfacet
  facet normal -0.216544 0 -0.976273
    outer loop
      vertex 107.977 2.5 28.6464
      vertex 107.656 0 28.7176
      vertex 107.656 2.5 28.7176
    endloop
  endfacet
  facet normal 0.975829 -0 0.218537
    outer loop
      vertex 103.282 0 24.3445
      vertex 103.354 2.5 24.023
      vertex 103.282 2.5 24.3445
    endloop
  endfacet
  facet normal 0.975829 0 0.218537
    outer loop
      vertex 103.354 2.5 24.023
      vertex 103.282 0 24.3445
      vertex 103.354 0 24.023
    endloop
  endfacet
  facet normal 0.793978 0 -0.607946
    outer loop
      vertex 104.108 0 27.4265
      vertex 103.908 2.5 27.1653
      vertex 104.108 2.5 27.4265
    endloop
  endfacet
  facet normal 0.793978 0 -0.607946
    outer loop
      vertex 103.908 2.5 27.1653
      vertex 104.108 0 27.4265
      vertex 103.908 0 27.1653
    endloop
  endfacet
  facet normal -0.607731 0 0.794143
    outer loop
      vertex 109.165 2.5 21.9077
      vertex 109.427 0 22.1082
      vertex 109.427 2.5 22.1082
    endloop
  endfacet
  facet normal -0.607731 0 0.794143
    outer loop
      vertex 109.427 0 22.1082
      vertex 109.165 2.5 21.9077
      vertex 109.165 0 21.9077
    endloop
  endfacet
  facet normal -0.923928 0 -0.382566
    outer loop
      vertex 110.547 0 26.2911
      vertex 110.421 2.5 26.5954
      vertex 110.547 2.5 26.2911
    endloop
  endfacet
  facet normal -0.923928 -0 -0.382566
    outer loop
      vertex 110.421 2.5 26.5954
      vertex 110.547 0 26.2911
      vertex 110.421 0 26.5954
    endloop
  endfacet
  facet normal 0.676826 0 -0.736143
    outer loop
      vertex 104.331 0 27.6693
      vertex 104.573 2.5 27.8918
      vertex 104.573 0 27.8918
    endloop
  endfacet
  facet normal 0.676826 0 -0.736143
    outer loop
      vertex 104.573 2.5 27.8918
      vertex 104.331 0 27.6693
      vertex 104.331 2.5 27.6693
    endloop
  endfacet
  facet normal 0.999096 -0 0.0425147
    outer loop
      vertex 103.225 0 25
      vertex 103.239 2.5 24.671
      vertex 103.225 2.5 25
    endloop
  endfacet
  facet normal 0.999096 0 0.0425147
    outer loop
      vertex 103.239 2.5 24.671
      vertex 103.225 0 25
      vertex 103.239 0 24.671
    endloop
  endfacet
  facet normal 0.991439 -0 0.130572
    outer loop
      vertex 103.239 0 24.671
      vertex 103.282 2.5 24.3445
      vertex 103.239 2.5 24.671
    endloop
  endfacet
  facet normal 0.991439 0 0.130572
    outer loop
      vertex 103.282 2.5 24.3445
      vertex 103.239 0 24.671
      vertex 103.282 0 24.3445
    endloop
  endfacet
  facet normal 0.607731 0 -0.794143
    outer loop
      vertex 104.573 0 27.8918
      vertex 104.835 2.5 28.0923
      vertex 104.835 0 28.0923
    endloop
  endfacet
  facet normal 0.607731 0 -0.794143
    outer loop
      vertex 104.835 2.5 28.0923
      vertex 104.573 0 27.8918
      vertex 104.573 2.5 27.8918
    endloop
  endfacet
  facet normal 0.676826 0 0.736143
    outer loop
      vertex 104.331 2.5 22.3307
      vertex 104.573 0 22.1082
      vertex 104.573 2.5 22.1082
    endloop
  endfacet
  facet normal 0.676826 0 0.736143
    outer loop
      vertex 104.573 0 22.1082
      vertex 104.331 2.5 22.3307
      vertex 104.331 0 22.3307
    endloop
  endfacet
  facet normal 0.991439 0 -0.130572
    outer loop
      vertex 103.282 0 25.6555
      vertex 103.239 2.5 25.329
      vertex 103.282 2.5 25.6555
    endloop
  endfacet
  facet normal 0.991439 0 -0.130572
    outer loop
      vertex 103.239 2.5 25.329
      vertex 103.282 0 25.6555
      vertex 103.239 0 25.329
    endloop
  endfacet
  facet normal 0.607731 0 0.794143
    outer loop
      vertex 104.573 2.5 22.1082
      vertex 104.835 0 21.9077
      vertex 104.835 2.5 21.9077
    endloop
  endfacet
  facet normal 0.607731 0 0.794143
    outer loop
      vertex 104.835 0 21.9077
      vertex 104.573 2.5 22.1082
      vertex 104.573 0 22.1082
    endloop
  endfacet
  facet normal 0.216544 0 0.976273
    outer loop
      vertex 106.023 2.5 21.3536
      vertex 106.344 0 21.2824
      vertex 106.344 2.5 21.2824
    endloop
  endfacet
  facet normal 0.216544 0 0.976273
    outer loop
      vertex 106.344 0 21.2824
      vertex 106.023 2.5 21.3536
      vertex 106.023 0 21.3536
    endloop
  endfacet
  facet normal 0.843361 -0 0.537347
    outer loop
      vertex 103.731 0 23.1125
      vertex 103.908 2.5 22.8347
      vertex 103.731 2.5 23.1125
    endloop
  endfacet
  facet normal 0.843361 0 0.537347
    outer loop
      vertex 103.908 2.5 22.8347
      vertex 103.731 0 23.1125
      vertex 103.908 0 22.8347
    endloop
  endfacet
  facet normal -0.843361 0 0.537347
    outer loop
      vertex 110.092 0 22.8347
      vertex 110.269 2.5 23.1125
      vertex 110.092 2.5 22.8347
    endloop
  endfacet
  facet normal -0.843361 0 0.537347
    outer loop
      vertex 110.269 2.5 23.1125
      vertex 110.092 0 22.8347
      vertex 110.269 0 23.1125
    endloop
  endfacet
  facet normal 0.887083 0 -0.461611
    outer loop
      vertex 103.731 0 26.8875
      vertex 103.579 2.5 26.5954
      vertex 103.731 2.5 26.8875
    endloop
  endfacet
  facet normal 0.887083 0 -0.461611
    outer loop
      vertex 103.579 2.5 26.5954
      vertex 103.731 0 26.8875
      vertex 103.579 0 26.5954
    endloop
  endfacet
  facet normal -0.887083 0 -0.461611
    outer loop
      vertex 110.421 0 26.5954
      vertex 110.269 2.5 26.8875
      vertex 110.421 2.5 26.5954
    endloop
  endfacet
  facet normal -0.887083 -0 -0.461611
    outer loop
      vertex 110.269 2.5 26.8875
      vertex 110.421 0 26.5954
      vertex 110.269 0 26.8875
    endloop
  endfacet
  facet normal 0.953748 0 -0.300608
    outer loop
      vertex 103.453 0 26.2911
      vertex 103.354 2.5 25.977
      vertex 103.453 2.5 26.2911
    endloop
  endfacet
  facet normal 0.953748 0 -0.300608
    outer loop
      vertex 103.354 2.5 25.977
      vertex 103.453 0 26.2911
      vertex 103.354 0 25.977
    endloop
  endfacet
  facet normal 0.300971 0 -0.953633
    outer loop
      vertex 105.709 0 28.5473
      vertex 106.023 2.5 28.6464
      vertex 106.023 0 28.6464
    endloop
  endfacet
  facet normal 0.300971 0 -0.953633
    outer loop
      vertex 106.023 2.5 28.6464
      vertex 105.709 0 28.5473
      vertex 105.709 2.5 28.5473
    endloop
  endfacet
  facet normal -0.793978 0 -0.607946
    outer loop
      vertex 110.092 0 27.1653
      vertex 109.892 2.5 27.4265
      vertex 110.092 2.5 27.1653
    endloop
  endfacet
  facet normal -0.793978 -0 -0.607946
    outer loop
      vertex 109.892 2.5 27.4265
      vertex 110.092 0 27.1653
      vertex 109.892 0 27.4265
    endloop
  endfacet
  facet normal -0.736499 0 -0.676439
    outer loop
      vertex 109.892 0 27.4265
      vertex 109.669 2.5 27.6693
      vertex 109.892 2.5 27.4265
    endloop
  endfacet
  facet normal -0.736499 -0 -0.676439
    outer loop
      vertex 109.669 2.5 27.6693
      vertex 109.892 0 27.4265
      vertex 109.669 0 27.6693
    endloop
  endfacet
  facet normal 0.953748 -0 0.300608
    outer loop
      vertex 103.354 0 24.023
      vertex 103.453 2.5 23.7089
      vertex 103.354 2.5 24.023
    endloop
  endfacet
  facet normal 0.953748 0 0.300608
    outer loop
      vertex 103.453 2.5 23.7089
      vertex 103.354 0 24.023
      vertex 103.453 0 23.7089
    endloop
  endfacet
  facet normal 0.130376 0 -0.991465
    outer loop
      vertex 106.344 0 28.7176
      vertex 106.671 2.5 28.7606
      vertex 106.671 0 28.7606
    endloop
  endfacet
  facet normal 0.130376 0 -0.991465
    outer loop
      vertex 106.671 2.5 28.7606
      vertex 106.344 0 28.7176
      vertex 106.344 2.5 28.7176
    endloop
  endfacet
  facet normal 0.461974 0 -0.886893
    outer loop
      vertex 105.113 0 28.2692
      vertex 105.405 2.5 28.4213
      vertex 105.405 0 28.4213
    endloop
  endfacet
  facet normal 0.461974 0 -0.886893
    outer loop
      vertex 105.405 2.5 28.4213
      vertex 105.113 0 28.2692
      vertex 105.113 2.5 28.2692
    endloop
  endfacet
  facet normal -0.536856 0 -0.843674
    outer loop
      vertex 108.887 0 28.2692
      vertex 109.165 2.5 28.0923
      vertex 109.165 0 28.0923
    endloop
  endfacet
  facet normal -0.536856 0 -0.843674
    outer loop
      vertex 109.165 2.5 28.0923
      vertex 108.887 0 28.2692
      vertex 108.887 2.5 28.2692
    endloop
  endfacet
  facet normal -0.130376 0 0.991465
    outer loop
      vertex 107.329 2.5 21.2394
      vertex 107.656 0 21.2824
      vertex 107.656 2.5 21.2824
    endloop
  endfacet
  facet normal -0.130376 0 0.991465
    outer loop
      vertex 107.656 0 21.2824
      vertex 107.329 2.5 21.2394
      vertex 107.329 0 21.2394
    endloop
  endfacet
  facet normal 0.923928 -0 0.382566
    outer loop
      vertex 103.453 0 23.7089
      vertex 103.579 2.5 23.4046
      vertex 103.453 2.5 23.7089
    endloop
  endfacet
  facet normal 0.923928 0 0.382566
    outer loop
      vertex 103.579 2.5 23.4046
      vertex 103.453 0 23.7089
      vertex 103.579 0 23.4046
    endloop
  endfacet
  facet normal -0.923928 0 0.382566
    outer loop
      vertex 110.421 0 23.4046
      vertex 110.547 2.5 23.7089
      vertex 110.421 2.5 23.4046
    endloop
  endfacet
  facet normal -0.923928 0 0.382566
    outer loop
      vertex 110.547 2.5 23.7089
      vertex 110.421 0 23.4046
      vertex 110.547 0 23.7089
    endloop
  endfacet
  facet normal -0.461974 0 0.886893
    outer loop
      vertex 108.595 2.5 21.5787
      vertex 108.887 0 21.7308
      vertex 108.887 2.5 21.7308
    endloop
  endfacet
  facet normal -0.461974 0 0.886893
    outer loop
      vertex 108.887 0 21.7308
      vertex 108.595 2.5 21.5787
      vertex 108.595 0 21.5787
    endloop
  endfacet
  facet normal 0.0437271 0 0.999044
    outer loop
      vertex 106.671 2.5 21.2394
      vertex 107 0 21.225
      vertex 107 2.5 21.225
    endloop
  endfacet
  facet normal 0.0437271 0 0.999044
    outer loop
      vertex 107 0 21.225
      vertex 106.671 2.5 21.2394
      vertex 106.671 0 21.2394
    endloop
  endfacet
  facet normal -0.0437271 0 0.999044
    outer loop
      vertex 107 2.5 21.225
      vertex 107.329 0 21.2394
      vertex 107.329 2.5 21.2394
    endloop
  endfacet
  facet normal -0.0437271 0 0.999044
    outer loop
      vertex 107.329 0 21.2394
      vertex 107 2.5 21.225
      vertex 107 0 21.225
    endloop
  endfacet
  facet normal -0.0437271 0 -0.999044
    outer loop
      vertex 107 0 28.775
      vertex 107.329 2.5 28.7606
      vertex 107.329 0 28.7606
    endloop
  endfacet
  facet normal -0.0437271 0 -0.999044
    outer loop
      vertex 107.329 2.5 28.7606
      vertex 107 0 28.775
      vertex 107 2.5 28.775
    endloop
  endfacet
  facet normal -0.130376 0 -0.991465
    outer loop
      vertex 107.329 0 28.7606
      vertex 107.656 2.5 28.7176
      vertex 107.656 0 28.7176
    endloop
  endfacet
  facet normal -0.130376 0 -0.991465
    outer loop
      vertex 107.656 2.5 28.7176
      vertex 107.329 0 28.7606
      vertex 107.329 2.5 28.7606
    endloop
  endfacet
  facet normal -0.676826 0 -0.736143
    outer loop
      vertex 109.427 0 27.8918
      vertex 109.669 2.5 27.6693
      vertex 109.669 0 27.6693
    endloop
  endfacet
  facet normal -0.676826 0 -0.736143
    outer loop
      vertex 109.669 2.5 27.6693
      vertex 109.427 0 27.8918
      vertex 109.427 2.5 27.8918
    endloop
  endfacet
  facet normal -0.953748 0 0.300608
    outer loop
      vertex 110.547 0 23.7089
      vertex 110.646 2.5 24.023
      vertex 110.547 2.5 23.7089
    endloop
  endfacet
  facet normal -0.953748 0 0.300608
    outer loop
      vertex 110.646 2.5 24.023
      vertex 110.547 0 23.7089
      vertex 110.646 0 24.023
    endloop
  endfacet
  facet normal -0.461974 0 -0.886893
    outer loop
      vertex 108.595 0 28.4213
      vertex 108.887 2.5 28.2692
      vertex 108.887 0 28.2692
    endloop
  endfacet
  facet normal -0.461974 0 -0.886893
    outer loop
      vertex 108.887 2.5 28.2692
      vertex 108.595 0 28.4213
      vertex 108.595 2.5 28.4213
    endloop
  endfacet
  facet normal -0.536856 0 0.843674
    outer loop
      vertex 108.887 2.5 21.7308
      vertex 109.165 0 21.9077
      vertex 109.165 2.5 21.9077
    endloop
  endfacet
  facet normal -0.536856 0 0.843674
    outer loop
      vertex 109.165 0 21.9077
      vertex 108.887 2.5 21.7308
      vertex 108.887 0 21.7308
    endloop
  endfacet
  facet normal 0.382889 0 0.923795
    outer loop
      vertex 105.405 2.5 21.5787
      vertex 105.709 0 21.4527
      vertex 105.709 2.5 21.4527
    endloop
  endfacet
  facet normal 0.382889 0 0.923795
    outer loop
      vertex 105.709 0 21.4527
      vertex 105.405 2.5 21.5787
      vertex 105.405 0 21.5787
    endloop
  endfacet
  facet normal 0.843361 0 -0.537347
    outer loop
      vertex 103.908 0 27.1653
      vertex 103.731 2.5 26.8875
      vertex 103.908 2.5 27.1653
    endloop
  endfacet
  facet normal 0.843361 0 -0.537347
    outer loop
      vertex 103.731 2.5 26.8875
      vertex 103.908 0 27.1653
      vertex 103.731 0 26.8875
    endloop
  endfacet
  facet normal 0.736499 0 -0.676439
    outer loop
      vertex 104.331 0 27.6693
      vertex 104.108 2.5 27.4265
      vertex 104.331 2.5 27.6693
    endloop
  endfacet
  facet normal 0.736499 0 -0.676439
    outer loop
      vertex 104.108 2.5 27.4265
      vertex 104.331 0 27.6693
      vertex 104.108 0 27.4265
    endloop
  endfacet
  facet normal 0.736499 -0 0.676439
    outer loop
      vertex 104.108 0 22.5735
      vertex 104.331 2.5 22.3307
      vertex 104.108 2.5 22.5735
    endloop
  endfacet
  facet normal 0.736499 0 0.676439
    outer loop
      vertex 104.331 2.5 22.3307
      vertex 104.108 0 22.5735
      vertex 104.331 0 22.3307
    endloop
  endfacet
  facet normal 0.923928 0 -0.382566
    outer loop
      vertex 103.579 0 26.5954
      vertex 103.453 2.5 26.2911
      vertex 103.579 2.5 26.5954
    endloop
  endfacet
  facet normal 0.923928 0 -0.382566
    outer loop
      vertex 103.453 2.5 26.2911
      vertex 103.579 0 26.5954
      vertex 103.453 0 26.2911
    endloop
  endfacet
  facet normal 0.999096 0 -0.0425147
    outer loop
      vertex 103.239 0 25.329
      vertex 103.225 2.5 25
      vertex 103.239 2.5 25.329
    endloop
  endfacet
  facet normal 0.999096 0 -0.0425147
    outer loop
      vertex 103.225 2.5 25
      vertex 103.239 0 25.329
      vertex 103.225 0 25
    endloop
  endfacet
  facet normal -0.676826 0 0.736143
    outer loop
      vertex 109.427 2.5 22.1082
      vertex 109.669 0 22.3307
      vertex 109.669 2.5 22.3307
    endloop
  endfacet
  facet normal -0.676826 0 0.736143
    outer loop
      vertex 109.669 0 22.3307
      vertex 109.427 2.5 22.1082
      vertex 109.427 0 22.1082
    endloop
  endfacet
  facet normal 0.536856 0 0.843674
    outer loop
      vertex 104.835 2.5 21.9077
      vertex 105.113 0 21.7308
      vertex 105.113 2.5 21.7308
    endloop
  endfacet
  facet normal 0.536856 0 0.843674
    outer loop
      vertex 105.113 0 21.7308
      vertex 104.835 2.5 21.9077
      vertex 104.835 0 21.9077
    endloop
  endfacet
  facet normal 0.887083 -0 0.461611
    outer loop
      vertex 103.579 0 23.4046
      vertex 103.731 2.5 23.1125
      vertex 103.579 2.5 23.4046
    endloop
  endfacet
  facet normal 0.887083 0 0.461611
    outer loop
      vertex 103.731 2.5 23.1125
      vertex 103.579 0 23.4046
      vertex 103.731 0 23.1125
    endloop
  endfacet
  facet normal 0.130376 0 0.991465
    outer loop
      vertex 106.344 2.5 21.2824
      vertex 106.671 0 21.2394
      vertex 106.671 2.5 21.2394
    endloop
  endfacet
  facet normal 0.130376 0 0.991465
    outer loop
      vertex 106.671 0 21.2394
      vertex 106.344 2.5 21.2824
      vertex 106.344 0 21.2824
    endloop
  endfacet
  facet normal -0.736499 0 0.676439
    outer loop
      vertex 109.669 0 22.3307
      vertex 109.892 2.5 22.5735
      vertex 109.669 2.5 22.3307
    endloop
  endfacet
  facet normal -0.736499 0 0.676439
    outer loop
      vertex 109.892 2.5 22.5735
      vertex 109.669 0 22.3307
      vertex 109.892 0 22.5735
    endloop
  endfacet
  facet normal 0.461974 0 0.886893
    outer loop
      vertex 105.113 2.5 21.7308
      vertex 105.405 0 21.5787
      vertex 105.405 2.5 21.5787
    endloop
  endfacet
  facet normal 0.461974 0 0.886893
    outer loop
      vertex 105.405 0 21.5787
      vertex 105.113 2.5 21.7308
      vertex 105.113 0 21.7308
    endloop
  endfacet
  facet normal 0 0 -1
    outer loop
      vertex 0 16.75 36.35
      vertex 2.5 23.6 36.35
      vertex 2.5 16.75 36.35
    endloop
  endfacet
  facet normal -0 0 -1
    outer loop
      vertex 2.5 23.6 36.35
      vertex 0 16.75 36.35
      vertex 0 23.6 36.35
    endloop
  endfacet
  facet normal -0 0 1
    outer loop
      vertex 0 23.6 28
      vertex 2.5 16.75 28
      vertex 2.5 23.6 28
    endloop
  endfacet
  facet normal 0 0 1
    outer loop
      vertex 2.5 16.75 28
      vertex 0 23.6 28
      vertex 0 16.75 28
    endloop
  endfacet
  facet normal 0 -1 0
    outer loop
      vertex 0 23.6 28
      vertex 2.5 23.6 36.35
      vertex 0 23.6 36.35
    endloop
  endfacet
  facet normal 0 -1 -0
    outer loop
      vertex 2.5 23.6 36.35
      vertex 0 23.6 28
      vertex 2.5 23.6 28
    endloop
  endfacet
  facet normal 0 1 -0
    outer loop
      vertex 2.5 16.75 28
      vertex 0 16.75 36.35
      vertex 2.5 16.75 36.35
    endloop
  endfacet
  facet normal 0 1 0
    outer loop
      vertex 0 16.75 36.35
      vertex 2.5 16.75 28
      vertex 0 16.75 28
    endloop
  endfacet
  facet normal 0 -0.216449 0.976294
    outer loop
      vertex 0 37.4688 8.51837
      vertex 2.5 36.9855 8.41122
      vertex 2.5 37.4688 8.51837
    endloop
  endfacet
  facet normal 0 -0.216449 0.976294
    outer loop
      vertex 2.5 36.9855 8.41122
      vertex 0 37.4688 8.51837
      vertex 0 36.9855 8.41122
    endloop
  endfacet
  facet normal 0 -0.976273 -0.216545
    outer loop
      vertex 0 41.5888 14.9855
      vertex 2.5 41.4816 15.4688
      vertex 0 41.4816 15.4688
    endloop
  endfacet
  facet normal 0 -0.976273 -0.216545
    outer loop
      vertex 2.5 41.4816 15.4688
      vertex 0 41.5888 14.9855
      vertex 2.5 41.5888 14.9855
    endloop
  endfacet
  facet normal 0 0.923852 0.38275
    outer loop
      vertex 2.5 30.8567 11.6016
      vertex 0 30.6672 12.059
      vertex 2.5 30.6672 12.059
    endloop
  endfacet
  facet normal 0 0.923852 0.38275
    outer loop
      vertex 0 30.6672 12.059
      vertex 2.5 30.8567 11.6016
      vertex 0 30.8567 11.6016
    endloop
  endfacet
  facet normal 0 -0.537333 0.84337
    outer loop
      vertex 0 39.255 9.35131
      vertex 2.5 38.8375 9.08531
      vertex 2.5 39.255 9.35131
    endloop
  endfacet
  facet normal 0 -0.537333 0.84337
    outer loop
      vertex 2.5 38.8375 9.08531
      vertex 0 39.255 9.35131
      vertex 0 38.8375 9.08531
    endloop
  endfacet
  facet normal 0 -0.0436099 0.999049
    outer loop
      vertex 0 36.4946 8.34659
      vertex 2.5 36 8.325
      vertex 2.5 36.4946 8.34659
    endloop
  endfacet
  facet normal 0 -0.0436099 0.999049
    outer loop
      vertex 2.5 36 8.325
      vertex 0 36.4946 8.34659
      vertex 0 36 8.325
    endloop
  endfacet
  facet normal 0 0.886995 0.461779
    outer loop
      vertex 2.5 31.0853 11.1625
      vertex 0 30.8567 11.6016
      vertex 2.5 30.8567 11.6016
    endloop
  endfacet
  facet normal 0 0.886995 0.461779
    outer loop
      vertex 0 30.8567 11.6016
      vertex 2.5 31.0853 11.1625
      vertex 0 31.0853 11.1625
    endloop
  endfacet
  facet normal 0 -0.84337 -0.537333
    outer loop
      vertex 0 40.9147 16.8375
      vertex 2.5 40.6487 17.255
      vertex 0 40.6487 17.255
    endloop
  endfacet
  facet normal 0 -0.84337 -0.537333
    outer loop
      vertex 2.5 40.6487 17.255
      vertex 0 40.9147 16.8375
      vertex 2.5 40.9147 16.8375
    endloop
  endfacet
  facet normal 0 0.953766 0.300551
    outer loop
      vertex 2.5 30.6672 12.059
      vertex 0 30.5184 12.5312
      vertex 2.5 30.5184 12.5312
    endloop
  endfacet
  facet normal 0 0.953766 0.300551
    outer loop
      vertex 0 30.5184 12.5312
      vertex 2.5 30.6672 12.059
      vertex 0 30.6672 12.059
    endloop
  endfacet
  facet normal 0 -0.608741 0.793369
    outer loop
      vertex 0 39.6478 9.6527
      vertex 2.5 39.255 9.35131
      vertex 2.5 39.6478 9.6527
    endloop
  endfacet
  facet normal 0 -0.608741 0.793369
    outer loop
      vertex 2.5 39.255 9.35131
      vertex 0 39.6478 9.6527
      vertex 0 39.255 9.35131
    endloop
  endfacet
  facet normal 0 -0.608754 -0.793359
    outer loop
      vertex 0 39.255 18.6487
      vertex 2.5 39.6478 18.3473
      vertex 2.5 39.255 18.6487
    endloop
  endfacet
  facet normal -0 -0.608754 -0.793359
    outer loop
      vertex 2.5 39.6478 18.3473
      vertex 0 39.255 18.6487
      vertex 0 39.6478 18.3473
    endloop
  endfacet
  facet normal 0 0.999048 0.0436301
    outer loop
      vertex 2.5 30.3466 13.5054
      vertex 0 30.325 14
      vertex 2.5 30.325 14
    endloop
  endfacet
  facet normal 0 0.999048 0.0436301
    outer loop
      vertex 0 30.325 14
      vertex 2.5 30.3466 13.5054
      vertex 0 30.3466 13.5054
    endloop
  endfacet
  facet normal 0 -0.537333 -0.84337
    outer loop
      vertex 0 38.8375 18.9147
      vertex 2.5 39.255 18.6487
      vertex 2.5 38.8375 18.9147
    endloop
  endfacet
  facet normal -0 -0.537333 -0.84337
    outer loop
      vertex 2.5 39.255 18.6487
      vertex 0 38.8375 18.9147
      vertex 0 39.255 18.6487
    endloop
  endfacet
  facet normal 0 0.976273 0.216545
    outer loop
      vertex 2.5 30.5184 12.5312
      vertex 0 30.4112 13.0145
      vertex 2.5 30.4112 13.0145
    endloop
  endfacet
  facet normal 0 0.976273 0.216545
    outer loop
      vertex 0 30.4112 13.0145
      vertex 2.5 30.5184 12.5312
      vertex 0 30.5184 12.5312
    endloop
  endfacet
  facet normal 0 -0.999048 -0.0436301
    outer loop
      vertex 0 41.675 14
      vertex 2.5 41.6534 14.4946
      vertex 0 41.6534 14.4946
    endloop
  endfacet
  facet normal 0 -0.999048 -0.0436301
    outer loop
      vertex 2.5 41.6534 14.4946
      vertex 0 41.675 14
      vertex 2.5 41.675 14
    endloop
  endfacet
  facet normal -0 0.608741 0.793369
    outer loop
      vertex 0 32.745 9.35131
      vertex 2.5 32.3522 9.6527
      vertex 2.5 32.745 9.35131
    endloop
  endfacet
  facet normal 0 0.608741 0.793369
    outer loop
      vertex 2.5 32.3522 9.6527
      vertex 0 32.745 9.35131
      vertex 0 32.3522 9.6527
    endloop
  endfacet
  facet normal 0 0.976273 -0.216545
    outer loop
      vertex 2.5 30.4112 14.9855
      vertex 0 30.5184 15.4688
      vertex 2.5 30.5184 15.4688
    endloop
  endfacet
  facet normal 0 0.976273 -0.216545
    outer loop
      vertex 0 30.5184 15.4688
      vertex 2.5 30.4112 14.9855
      vertex 0 30.4112 14.9855
    endloop
  endfacet
  facet normal 0 -0.923852 0.38275
    outer loop
      vertex 0 41.1433 11.6016
      vertex 2.5 41.3328 12.059
      vertex 0 41.3328 12.059
    endloop
  endfacet
  facet normal 0 -0.923852 0.38275
    outer loop
      vertex 2.5 41.3328 12.059
      vertex 0 41.1433 11.6016
      vertex 2.5 41.1433 11.6016
    endloop
  endfacet
  facet normal 0 -0.382681 0.92388
    outer loop
      vertex 0 38.3984 8.8567
      vertex 2.5 37.941 8.66724
      vertex 2.5 38.3984 8.8567
    endloop
  endfacet
  facet normal 0 -0.382681 0.92388
    outer loop
      vertex 2.5 37.941 8.66724
      vertex 0 38.3984 8.8567
      vertex 0 37.941 8.66724
    endloop
  endfacet
  facet normal 0 -0.793359 0.608754
    outer loop
      vertex 0 40.3473 10.3522
      vertex 2.5 40.6487 10.745
      vertex 0 40.6487 10.745
    endloop
  endfacet
  facet normal 0 -0.793359 0.608754
    outer loop
      vertex 2.5 40.6487 10.745
      vertex 0 40.3473 10.3522
      vertex 2.5 40.3473 10.3522
    endloop
  endfacet
  facet normal 0 0.923852 -0.38275
    outer loop
      vertex 2.5 30.6672 15.941
      vertex 0 30.8567 16.3984
      vertex 2.5 30.8567 16.3984
    endloop
  endfacet
  facet normal 0 0.923852 -0.38275
    outer loop
      vertex 0 30.8567 16.3984
      vertex 2.5 30.6672 15.941
      vertex 0 30.6672 15.941
    endloop
  endfacet
  facet normal 0 0.13047 -0.991452
    outer loop
      vertex 0 35.0145 19.5888
      vertex 2.5 35.5054 19.6534
      vertex 2.5 35.0145 19.5888
    endloop
  endfacet
  facet normal 0 0.13047 -0.991452
    outer loop
      vertex 2.5 35.5054 19.6534
      vertex 0 35.0145 19.5888
      vertex 0 35.5054 19.6534
    endloop
  endfacet
  facet normal 0 -0.991452 -0.13047
    outer loop
      vertex 0 41.6534 14.4946
      vertex 2.5 41.5888 14.9855
      vertex 0 41.5888 14.9855
    endloop
  endfacet
  facet normal 0 -0.991452 -0.13047
    outer loop
      vertex 2.5 41.5888 14.9855
      vertex 0 41.6534 14.4946
      vertex 2.5 41.6534 14.4946
    endloop
  endfacet
  facet normal 0 0.953766 -0.300551
    outer loop
      vertex 2.5 30.5184 15.4688
      vertex 0 30.6672 15.941
      vertex 2.5 30.6672 15.941
    endloop
  endfacet
  facet normal 0 0.953766 -0.300551
    outer loop
      vertex 0 30.6672 15.941
      vertex 2.5 30.5184 15.4688
      vertex 0 30.5184 15.4688
    endloop
  endfacet
  facet normal 0 0.999048 -0.0436301
    outer loop
      vertex 2.5 30.325 14
      vertex 0 30.3466 14.4946
      vertex 2.5 30.3466 14.4946
    endloop
  endfacet
  facet normal 0 0.999048 -0.0436301
    outer loop
      vertex 0 30.3466 14.4946
      vertex 2.5 30.325 14
      vertex 0 30.325 14
    endloop
  endfacet
  facet normal 0 -0.84337 0.537333
    outer loop
      vertex 0 40.6487 10.745
      vertex 2.5 40.9147 11.1625
      vertex 0 40.9147 11.1625
    endloop
  endfacet
  facet normal 0 -0.84337 0.537333
    outer loop
      vertex 2.5 40.9147 11.1625
      vertex 0 40.6487 10.745
      vertex 2.5 40.6487 10.745
    endloop
  endfacet
  facet normal 0 0.300551 -0.953766
    outer loop
      vertex 0 34.059 19.3328
      vertex 2.5 34.5312 19.4816
      vertex 2.5 34.059 19.3328
    endloop
  endfacet
  facet normal 0 0.300551 -0.953766
    outer loop
      vertex 2.5 34.5312 19.4816
      vertex 0 34.059 19.3328
      vertex 0 34.5312 19.4816
    endloop
  endfacet
  facet normal -0 0.0436099 0.999049
    outer loop
      vertex 0 36 8.325
      vertex 2.5 35.5054 8.34659
      vertex 2.5 36 8.325
    endloop
  endfacet
  facet normal 0 0.0436099 0.999049
    outer loop
      vertex 2.5 35.5054 8.34659
      vertex 0 36 8.325
      vertex 0 35.5054 8.34659
    endloop
  endfacet
  facet normal 0 -0.923852 -0.38275
    outer loop
      vertex 0 41.3328 15.941
      vertex 2.5 41.1433 16.3984
      vertex 0 41.1433 16.3984
    endloop
  endfacet
  facet normal 0 -0.923852 -0.38275
    outer loop
      vertex 2.5 41.1433 16.3984
      vertex 0 41.3328 15.941
      vertex 2.5 41.3328 15.941
    endloop
  endfacet
  facet normal -0 0.461795 0.886987
    outer loop
      vertex 0 33.6016 8.8567
      vertex 2.5 33.1625 9.08531
      vertex 2.5 33.6016 8.8567
    endloop
  endfacet
  facet normal 0 0.461795 0.886987
    outer loop
      vertex 2.5 33.1625 9.08531
      vertex 0 33.6016 8.8567
      vertex 0 33.1625 9.08531
    endloop
  endfacet
  facet normal 0 0.84337 -0.537333
    outer loop
      vertex 2.5 31.0853 16.8375
      vertex 0 31.3513 17.255
      vertex 2.5 31.3513 17.255
    endloop
  endfacet
  facet normal 0 0.84337 -0.537333
    outer loop
      vertex 0 31.3513 17.255
      vertex 2.5 31.0853 16.8375
      vertex 0 31.0853 16.8375
    endloop
  endfacet
  facet normal -0 0.13053 0.991444
    outer loop
      vertex 0 35.5054 8.34659
      vertex 2.5 35.0145 8.41122
      vertex 2.5 35.5054 8.34659
    endloop
  endfacet
  facet normal 0 0.13053 0.991444
    outer loop
      vertex 2.5 35.0145 8.41122
      vertex 0 35.5054 8.34659
      vertex 0 35.0145 8.41122
    endloop
  endfacet
  facet normal 0 0.38275 -0.923852
    outer loop
      vertex 0 33.6016 19.1433
      vertex 2.5 34.059 19.3328
      vertex 2.5 33.6016 19.1433
    endloop
  endfacet
  facet normal 0 0.38275 -0.923852
    outer loop
      vertex 2.5 34.059 19.3328
      vertex 0 33.6016 19.1433
      vertex 0 34.059 19.3328
    endloop
  endfacet
  facet normal 0 -0.13053 0.991444
    outer loop
      vertex 0 36.9855 8.41122
      vertex 2.5 36.4946 8.34659
      vertex 2.5 36.9855 8.41122
    endloop
  endfacet
  facet normal 0 -0.13053 0.991444
    outer loop
      vertex 2.5 36.4946 8.34659
      vertex 0 36.9855 8.41122
      vertex 0 36.4946 8.34659
    endloop
  endfacet
  facet normal 0 -0.30068 0.953725
    outer loop
      vertex 0 37.941 8.66724
      vertex 2.5 37.4688 8.51837
      vertex 2.5 37.941 8.66724
    endloop
  endfacet
  facet normal 0 -0.30068 0.953725
    outer loop
      vertex 2.5 37.4688 8.51837
      vertex 0 37.941 8.66724
      vertex 0 37.4688 8.51837
    endloop
  endfacet
  facet normal 0 -0.216545 -0.976273
    outer loop
      vertex 0 36.9855 19.5888
      vertex 2.5 37.4688 19.4816
      vertex 2.5 36.9855 19.5888
    endloop
  endfacet
  facet normal -0 -0.216545 -0.976273
    outer loop
      vertex 2.5 37.4688 19.4816
      vertex 0 36.9855 19.5888
      vertex 0 37.4688 19.4816
    endloop
  endfacet
  facet normal 0 -0.793359 -0.608754
    outer loop
      vertex 0 40.6487 17.255
      vertex 2.5 40.3473 17.6478
      vertex 0 40.3473 17.6478
    endloop
  endfacet
  facet normal 0 -0.793359 -0.608754
    outer loop
      vertex 2.5 40.3473 17.6478
      vertex 0 40.6487 17.255
      vertex 2.5 40.6487 17.255
    endloop
  endfacet
  facet normal 0 0.737238 -0.675633
    outer loop
      vertex 2.5 31.6527 17.6478
      vertex 0 31.9872 18.0128
      vertex 2.5 31.9872 18.0128
    endloop
  endfacet
  facet normal 0 0.737238 -0.675633
    outer loop
      vertex 0 31.9872 18.0128
      vertex 2.5 31.6527 17.6478
      vertex 0 31.6527 17.6478
    endloop
  endfacet
  facet normal 0 -0.953766 0.300551
    outer loop
      vertex 0 41.3328 12.059
      vertex 2.5 41.4816 12.5312
      vertex 0 41.4816 12.5312
    endloop
  endfacet
  facet normal 0 -0.953766 0.300551
    outer loop
      vertex 2.5 41.4816 12.5312
      vertex 0 41.3328 12.059
      vertex 2.5 41.3328 12.059
    endloop
  endfacet
  facet normal -0 0.30068 0.953725
    outer loop
      vertex 0 34.5312 8.51837
      vertex 2.5 34.059 8.66724
      vertex 2.5 34.5312 8.51837
    endloop
  endfacet
  facet normal 0 0.30068 0.953725
    outer loop
      vertex 2.5 34.059 8.66724
      vertex 0 34.5312 8.51837
      vertex 0 34.059 8.66724
    endloop
  endfacet
  facet normal 0 -0.461779 -0.886995
    outer loop
      vertex 0 38.3984 19.1433
      vertex 2.5 38.8375 18.9147
      vertex 2.5 38.3984 19.1433
    endloop
  endfacet
  facet normal -0 -0.461779 -0.886995
    outer loop
      vertex 2.5 38.8375 18.9147
      vertex 0 38.3984 19.1433
      vertex 0 38.8375 18.9147
    endloop
  endfacet
  facet normal 0 -0.737266 0.675603
    outer loop
      vertex 0 40.0128 9.98717
      vertex 2.5 40.3473 10.3522
      vertex 0 40.3473 10.3522
    endloop
  endfacet
  facet normal 0 -0.737266 0.675603
    outer loop
      vertex 2.5 40.3473 10.3522
      vertex 0 40.0128 9.98717
      vertex 2.5 40.0128 9.98717
    endloop
  endfacet
  facet normal 0 -0.953766 -0.300551
    outer loop
      vertex 0 41.4816 15.4688
      vertex 2.5 41.3328 15.941
      vertex 0 41.3328 15.941
    endloop
  endfacet
  facet normal 0 -0.953766 -0.300551
    outer loop
      vertex 2.5 41.3328 15.941
      vertex 0 41.4816 15.4688
      vertex 2.5 41.4816 15.4688
    endloop
  endfacet
  facet normal 0 0.991452 0.13047
    outer loop
      vertex 2.5 30.4112 13.0145
      vertex 0 30.3466 13.5054
      vertex 2.5 30.3466 13.5054
    endloop
  endfacet
  facet normal 0 0.991452 0.13047
    outer loop
      vertex 0 30.3466 13.5054
      vertex 2.5 30.4112 13.0145
      vertex 0 30.4112 13.0145
    endloop
  endfacet
  facet normal -0 0.537333 0.84337
    outer loop
      vertex 0 33.1625 9.08531
      vertex 2.5 32.745 9.35131
      vertex 2.5 33.1625 9.08531
    endloop
  endfacet
  facet normal 0 0.537333 0.84337
    outer loop
      vertex 2.5 32.745 9.35131
      vertex 0 33.1625 9.08531
      vertex 0 32.745 9.35131
    endloop
  endfacet
  facet normal -0 0.382681 0.92388
    outer loop
      vertex 0 34.059 8.66724
      vertex 2.5 33.6016 8.8567
      vertex 2.5 34.059 8.66724
    endloop
  endfacet
  facet normal 0 0.382681 0.92388
    outer loop
      vertex 2.5 33.6016 8.8567
      vertex 0 34.059 8.66724
      vertex 0 33.6016 8.8567
    endloop
  endfacet
  facet normal 0 -0.886995 0.461779
    outer loop
      vertex 0 40.9147 11.1625
      vertex 2.5 41.1433 11.6016
      vertex 0 41.1433 11.6016
    endloop
  endfacet
  facet normal 0 -0.886995 0.461779
    outer loop
      vertex 2.5 41.1433 11.6016
      vertex 0 40.9147 11.1625
      vertex 2.5 40.9147 11.1625
    endloop
  endfacet
  facet normal 0 -0.886995 -0.461779
    outer loop
      vertex 0 41.1433 16.3984
      vertex 2.5 40.9147 16.8375
      vertex 0 40.9147 16.8375
    endloop
  endfacet
  facet normal 0 -0.886995 -0.461779
    outer loop
      vertex 2.5 40.9147 16.8375
      vertex 0 41.1433 16.3984
      vertex 2.5 41.1433 16.3984
    endloop
  endfacet
  facet normal 0 -0.461795 0.886987
    outer loop
      vertex 0 38.8375 9.08531
      vertex 2.5 38.3984 8.8567
      vertex 2.5 38.8375 9.08531
    endloop
  endfacet
  facet normal 0 -0.461795 0.886987
    outer loop
      vertex 2.5 38.3984 8.8567
      vertex 0 38.8375 9.08531
      vertex 0 38.3984 8.8567
    endloop
  endfacet
  facet normal 0 -0.999048 0.0436301
    outer loop
      vertex 0 41.6534 13.5054
      vertex 2.5 41.675 14
      vertex 0 41.675 14
    endloop
  endfacet
  facet normal 0 -0.999048 0.0436301
    outer loop
      vertex 2.5 41.675 14
      vertex 0 41.6534 13.5054
      vertex 2.5 41.6534 13.5054
    endloop
  endfacet
  facet normal 0 -0.675633 -0.737238
    outer loop
      vertex 0 39.6478 18.3473
      vertex 2.5 40.0128 18.0128
      vertex 2.5 39.6478 18.3473
    endloop
  endfacet
  facet normal -0 -0.675633 -0.737238
    outer loop
      vertex 2.5 40.0128 18.0128
      vertex 0 39.6478 18.3473
      vertex 0 40.0128 18.0128
    endloop
  endfacet
  facet normal 0 -0.300551 -0.953766
    outer loop
      vertex 0 37.4688 19.4816
      vertex 2.5 37.941 19.3328
      vertex 2.5 37.4688 19.4816
    endloop
  endfacet
  facet normal -0 -0.300551 -0.953766
    outer loop
      vertex 2.5 37.941 19.3328
      vertex 0 37.4688 19.4816
      vertex 0 37.941 19.3328
    endloop
  endfacet
  facet normal 0 0.216545 -0.976273
    outer loop
      vertex 0 34.5312 19.4816
      vertex 2.5 35.0145 19.5888
      vertex 2.5 34.5312 19.4816
    endloop
  endfacet
  facet normal 0 0.216545 -0.976273
    outer loop
      vertex 2.5 35.0145 19.5888
      vertex 0 34.5312 19.4816
      vertex 0 35.0145 19.5888
    endloop
  endfacet
  facet normal 0 -0.991452 0.13047
    outer loop
      vertex 0 41.5888 13.0145
      vertex 2.5 41.6534 13.5054
      vertex 0 41.6534 13.5054
    endloop
  endfacet
  facet normal 0 -0.991452 0.13047
    outer loop
      vertex 2.5 41.6534 13.5054
      vertex 0 41.5888 13.0145
      vertex 2.5 41.5888 13.0145
    endloop
  endfacet
  facet normal 0 0.537333 -0.84337
    outer loop
      vertex 0 32.745 18.6487
      vertex 2.5 33.1625 18.9147
      vertex 2.5 32.745 18.6487
    endloop
  endfacet
  facet normal 0 0.537333 -0.84337
    outer loop
      vertex 2.5 33.1625 18.9147
      vertex 0 32.745 18.6487
      vertex 0 33.1625 18.9147
    endloop
  endfacet
  facet normal 0 0.793359 0.608754
    outer loop
      vertex 2.5 31.6527 10.3522
      vertex 0 31.3513 10.745
      vertex 2.5 31.3513 10.745
    endloop
  endfacet
  facet normal 0 0.793359 0.608754
    outer loop
      vertex 0 31.3513 10.745
      vertex 2.5 31.6527 10.3522
      vertex 0 31.6527 10.3522
    endloop
  endfacet
  facet normal -0 0.216449 0.976294
    outer loop
      vertex 0 35.0145 8.41122
      vertex 2.5 34.5312 8.51837
      vertex 2.5 35.0145 8.41122
    endloop
  endfacet
  facet normal 0 0.216449 0.976294
    outer loop
      vertex 2.5 34.5312 8.51837
      vertex 0 35.0145 8.41122
      vertex 0 34.5312 8.51837
    endloop
  endfacet
  facet normal 0 0.84337 0.537333
    outer loop
      vertex 2.5 31.3513 10.745
      vertex 0 31.0853 11.1625
      vertex 2.5 31.0853 11.1625
    endloop
  endfacet
  facet normal 0 0.84337 0.537333
    outer loop
      vertex 0 31.0853 11.1625
      vertex 2.5 31.3513 10.745
      vertex 0 31.3513 10.745
    endloop
  endfacet
  facet normal 0 0.793359 -0.608754
    outer loop
      vertex 2.5 31.3513 17.255
      vertex 0 31.6527 17.6478
      vertex 2.5 31.6527 17.6478
    endloop
  endfacet
  facet normal 0 0.793359 -0.608754
    outer loop
      vertex 0 31.6527 17.6478
      vertex 2.5 31.3513 17.255
      vertex 0 31.3513 17.255
    endloop
  endfacet
  facet normal 0 -0.6756 0.737268
    outer loop
      vertex 0 40.0128 9.98717
      vertex 2.5 39.6478 9.6527
      vertex 2.5 40.0128 9.98717
    endloop
  endfacet
  facet normal 0 -0.6756 0.737268
    outer loop
      vertex 2.5 39.6478 9.6527
      vertex 0 40.0128 9.98717
      vertex 0 39.6478 9.6527
    endloop
  endfacet
  facet normal 0 0.675633 -0.737238
    outer loop
      vertex 0 31.9872 18.0128
      vertex 2.5 32.3522 18.3473
      vertex 2.5 31.9872 18.0128
    endloop
  endfacet
  facet normal 0 0.675633 -0.737238
    outer loop
      vertex 2.5 32.3522 18.3473
      vertex 0 31.9872 18.0128
      vertex 0 32.3522 18.3473
    endloop
  endfacet
  facet normal 0 0.461779 -0.886995
    outer loop
      vertex 0 33.1625 18.9147
      vertex 2.5 33.6016 19.1433
      vertex 2.5 33.1625 18.9147
    endloop
  endfacet
  facet normal 0 0.461779 -0.886995
    outer loop
      vertex 2.5 33.6016 19.1433
      vertex 0 33.1625 18.9147
      vertex 0 33.6016 19.1433
    endloop
  endfacet
  facet normal 0 -0.0436301 -0.999048
    outer loop
      vertex 0 36 19.675
      vertex 2.5 36.4946 19.6534
      vertex 2.5 36 19.675
    endloop
  endfacet
  facet normal -0 -0.0436301 -0.999048
    outer loop
      vertex 2.5 36.4946 19.6534
      vertex 0 36 19.675
      vertex 0 36.4946 19.6534
    endloop
  endfacet
  facet normal 0 0.0436301 -0.999048
    outer loop
      vertex 0 35.5054 19.6534
      vertex 2.5 36 19.675
      vertex 2.5 35.5054 19.6534
    endloop
  endfacet
  facet normal 0 0.0436301 -0.999048
    outer loop
      vertex 2.5 36 19.675
      vertex 0 35.5054 19.6534
      vertex 0 36 19.675
    endloop
  endfacet
  facet normal 0 -0.737238 -0.675633
    outer loop
      vertex 0 40.3473 17.6478
      vertex 2.5 40.0128 18.0128
      vertex 0 40.0128 18.0128
    endloop
  endfacet
  facet normal 0 -0.737238 -0.675633
    outer loop
      vertex 2.5 40.0128 18.0128
      vertex 0 40.3473 17.6478
      vertex 2.5 40.3473 17.6478
    endloop
  endfacet
  facet normal 0 0.886995 -0.461779
    outer loop
      vertex 2.5 30.8567 16.3984
      vertex 0 31.0853 16.8375
      vertex 2.5 31.0853 16.8375
    endloop
  endfacet
  facet normal 0 0.886995 -0.461779
    outer loop
      vertex 0 31.0853 16.8375
      vertex 2.5 30.8567 16.3984
      vertex 0 30.8567 16.3984
    endloop
  endfacet
  facet normal 0 0.608754 -0.793359
    outer loop
      vertex 0 32.3522 18.3473
      vertex 2.5 32.745 18.6487
      vertex 2.5 32.3522 18.3473
    endloop
  endfacet
  facet normal 0 0.608754 -0.793359
    outer loop
      vertex 2.5 32.745 18.6487
      vertex 0 32.3522 18.3473
      vertex 0 32.745 18.6487
    endloop
  endfacet
  facet normal 0 0.737266 0.675603
    outer loop
      vertex 2.5 31.9872 9.98717
      vertex 0 31.6527 10.3522
      vertex 2.5 31.6527 10.3522
    endloop
  endfacet
  facet normal 0 0.737266 0.675603
    outer loop
      vertex 0 31.6527 10.3522
      vertex 2.5 31.9872 9.98717
      vertex 0 31.9872 9.98717
    endloop
  endfacet
  facet normal 0 -0.13047 -0.991452
    outer loop
      vertex 0 36.4946 19.6534
      vertex 2.5 36.9855 19.5888
      vertex 2.5 36.4946 19.6534
    endloop
  endfacet
  facet normal -0 -0.13047 -0.991452
    outer loop
      vertex 2.5 36.9855 19.5888
      vertex 0 36.4946 19.6534
      vertex 0 36.9855 19.5888
    endloop
  endfacet
  facet normal -0 0.6756 0.737268
    outer loop
      vertex 0 32.3522 9.6527
      vertex 2.5 31.9872 9.98717
      vertex 2.5 32.3522 9.6527
    endloop
  endfacet
  facet normal 0 0.6756 0.737268
    outer loop
      vertex 2.5 31.9872 9.98717
      vertex 0 32.3522 9.6527
      vertex 0 31.9872 9.98717
    endloop
  endfacet
  facet normal 0 -0.976273 0.216545
    outer loop
      vertex 0 41.4816 12.5312
      vertex 2.5 41.5888 13.0145
      vertex 0 41.5888 13.0145
    endloop
  endfacet
  facet normal 0 -0.976273 0.216545
    outer loop
      vertex 2.5 41.5888 13.0145
      vertex 0 41.4816 12.5312
      vertex 2.5 41.4816 12.5312
    endloop
  endfacet
  facet normal 0 0.991452 -0.13047
    outer loop
      vertex 2.5 30.3466 14.4946
      vertex 0 30.4112 14.9855
      vertex 2.5 30.4112 14.9855
    endloop
  endfacet
  facet normal 0 0.991452 -0.13047
    outer loop
      vertex 0 30.4112 14.9855
      vertex 2.5 30.3466 14.4946
      vertex 0 30.3466 14.4946
    endloop
  endfacet
  facet normal 0 -0.38275 -0.923852
    outer loop
      vertex 0 37.941 19.3328
      vertex 2.5 38.3984 19.1433
      vertex 2.5 37.941 19.3328
    endloop
  endfacet
  facet normal -0 -0.38275 -0.923852
    outer loop
      vertex 2.5 38.3984 19.1433
      vertex 0 37.941 19.3328
      vertex 0 38.3984 19.1433
    endloop
  endfacet
  facet normal 0 0 -1
    outer loop
      vertex 0 56.75 22.6
      vertex 2.5 69.6 22.6
      vertex 2.5 56.75 22.6
    endloop
  endfacet
  facet normal -0 0 -1
    outer loop
      vertex 2.5 69.6 22.6
      vertex 0 56.75 22.6
      vertex 0 69.6 22.6
    endloop
  endfacet
  facet normal -0 0 1
    outer loop
      vertex 0 69.6 10.75
      vertex 2.5 56.75 10.75
      vertex 2.5 69.6 10.75
    endloop
  endfacet
  facet normal 0 0 1
    outer loop
      vertex 2.5 56.75 10.75
      vertex 0 69.6 10.75
      vertex 0 56.75 10.75
    endloop
  endfacet
  facet normal 0 -1 0
    outer loop
      vertex 0 69.6 10.75
      vertex 2.5 69.6 22.6
      vertex 0 69.6 22.6
    endloop
  endfacet
  facet normal 0 -1 -0
    outer loop
      vertex 2.5 69.6 22.6
      vertex 0 69.6 10.75
      vertex 2.5 69.6 10.75
    endloop
  endfacet
  facet normal 0 1 -0
    outer loop
      vertex 2.5 56.75 10.75
      vertex 0 56.75 22.6
      vertex 2.5 56.75 22.6
    endloop
  endfacet
  facet normal 0 1 0
    outer loop
      vertex 0 56.75 22.6
      vertex 2.5 56.75 10.75
      vertex 0 56.75 10.75
    endloop
  endfacet
endsolid OpenSCAD_Model
